Date,AGRO,ALUA,BBAR,BMA,BYMA,CEPU,COME,CRES,CVH,EDN,GGAL,HARG,LOMA,MIRG,PAMP,SUPV,TECO2,TGNO4,TGSU2,TRAN,TXAR,VALO,YPFD
2020-01-02,4.215432167053223,29.156307220458984,102.45903778076172,207.85450744628906,2.8588459491729736,31.61541748046875,0.6660041809082031,35.4566535949707,319.885986328125,22.700000762939453,90.83899688720703,53.139102935791016,98.41947937011719,764.1671752929688,48.25,46.6083984375,163.31776428222656,31.458097457885742,101.57132720947266,18.606115341186523,21.004026412963867,11.603726387023926,83.78500366210938
2020-01-03,4.172197341918945,27.516265869140625,99.17888641357422,205.7961883544922,2.84078049659729,29.562467575073242,0.6394822001457214,34.859867095947266,315.436279296875,21.75,89.21424865722656,62.859676361083984,97.27851867675781,780.638427734375,48.45000076293945,46.058074951171875,162.86936950683594,30.9150447845459,101.47541046142578,18.31252670288086,20.045507431030273,11.689364433288574,84.16000366210938
2020-01-06,4.2586669921875,28.1540584564209,103.82273864746094,212.0474395751953,2.800133228302002,30.976720809936523,0.6630572080612183,35.56197738647461,320.8748474121094,22.950000762939453,92.2422103881836,62.859676361083984,99.34916687011719,807.591552734375,48.400001525878906,47.75138473510742,167.10427856445312,31.768407821655273,103.10592651367188,19.119892120361328,20.420581817626953,12.331636428833008,86.08000183105469
2020-01-07,4.280284881591797,27.971834182739258,104.81781768798828,209.18861389160156,2.800133228302002,30.70299530029297,0.648323118686676,36.439613342285156,309.0088806152344,22.75,91.57755279541016,62.859676361083984,97.6165771484375,816.5758056640625,47.54999923706055,46.058074951171875,167.55267333984375,32.31146240234375,103.72935485839844,19.450178146362305,20.503929138183594,12.75981616973877,83.79000091552734
2020-01-08,4.237049102783203,27.2429256439209,105.18637084960938,212.65737915039062,2.7007734775543213,30.109920501708984,0.6335883140563965,35.00028610229492,316.42510986328125,22.5,92.98074340820312,62.859676361083984,96.34883117675781,803.5985107421875,46.20000076293945,45.88874053955078,169.744873046875,32.3890380859375,101.85905456542969,19.22998809814453,20.212207794189453,13.102360725402832,84.33000183105469
2020-01-09,4.237049102783203,26.832916259765625,111.00960540771484,220.24270629882812,2.7323880195617676,32.02600860595703,0.6542171835899353,34.78965759277344,316.42510986328125,22.950000762939453,96.2671890258789,62.859676361083984,98.7575454711914,820.5689086914062,48.20000076293945,48.64037322998047,171.18971252441406,32.27267074584961,105.12008666992188,19.450178146362305,20.08718490600586,13.359271049499512,85.3949966430664
2020-01-10,4.2586669921875,26.559572219848633,115.35857391357422,223.4446258544922,2.7459375858306885,32.39097595214844,0.6954739093780518,36.12366485595703,353.01177978515625,23.450000762939453,98.9258804321289,62.859676361083984,99.05335998535156,868.4852905273438,48.349998474121094,50.545345306396484,174.3783416748047,33.47513961791992,107.51789855957031,19.156591415405273,20.045507431030273,13.530545234680176,85.80500030517578
2020-01-13,4.734254360198975,26.422903060913086,112.59439086914062,215.85923767089844,2.709806442260742,32.02600860595703,0.730836808681488,37.21194076538086,373.77716064453125,23.600000381469727,93.97775268554688,62.859676361083984,96.77140808105469,904.422607421875,47.5,48.55570602416992,178.56341552734375,34.44487380981445,105.9832992553711,19.193288803100586,19.253690719604492,13.616180419921875,85.26499938964844
2020-01-14,5.253077030181885,28.60962677001953,109.20364379882812,209.4173583984375,2.642061710357666,30.794239044189453,0.7337838411331177,35.56197738647461,371.79949951171875,23.149999618530273,92.79612731933594,62.859676361083984,97.6165771484375,944.8522338867188,46.04999923706055,46.94706344604492,183.545654296875,33.78544998168945,101.33154296875,18.385921478271484,20.337230682373047,13.102360725402832,85.28500366210938
2020-01-15,5.5989580154418945,29.794103622436523,103.67528533935547,200.9552764892578,2.619479179382324,29.47122573852539,0.748518705368042,36.33430480957031,392.07049560546875,22.850000381469727,90.21126556396484,62.859676361083984,97.4052734375,962.82080078125,46.400001525878906,44.95742416381836,179.31076049804688,33.74666213989258,102.14679718017578,18.606115341186523,20.795654296875,12.588544845581055,85.58000183105469
2020-01-16,5.728663444519043,31.70748519897461,107.1397476196289,206.5585174560547,2.682708978652954,30.520509719848633,0.7779875993728638,36.19388198852539,418.2744445800781,23.25,92.98074340820312,62.859676361083984,100.70143127441406,973.3023681640625,46.900001525878906,46.56606674194336,181.85169982910156,33.59150695800781,105.07212829589844,20.367639541625977,21.962543487548828,12.75981616973877,86.0199966430664
2020-01-17,5.555723190307617,30.523008346557617,108.83509063720703,203.50912475585938,2.750453472137451,30.292404174804688,0.7514656186103821,35.21092224121094,421.2409362792969,23.700000762939453,93.35002136230469,62.859676361083984,101.20852661132812,970.3077392578125,48.400001525878906,45.88874053955078,189.27523803710938,34.638816833496094,106.07920837402344,21.76218032836914,22.087566375732422,12.288817405700684,82.9800033569336
2020-01-20,5.663811206817627,30.47745132446289,110.23561096191406,211.0182342529297,2.750453472137451,31.159208297729492,0.772093653678894,35.80772018432617,413.82470703125,24.700000762939453,94.60551452636719,62.859676361083984,103.11014556884766,948.8450927734375,49.29999923706055,47.11639404296875,194.3072967529297,34.755184173583984,104.44869995117188,22.569547653198242,22.170917510986328,12.417271614074707,85.32499694824219
2020-01-21,5.404399871826172,30.34078025817871,105.40751647949219,202.36561584472656,2.759486198425293,29.288738250732422,0.7514656186103821,34.57902145385742,393.059326171875,23.399999618530273,91.35598754882812,62.859676361083984,100.8704605102539,903.4243774414062,46.79999923706055,44.91508865356445,192.06529235839844,33.319984436035156,101.71519470214844,21.798879623413086,21.462448120117188,12.374452590942383,81.0199966430664
2020-01-22,5.253077030181885,29.611875534057617,108.06112670898438,209.76036071777344,2.7369048595428467,30.201160430908203,0.7544118165969849,35.49177169799805,390.5872497558594,23.549999237060547,92.0206527709961,62.859676361083984,101.16626739501953,888.4505004882812,48.349998474121094,45.4230842590332,190.81973266601562,34.36729049682617,101.71519470214844,22.01906967163086,21.170724868774414,12.331636428833008,82.54499816894531
2020-01-23,5.166606426239014,30.06744384765625,103.15931701660156,202.0606689453125,2.6917407512664795,29.015012741088867,0.7426247000694275,35.983245849609375,391.0816650390625,23.149999618530273,89.6573715209961,62.859676361083984,99.64497375488281,870.4818115234375,46.54999923706055,44.6187629699707,189.7236328125,33.74666213989258,100.85198211669922,22.165864944458008,20.753976821899414,12.717000961303711,81.0199966430664
2020-01-24,4.950430393218994,30.11299705505371,96.23043823242188,192.18821716308594,2.6465775966644287,27.965730667114258,0.7190489768981934,35.8779296875,370.3162536621094,22.149999618530273,86.59246826171875,62.859676361083984,99.85625457763672,823.0645141601562,45.0,43.13711166381836,190.6204376220703,31.535676956176758,99.26942443847656,21.02821159362793,19.92048454284668,12.24599838256836,79.63999938964844
2020-01-27,4.863959789276123,31.616378784179688,93.50311279296875,189.48193359375,2.551734447479248,29.197498321533203,0.6895799040794373,34.6141242980957,354.98944091796875,21.700000762939453,84.70922088623047,62.859676361083984,99.43368530273438,778.6420288085938,45.0,41.824798583984375,188.72718811035156,30.41078758239746,99.60511779785156,20.661226272583008,20.295557022094727,11.560906410217285,79.42500305175781
2020-01-28,5.253077030181885,31.570810317993164,97.07809448242188,201.41265869140625,2.6510939598083496,30.24678611755371,0.7072610259056091,36.08856201171875,376.24920654296875,22.950000762939453,90.0266342163086,62.859676361083984,103.11014556884766,823.5635986328125,46.599998474121094,44.11076354980469,190.32150268554688,31.186569213867188,99.98876953125,21.65208625793457,20.08718490600586,12.074725151062012,79.55500030517578
2020-01-29,5.080136299133301,30.158554077148438,96.1935806274414,200.4978485107422,2.642061710357666,29.562467575073242,0.7102080583572388,35.4566535949707,370.3162536621094,22.850000381469727,90.39590454101562,62.859676361083984,98.88432312011719,835.0435791015625,45.20000076293945,43.22177505493164,187.93003845214844,31.07020378112793,99.22146606445312,21.101608276367188,19.37871551513672,12.074725151062012,79.83999633789062
2020-01-30,5.209841728210449,29.65743064880371,97.29924011230469,200.99334716796875,2.4885058403015137,29.379981994628906,0.7013679146766663,33.87691116333008,363.8888854980469,22.549999237060547,91.7252426147461,62.859676361083984,99.64497375488281,843.52880859375,45.70000076293945,43.09477996826172,188.72718811035156,31.07020378112793,98.59803771972656,21.101608276367188,19.17034339904785,12.588544845581055,80.61000061035156
2020-01-31,5.1017537117004395,29.70298957824707,97.44666290283203,200.80279541015625,2.389146089553833,28.69566535949707,0.7013679146766663,33.947120666503906,357.9559020996094,22.0,90.24818420410156,62.859676361083984,98.7575454711914,823.5635986328125,45.0,42.88311004638672,189.8232879638672,30.64352035522461,100.03672790527344,21.505290985107422,19.753786087036133,12.545727729797363,78.72000122070312
2020-02-03,5.144988059997559,29.70298957824707,101.7956771850586,213.45777893066406,2.4117276668548584,29.92743682861328,0.7043148279190063,33.596065521240234,363.39447021484375,23.0,94.19931030273438,62.859676361083984,100.1943359375,833.546142578125,48.29999923706055,45.253753662109375,193.80906677246094,31.49687957763672,103.58548736572266,21.872276306152344,19.628761291503906,12.888273239135742,81.56500244140625
2020-02-04,5.036900997161865,29.247419357299805,97.70467376708984,209.60792541503906,2.389146089553833,29.197498321533203,0.7072610259056091,32.85884475708008,375.7547912597656,22.799999237060547,93.2761459350586,62.859676361083984,103.65950012207031,838.0382080078125,46.900001525878906,45.38074493408203,195.30374145507812,30.604734420776367,102.0029296875,21.505290985107422,19.17034339904785,12.845455169677734,81.29499816894531
2020-02-05,4.972047805786133,28.92852210998535,99.43688201904297,208.655029296875,2.3665642738342285,28.60442352294922,0.7072610259056091,31.489730834960938,370.8106689453125,22.25,92.13143920898438,62.859676361083984,102.72982025146484,822.5654907226562,46.29999923706055,45.8040771484375,193.41050720214844,29.790157318115234,100.56423950195312,21.02821159362793,18.836944580078125,12.80263614654541,82.59500122070312
2020-02-06,4.972047805786133,29.065195083618164,100.21085357666016,209.60792541503906,2.348498582839966,27.82886505126953,0.7043148279190063,30.296140670776367,367.84417724609375,22.100000381469727,92.16837310791016,62.859676361083984,103.95531463623047,831.5496215820312,46.95000076293945,45.08441925048828,199.28953552246094,29.36347198486328,100.85198211669922,21.064910888671875,19.086990356445312,12.588544845581055,82.88999938964844
2020-02-07,4.9071946144104,29.110754013061523,102.56961059570312,212.92408752441406,2.4343090057373047,28.056970596313477,0.7013679146766663,30.5418758392334,371.3050842285156,22.450000762939453,93.60848236083984,62.859676361083984,99.56045532226562,818.5722045898438,47.0,45.29608154296875,200.8838653564453,29.32468605041504,100.27650451660156,20.441038131713867,19.795461654663086,12.24599838256836,81.8499984741211
2020-02-10,4.863959789276123,27.971834182739258,101.6482162475586,212.3523712158203,2.4930219650268555,28.513181686401367,0.6895799040794373,30.99825096130371,360.427978515625,22.149999618530273,93.35002136230469,62.859676361083984,99.18012237548828,801.6019897460938,46.5,44.87275314331055,199.28953552246094,29.169527053833008,101.09175872802734,19.92725944519043,19.587087631225586,12.24599838256836,82.62000274658203
2020-02-11,4.6477837562561035,26.787357330322266,98.88404846191406,203.85218811035156,2.461407423019409,27.965730667114258,0.6689512133598328,29.6993408203125,344.6067199707031,21.350000381469727,90.69129943847656,62.859676361083984,95.4614028930664,793.11669921875,45.400001525878906,42.67144775390625,193.06173706054688,28.122217178344727,99.74898529052734,18.936399459838867,19.50373649597168,11.90345287322998,79.5199966430664
2020-02-12,4.626166820526123,27.060699462890625,99.10517120361328,206.10108947753906,2.619479179382324,28.102590560913086,0.6777921319007874,29.839767456054688,348.56201171875,21.399999618530273,90.28511810302734,62.859676361083984,95.37688446044922,792.6174926757812,45.45000076293945,42.7561149597168,195.25392150878906,28.19979476928711,100.66014862060547,19.009798049926758,19.295364379882812,11.860635757446289,78.94000244140625
2020-02-13,4.431607723236084,25.83066749572754,92.17630004882812,199.7736358642578,2.592381715774536,27.190168380737305,0.648323118686676,29.172758102416992,345.10113525390625,21.200000762939453,85.44774627685547,62.859676361083984,92.67235565185547,776.1464233398438,44.04999923706055,40.851139068603516,192.61334228515625,26.221542358398438,98.98168182373047,18.569416046142578,19.42038917541504,11.518088340759277,76.66000366210938
2020-02-14,4.518078327178955,26.787357330322266,91.10748291015625,199.12564086914062,2.7007734775543213,27.007686614990234,0.648323118686676,28.33022117614746,335.2128601074219,21.399999618530273,86.186279296875,62.859676361083984,91.7004165649414,783.1341552734375,42.75,41.27446746826172,186.9833984375,25.872438430786133,98.78986358642578,18.1290340423584,19.92048454284668,11.475271224975586,77.65499877929688
2020-02-17,4.496460437774658,27.880720138549805,91.91829681396484,202.40371704101562,2.7640020847320557,26.91644287109375,0.6660041809082031,28.08448028564453,329.7742919921875,21.149999618530273,87.1463623046875,62.859676361083984,95.9262466430664,783.6332397460938,43.79999923706055,41.7824592590332,192.41404724121094,26.3767032623291,98.07051849365234,18.349224090576172,20.170534133911133,11.946271896362305,78.5199966430664
2020-02-18,4.388372898101807,26.787357330322266,89.41210174560547,194.55152893066406,2.7052905559539795,26.36899185180664,0.6512701511383057,28.33022117614746,320.3804016113281,20.75,83.19522857666016,62.859676361083984,91.65814971923828,780.638427734375,42.25,40.258480072021484,189.9229278564453,27.656747817993164,97.39913177490234,19.009798049926758,19.753786087036133,11.946271896362305,76.96499633789062
2020-02-19,4.388372898101807,26.787357330322266,89.08040618896484,200.87899780273438,2.6646430492401123,26.36899185180664,0.6601102948188782,28.786598205566406,322.35809326171875,20.850000381469727,84.52460479736328,62.859676361083984,92.46107482910156,794.614013671875,42.099998474121094,40.34314727783203,193.2610321044922,28.19979476928711,96.39205169677734,18.973098754882812,19.17034339904785,11.989090919494629,77.375
2020-02-20,4.237049102783203,26.195119857788086,91.88143920898438,210.48463439941406,2.7414207458496094,26.36899185180664,0.6689512133598328,29.66423225402832,321.8636779785156,21.049999237060547,85.26312255859375,62.859676361083984,90.47493743896484,795.6122436523438,42.900001525878906,42.24812316894531,193.6097869873047,28.393741607666016,99.22146606445312,19.009798049926758,19.00364112854004,12.331636428833008,78.41500091552734
2020-02-21,4.280284881591797,26.286235809326172,91.73403930664062,207.28274536132812,2.7549703121185303,26.095264434814453,0.6895799040794373,29.10254669189453,316.91949462890625,21.299999237060547,85.37388610839844,62.859676361083984,88.06620788574219,781.1376953125,42.349998474121094,42.41745376586914,192.2645721435547,27.889484405517578,99.653076171875,18.49601936340332,18.461872100830078,12.331636428833008,76.75
2020-02-26,4.020873546600342,25.23843002319336,85.98452758789062,197.4103240966797,2.6149635314941406,23.90545082092285,0.6424291729927063,28.400434494018555,312.46978759765625,19.899999618530273,79.83493041992188,62.859676361083984,84.55877685546875,755.6820678710938,39.29999923706055,39.581153869628906,191.46742248535156,26.415491104125977,89.5343017578125,16.771190643310547,18.170148849487305,11.946271896362305,70.15499877929688
2020-02-27,3.8479325771331787,23.461715698242188,85.09998321533203,184.71722412109375,2.5336687564849854,23.038650512695312,0.6335883140563965,27.80363655090332,308.0200500488281,19.25,79.20718383789062,62.859676361083984,82.40361022949219,738.2124633789062,39.349998474121094,38.26884078979492,193.31085205078125,25.523340225219727,86.32123565673828,15.780333518981934,16.836563110351562,11.90345287322998,67.91999816894531
2020-02-28,3.8695499897003174,24.053951263427734,82.22523498535156,177.85606384277344,2.5788323879241943,23.90545082092285,0.6129594445228577,27.979169845581055,313.9530334472656,19.149999618530273,75.84687042236328,62.859676361083984,80.71327209472656,712.7567749023438,39.45000076293945,37.88784408569336,193.06173706054688,25.213022232055664,89.34248352050781,16.697795867919922,17.044933319091797,11.603726387023926,65.92500305175781
2020-03-02,4.055461406707764,24.737302780151367,85.43167877197266,186.3943634033203,2.6917407512664795,25.182844161987305,0.6335883140563965,29.06743812561035,335.707275390625,19.549999237060547,78.54251861572266,62.859676361083984,82.82618713378906,761.6715698242188,43.20000076293945,38.903831481933594,185.33926391601562,27.617958068847656,89.8699951171875,17.50516128540039,17.62837791442871,12.417271614074707,66.48999786376953
2020-03-03,3.8911681175231934,23.68950080871582,84.95254516601562,185.82266235351562,2.6465775966644287,24.544143676757812,0.621800422668457,29.278076171875,328.78546142578125,19.399999618530273,77.54549407958984,62.859676361083984,79.57229614257812,771.1551513671875,44.20000076293945,37.88784408569336,186.43536376953125,26.997329711914062,91.02095031738281,17.725351333618164,16.66986083984375,12.460089683532715,66.61499786376953
2020-03-04,3.912785053253174,24.600635528564453,89.19099426269531,193.67483520507812,2.673675775527954,25.365325927734375,0.6365352869033813,29.558917999267578,336.20166015625,20.5,80.79503631591797,62.859676361083984,82.19231414794922,795.11328125,46.54999923706055,39.24249267578125,194.506591796875,28.704057693481445,93.89832305908203,18.349224090576172,17.211631774902344,12.75981616973877,66.91000366210938
2020-03-05,3.956019878387451,23.55282974243164,89.26467895507812,194.3990478515625,2.619479179382324,25.730295181274414,0.6306412816047668,28.54085350036621,341.6402282714844,20.450000762939453,80.16728210449219,62.859676361083984,81.17811584472656,767.1619262695312,45.70000076293945,38.649837493896484,195.30374145507812,28.626482009887695,95.5288314819336,18.716209411621094,17.044933319091797,12.545727729797363,63.78499984741211
2020-03-06,3.9776384830474854,23.370601654052734,84.694580078125,180.25747680664062,2.596897840499878,24.63538932800293,0.6011724472045898,28.049379348754883,326.3133850097656,19.299999237060547,75.44070434570312,62.859676361083984,81.68521881103516,742.7046508789062,43.849998474121094,36.7448616027832,190.32150268554688,27.734325408935547,90.63729858398438,17.61525535583496,17.003257751464844,12.374452590942383,60.404998779296875
2020-03-09,3.5798747539520264,21.22943687438965,72.347900390625,151.1357421875,2.4252769947052,21.122562408447266,0.49802982807159424,25.837722778320312,286.2658386230469,16.75,63.439605712890625,62.859676361083984,72.05033111572266,679.8143920898438,38.0,31.36859703063965,186.8339385986328,23.622665405273438,78.31254577636719,16.220714569091797,14.877852439880371,11.26117992401123,45.994998931884766
2020-03-10,3.7182276248931885,21.730558395385742,80.78785705566406,164.09567260742188,2.547217845916748,22.673683166503906,0.5363397598266602,27.873849868774414,310.49212646484375,18.700000762939453,68.83085632324219,62.859676361083984,72.30388641357422,723.238525390625,40.650001525878906,33.01957321166992,202.9763946533203,25.445758819580078,84.97846221923828,17.06477928161621,15.961392402648926,11.560906410217285,51.709999084472656
2020-03-11,3.5020506381988525,19.771623611450195,72.82701110839844,159.6740264892578,2.56076717376709,21.53315544128418,0.5216049551963806,26.223886489868164,292.6932373046875,18.5,65.72903442382812,62.859676361083984,72.55742645263672,701.7760620117188,38.599998474121094,30.267946243286133,214.58502197265625,23.42871856689453,84.01933288574219,16.110620498657227,14.794502258300781,10.618906021118164,47.900001525878906
2020-03-12,3.2642576694488525,17.630455017089844,58.932369232177734,137.2228546142578,2.4749562740325928,18.52216339111328,0.4891889691352844,24.293079376220703,267.9725036621094,18.5,58.26991271972656,62.859676361083984,59.161563873291016,667.8351440429688,36.900001525878906,24.002689361572266,200.08670043945312,20.59710121154785,82.77247619628906,14.679380416870117,13.627612113952637,9.505634307861328,41.970001220703125
2020-03-13,3.1259050369262695,18.678258895874023,62.765384674072266,138.70947265625,2.4026944637298584,19.43458366394043,0.49213600158691406,23.450544357299805,275.8831481933594,17.799999237060547,59.45155334472656,62.859676361083984,64.73965454101562,652.3621826171875,37.20000076293945,25.18800926208496,191.01901245117188,20.286787033081055,79.70327758789062,14.49588680267334,14.377755165100098,9.67690658569336,40.435001373291016
2020-03-16,2.8319051265716553,16.35486602783203,57.642433166503906,121.97589111328125,2.3349499702453613,19.206478118896484,0.4243563115596771,21.48462677001953,257.5898132324219,15.800000190734863,48.85365676879883,62.859676361083984,59.584144592285156,529.0771484375,34.70000076293945,22.52104377746582,182.44956970214844,18.424901962280273,72.55780029296875,13.17474365234375,13.3775634765625,8.503689765930176,35.29999923706055
2020-03-17,2.7454347610473633,15.899297714233398,61.291141510009766,128.6464385986328,2.380113124847412,18.88713264465332,0.4243563115596771,21.765474319458008,267.9725036621094,14.75,49.11214065551758,62.859676361083984,57.47122573852539,482.1590881347656,36.95000076293945,24.341352462768555,158.9832305908203,18.89037322998047,77.20954895019531,14.018808364868164,13.752635955810547,8.555071830749512,31.829999923706055
2020-03-18,2.3779354095458984,12.755884170532227,53.99369812011719,107.33878326416016,2.124939203262329,16.149866104125977,0.365418404340744,17.974069595336914,225.45289611816406,13.399999618530273,40.7298469543457,62.859676361083984,47.83634948730469,411.2827453613281,34.900001525878906,21.42038917541504,135.46705627441406,15.709651947021484,67.52239227294922,11.596710205078125,12.168999671936035,7.6730194091796875,23.559999465942383
2020-03-19,2.6287004947662354,14.441483497619629,52.445762634277344,103.94631958007812,2.2491395473480225,16.78856086730957,0.36836540699005127,17.377273559570312,226.93612670898438,13.600000381469727,41.394527435302734,62.859676361083984,50.70990753173828,412.28094482421875,33.599998474121094,23.029037475585938,142.0436248779297,15.942387580871582,68.38560485839844,11.486614227294922,12.835793495178223,7.989872455596924,28.280000686645508
2020-03-20,3.0264639854431152,15.853742599487305,54.39912414550781,111.0361328125,2.1910364627838135,18.15719223022461,0.38015246391296387,17.658119201660156,236.32998657226562,14.350000381469727,45.0871696472168,62.859676361083984,52.4424934387207,424.2600402832031,34.349998474121094,23.537029266357422,143.0898895263672,16.48543930053711,69.58451080322266,11.96369457244873,13.91933536529541,8.418051719665527,31.90999984741211
2020-03-25,3.1604928970336914,16.90155029296875,57.71613693237305,120.33683013916016,2.2138593196868896,19.936416625976562,0.38899341225624084,20.220827102661133,255.1177520751953,14.449999809265137,49.11214065551758,62.859676361083984,57.00638198852539,440.2322082519531,40.54999923706055,26.37332534790039,152.55615234375,17.76548194885254,76.77794647216797,13.064647674560547,14.877852439880371,8.734907150268555,37.790000915527344
2020-03-26,3.1777873039245605,17.448226928710938,54.95197677612305,116.52510833740234,2.177341938018799,18.339679718017578,0.386046439409256,19.975088119506836,261.05072021484375,14.25,48.37362289428711,62.859676361083984,53.92153549194336,442.7279052734375,38.79999923706055,25.18800926208496,142.54183959960938,16.795753479003906,72.07823181152344,12.477473258972168,15.044549942016602,8.383798599243164,35.6150016784668
2020-03-27,2.9832286834716797,16.44597816467285,51.155818939208984,104.93737030029297,2.220705986022949,18.02033233642578,0.36836540699005127,19.308082580566406,253.63450622558594,13.399999618530273,43.942447662353516,62.859676361083984,51.13249206542969,426.7557067871094,35.45000076293945,23.748693466186523,140.6984100341797,16.640596389770508,69.39268493652344,12.257282257080078,14.669478416442871,7.981310844421387,34.08000183105469
2020-03-30,2.978905200958252,16.764877319335938,51.30324172973633,106.46204376220703,2.1453893184661865,18.02033233642578,0.36836540699005127,19.378293991088867,259.5674743652344,13.449999809265137,42.7977294921875,62.859676361083984,50.87894058227539,416.2739562988281,35.70000076293945,24.087358474731445,156.44229125976562,17.222436904907227,69.20085906982422,12.734362602233887,15.044549942016602,7.921363353729248,34.54999923706055
2020-04-01,3.0696990489959717,17.448226928710938,54.325408935546875,110.08321380615234,2.1362595558166504,18.15719223022461,0.38899341225624084,20.326143264770508,265.00604248046875,13.699999809265137,44.4224853515625,30.457780838012695,51.13249206542969,399.3035888671875,38.400001525878906,24.764680862426758,156.1433563232422,17.687904357910156,74.81173706054688,13.027950286865234,15.336272239685059,7.844290256500244,36.599998474121094
2020-04-02,3.134551525115967,17.994909286499023,56.868465423583984,115.03849029541016,2.1065902709960938,18.93275260925293,0.4096222221851349,20.361249923706055,283.79376220703125,13.899999618530273,47.450462341308594,30.457780838012695,55.18928527832031,416.2739562988281,37.75,25.103342056274414,156.34263610839844,17.92064094543457,76.72998809814453,13.394933700561523,15.711344718933105,7.9641804695129395,38.29999923706055
2020-04-03,3.3161392211914062,18.58714485168457,57.5318603515625,118.16414642333984,2.072354793548584,19.70831298828125,0.4096222221851349,19.764455795288086,312.9642028808594,14.199999809265137,48.04127883911133,30.457780838012695,55.69638442993164,443.2269592285156,38.5,25.780668258666992,154.4992218017578,18.23095703125,80.37466430664062,13.651823043823242,16.16976547241211,7.895671844482422,38.834999084472656
2020-04-06,3.683638334274292,19.90829086303711,57.75300979614258,116.41073608398438,2.099743366241455,19.343341827392578,0.42141014337539673,19.975088119506836,341.14581298828125,14.300000190734863,47.22890090942383,30.457780838012695,60.851890563964844,456.2043151855469,39.099998474121094,25.14567756652832,156.99034118652344,19.200687408447266,83.92342376708984,14.238997459411621,16.91990852355957,7.998434543609619,39.20000076293945
2020-04-07,3.8046977519989014,20.68276023864746,57.56871032714844,112.446533203125,2.099743366241455,19.343341827392578,0.42141014337539673,20.501670837402344,317.4139099121094,15.050000190734863,46.45344543457031,30.457780838012695,66.76805114746094,468.68255615234375,38.70000076293945,24.510684967041016,156.64157104492188,19.66615867614746,81.66948699951172,14.49588680267334,17.253307342529297,8.118328094482422,37.845001220703125
2020-04-08,3.9214324951171875,21.32054901123047,60.922607421875,116.83000946044922,2.1362595558166504,20.80321502685547,0.4449850916862488,21.62505340576172,321.3692626953125,15.899999618530273,49.924537658691406,30.457780838012695,61.95060729980469,464.6895751953125,41.5,25.484338760375977,156.19317626953125,20.170421600341797,86.99262237548828,14.936269760131836,18.170148849487305,8.195401191711426,40.40999984741211
2020-04-13,3.956019878387451,22.459468841552734,62.949649810791016,124.79656982421875,2.3097169399261475,21.53315544128418,0.4420381486415863,23.731386184692383,311.9753723144531,16.100000381469727,51.73391342163086,44.71461486816406,61.02091979980469,449.216552734375,41.849998474121094,27.008317947387695,165.3106689453125,20.05405044555664,87.1844482421875,14.789474487304688,18.628570556640625,8.555071830749512,40.61000061035156
2020-04-14,4.016550064086914,23.5983829498291,66.0455322265625,134.51651000976562,2.4055747985839844,23.859830856323242,0.4656139612197876,24.960084915161133,323.346923828125,16.700000762939453,56.9405403137207,44.71461486816406,65.11997985839844,456.7034912109375,44.349998474121094,28.574630737304688,175.32496643066406,20.51952362060547,91.88416290283203,15.193159103393555,19.92048454284668,9.077454566955566,43.255001068115234
2020-04-15,3.895491600036621,23.55282974243164,70.09969329833984,146.10421752929688,2.5470798015594482,23.494861602783203,0.48034796118736267,24.749452590942383,336.20166015625,17.149999618530273,61.187076568603516,44.71461486816406,67.52870178222656,467.68426513671875,46.79999923706055,30.564271926879883,181.0047149658203,20.403154373168945,93.5146713256836,15.523444175720215,20.5872802734375,9.377181053161621,43.70500183105469
2020-04-16,3.8306386470794678,22.413911819458008,67.40921783447266,135.46945190429688,2.419269323348999,21.898122787475586,0.45972001552581787,22.923959732055664,336.20166015625,16.049999237060547,58.78688049316406,44.71461486816406,62.37318801879883,464.1904296875,43.5,28.955625534057617,161.82310485839844,18.929161071777344,84.21116638183594,14.752776145935059,19.837135314941406,8.820544242858887,40.060001373291016
2020-04-17,3.8911681175231934,23.370601654052734,69.87853240966797,129.25631713867188,2.4147043228149414,22.17184829711914,0.47445404529571533,23.34522819519043,375.7547912597656,16.350000381469727,56.01738739013672,44.71461486816406,63.30287551879883,471.6773376464844,41.70000076293945,28.786293029785156,160.57754516601562,19.12310791015625,86.56101989746094,14.752776145935059,20.003833770751953,8.94899845123291,40.185001373291016
2020-04-20,3.82631516456604,24.099515914916992,72.64273834228516,135.46945190429688,2.528820753097534,22.62805938720703,0.49508288502693176,23.239910125732422,393.5537414550781,16.549999237060547,57.71601867675781,44.71461486816406,62.62673568725586,493.139892578125,42.150001525878906,30.775936126708984,159.9298553466797,18.812795639038086,88.57518005371094,14.862873077392578,20.25387954711914,9.719727516174316,39.75
2020-04-21,3.8911681175231934,24.099515914916992,69.73112487792969,130.2473907470703,2.620114326477051,22.810544967651367,0.527498722076416,23.02927589416504,373.77716064453125,16.299999237060547,55.832759857177734,44.71461486816406,62.49995422363281,484.1556701660156,42.150001525878906,29.802282333374023,166.40676879882812,18.46369171142578,88.23948669433594,14.49588680267334,20.337230682373047,10.105091094970703,38.11000061035156
2020-04-22,3.981961488723755,24.873971939086914,68.55174255371094,130.05679321289062,2.601855754852295,22.536819458007812,0.5363397598266602,23.204805374145508,365.86651611328125,16.600000381469727,55.13114929199219,44.71461486816406,65.20449829101562,493.139892578125,43.650001525878906,29.16729164123535,168.399658203125,17.843061447143555,89.34248352050781,14.862873077392578,20.712303161621094,10.704544067382812,39.349998474121094
2020-04-23,4.323519706726074,25.10175895690918,66.30352020263672,132.00076293945312,2.574467182159424,22.354333877563477,0.5451806783676147,23.661176681518555,358.4503173828125,16.450000762939453,52.87864303588867,44.71461486816406,64.31706237792969,474.1729431152344,43.70000076293945,28.53230094909668,159.6807403564453,17.222436904907227,93.5146713256836,14.862873077392578,21.04570198059082,10.918634414672852,39.67499923706055
2020-04-24,4.345137596130371,24.37285041809082,64.6081771850586,122.66200256347656,2.4649155139923096,21.715639114379883,0.5363397598266602,22.853748321533203,374.2715759277344,15.699999809265137,50.44149398803711,44.71461486816406,65.4157943725586,484.1556701660156,42.45000076293945,27.516313552856445,151.41021728515625,17.300012588500977,89.8699951171875,14.275697708129883,20.795654296875,10.704544067382812,37.029998779296875
2020-04-27,4.755871772766113,25.283985137939453,67.70405578613281,125.02528381347656,2.4831748008728027,21.62439727783203,0.5717026591300964,24.854766845703125,390.09283447265625,16.75,51.51237106323242,44.71461486816406,66.93707275390625,578.990234375,43.20000076293945,27.8549747467041,154.9974365234375,17.02849006652832,93.08306884765625,14.789474487304688,21.379098892211914,10.875815391540527,37.70000076293945
2020-04-28,4.755871772766113,26.195119857788086,76.77058410644531,147.5908203125,2.6383731365203857,23.67734718322754,0.6247473359107971,25.697301864624023,401.46435546875,17.450000762939453,60.19007873535156,44.71461486816406,73.27581024169922,627.90478515625,46.099998474121094,31.32625961303711,168.89788818359375,18.96795082092285,97.59095764160156,15.927128791809082,23.337806701660156,11.432453155517578,43.79999923706055
2020-04-29,4.712636947631836,26.605133056640625,80.2350082397461,146.9427947998047,2.615549087524414,24.361663818359375,0.621800422668457,25.34624671936035,398.49786376953125,16.799999237060547,60.965545654296875,44.71461486816406,69.5993423461914,628.903076171875,46.349998474121094,32.63857650756836,160.67718505859375,18.541269302368164,96.77570343017578,16.00052261352539,23.254457473754883,11.475271224975586,45.165000915527344
2020-04-30,4.669402122497559,27.698490142822266,75.73861694335938,141.07272338867188,2.5562093257904053,24.3160400390625,0.6011724472045898,25.73240852355957,382.6766357421875,16.75,59.56232833862305,48.08440017700195,70.1487045288086,673.8248291015625,46.04999923706055,31.410924911499023,158.3355255126953,19.39463233947754,97.638916015625,16.917984008789062,23.546180725097656,11.732183456420898,43.349998474121094
2020-05-04,4.6477837562561035,27.470706939697266,78.09737396240234,141.11090087890625,2.478609561920166,23.266756057739258,0.5982252955436707,24.99519157409668,381.193359375,16.799999237060547,60.153141021728516,47.63077926635742,65.88062286376953,659.35009765625,45.0,31.283931732177734,156.99034118652344,19.39463233947754,93.22693634033203,18.165733337402344,23.12943458557129,11.989090919494629,41.959999084472656
2020-05-05,4.9288129806518555,28.882966995239258,79.12935638427734,144.8844757080078,2.510561943054199,23.540481567382812,0.6394822001457214,24.854766845703125,388.11517333984375,16.950000762939453,61.70404815673828,47.63077926635742,67.90901947021484,676.8194580078125,48.25,31.495594024658203,160.6273651123047,21.566831588745117,96.0083999633789,18.165733337402344,24.004602432250977,12.674179077148438,44.03499984741211
2020-05-06,5.253077030181885,29.019634246826172,82.48320770263672,148.42941284179688,2.5835962295532227,24.22479820251465,0.6689512133598328,24.749452590942383,389.5984191894531,17.350000381469727,63.91965866088867,47.63077926635742,70.40225982666016,671.8281860351562,48.70000076293945,33.23123550415039,162.4209747314453,22.963245391845703,97.11138916015625,20.514432907104492,24.17129898071289,12.888273239135742,43.97999954223633
2020-05-07,5.144988059997559,28.882966995239258,90.40719604492188,163.60011291503906,2.661196231842041,25.319705963134766,0.6866329908370972,25.311140060424805,399.9811096191406,18.100000381469727,69.42168426513672,47.63077926635742,71.62774658203125,687.8004760742188,49.599998474121094,35.98286819458008,169.99398803710938,23.04082489013672,103.345703125,20.330942153930664,24.67139434814453,13.359271049499512,46.43000030517578
2020-05-08,5.058517932891846,27.698490142822266,91.51289367675781,164.17190551757812,2.6931488513946533,25.91278076171875,0.6895799040794373,26.961105346679688,392.5649108886719,18.600000381469727,69.68016052246094,47.63077926635742,70.86709594726562,672.8265380859375,50.400001525878906,37.25285339355469,168.15054321289062,23.2735595703125,105.93534088134766,19.817163467407227,24.87976837158203,13.873089790344238,47.744998931884766
2020-05-11,5.577341079711914,28.70073699951172,101.97994995117188,179.0377197265625,2.775312662124634,26.642719268798828,0.7072610259056091,29.06743812561035,404.4987487792969,19.549999237060547,77.36087036132812,47.63077926635742,78.05099487304688,682.8091430664062,53.79999923706055,41.9517936706543,180.4068603515625,24.669973373413086,114.27973175048828,20.40433692932129,25.629913330078125,14.686636924743652,49.0
2020-05-12,5.577341079711914,28.518512725830078,102.56961059570312,186.4324951171875,2.8711702823638916,28.285078048706055,0.7102080583572388,31.94609832763672,402.4987487792969,20.049999237060547,78.21016693115234,47.63077926635742,82.9952163696289,705.76904296875,53.849998474121094,41.824798583984375,181.05453491210938,24.476028442382812,117.06119537353516,21.064910888671875,24.33799934387207,15.32890510559082,51.96500015258789
2020-05-13,5.382782936096191,27.516265869140625,100.50569915771484,175.72149658203125,2.866605281829834,28.786907196044922,0.6777921319007874,29.629127502441406,387.4988098144531,18.899999618530273,73.66822814941406,47.63077926635742,79.40326690673828,678.8161010742188,52.25,39.45415496826172,180.75559997558594,23.002033233642578,116.96527099609375,20.29424285888672,24.212974548339844,15.542996406555176,48.685001373291016
2020-05-14,5.317928791046143,28.564071655273438,103.45415496826172,178.3897247314453,3.1496150493621826,30.748613357543945,0.6836861371994019,28.18979835510254,394.998779296875,19.75,77.17623901367188,47.63077926635742,78.93843078613281,695.7864990234375,54.849998474121094,40.9781379699707,182.89797973632812,23.42871856689453,122.19251251220703,21.21170425415039,25.004793167114258,16.09963607788086,51.02000045776367
2020-05-15,5.274694442749023,28.882966995239258,103.01189422607422,173.92994689941406,3.327636480331421,32.39097595214844,0.6925270557403564,28.716384887695312,391.498779296875,20.25,75.9576644897461,47.63077926635742,81.55843353271484,696.7848510742188,53.70000076293945,41.52846145629883,188.57772827148438,23.855398178100586,122.28842163085938,21.615386962890625,25.838285446166992,16.74190330505371,51.095001220703125
2020-05-18,5.188223838806152,28.791854858398438,106.9554672241211,176.17892456054688,3.428058385848999,32.43659210205078,0.7161019444465637,29.172758102416992,399.9987487792969,20.850000381469727,78.76408386230469,47.63077926635742,84.30522155761719,713.7552490234375,55.75,43.05244827270508,192.36422729492188,24.320871353149414,122.09659576416016,21.688783645629883,25.5048885345459,17.940814971923828,52.724998474121094
2020-05-19,4.972047805786133,28.70073699951172,100.3951416015625,169.0127716064453,3.569563388824463,32.29973220825195,0.7632527351379395,29.278076171875,387.9988098144531,20.200000762939453,75.29298400878906,55.01841735839844,91.0665512084961,768.6595458984375,53.79999923706055,41.48612976074219,185.0403289794922,24.126922607421875,120.5619888305664,21.615386962890625,25.379865646362305,18.283361434936523,52.220001220703125
2020-05-20,5.1017537117004395,27.92627716064453,103.5647201538086,173.09140014648438,3.6425981521606445,31.797901153564453,0.8221915364265442,29.8748722076416,386.4988098144531,20.149999618530273,77.39778900146484,55.01841735839844,90.34815979003906,763.6680908203125,52.849998474121094,44.87275314331055,187.631103515625,23.622665405273438,120.65791320800781,20.84471893310547,25.7132625579834,18.283361434936523,53.33000183105469
2020-05-21,5.209841728210449,28.65518569946289,106.91860961914062,182.8113250732422,3.5969505310058594,32.619075775146484,0.8339794278144836,29.804656982421875,401.4987487792969,20.399999618530273,81.97664642333984,55.01841735839844,92.12300109863281,777.6437377929688,56.95000076293945,45.88874053955078,191.46742248535156,23.97176742553711,125.64535522460938,20.808021545410156,26.67177963256836,18.326181411743164,55.150001525878906
2020-05-22,5.253077030181885,28.564071655273438,105.62865447998047,180.6767578125,3.638032913208008,33.30339431762695,0.8280853033065796,28.786598205566406,413.99871826171875,19.950000762939453,80.75808715820312,55.01841735839844,91.7849349975586,785.6298217773438,54.29999923706055,47.83605194091797,186.93359375,23.622665405273438,124.92601013183594,20.367639541625977,26.92182731628418,18.454633712768555,54.86000061035156
2020-05-26,5.188223838806152,28.564071655273438,105.92350769042969,182.3539276123047,3.569563388824463,32.48221969604492,0.8015626668930054,28.927019119262695,415.99871826171875,20.25,80.27806091308594,55.01841735839844,94.86978149414062,773.6508178710938,53.650001525878906,47.455055236816406,189.27523803710938,25.251813888549805,122.8159408569336,20.441038131713867,27.171875,18.79718589782715,57.15999984741211
2020-05-27,4.972047805786133,29.292980194091797,102.790771484375,177.55113220214844,3.551304578781128,32.071632385253906,0.769146740436554,28.716384887695312,396.498779296875,20.200000762939453,79.5025863647461,55.01841735839844,89.96782684326172,737.71337890625,49.849998474121094,49.591712951660156,188.02967834472656,26.105178833007812,117.58870697021484,20.441038131713867,27.546947479248047,18.925634384155273,58.9900016784668
2020-05-28,4.842342853546143,29.97632598876953,97.59408569335938,170.08013916015625,3.5284814834594727,29.33436393737793,0.7455717325210571,26.961105346679688,378.49884033203125,19.600000381469727,74.07442474365234,55.01841735839844,91.48912811279297,718.247314453125,48.900001525878906,46.40565490722656,177.71644592285156,24.39845085144043,117.63666534423828,19.633670806884766,27.255224227905273,18.839998245239258,56.775001525878906
2020-05-29,4.842342853546143,30.796350479125977,92.54483795166016,150.52587890625,3.482835531234741,27.372655868530273,0.7278897762298584,25.627090454101562,381.9988098144531,18.75,68.7939453125,55.01841735839844,89.50299072265625,728.7291259765625,47.599998474121094,43.635169982910156,184.0937042236328,23.545087814331055,116.5336685180664,19.009798049926758,27.796995162963867,18.24054718017578,56.13999938964844
2020-06-01,4.993666172027588,32.34527587890625,98.14691925048828,162.34226989746094,3.5376107692718506,29.060636520385742,0.7544118165969849,27.382369995117188,415.49871826171875,20.149999618530273,73.52052307128906,55.01841735839844,92.75688171386719,764.6663818359375,50.349998474121094,47.606201171875,190.02256774902344,24.631183624267578,124.11074829101562,19.413480758666992,29.755704879760742,18.283361434936523,59.02000045776367
2020-06-02,5.058517932891846,33.62086486816406,103.97015380859375,181.0198211669922,3.6152095794677734,30.064298629760742,0.772093653678894,29.418495178222656,421.4986877441406,21.850000381469727,79.72416687011719,55.01841735839844,97.36302185058594,770.6559448242188,52.150001525878906,51.39253234863281,194.3072967529297,26.3767032623291,127.56360626220703,20.110750198364258,30.297473907470703,18.540271759033203,62.65999984741211
2020-06-03,5.080136299133301,34.25865936279297,115.35857391357422,193.36988830566406,3.692809581756592,29.973054885864258,0.769146740436554,31.34930419921875,422.4986877441406,22.649999618530273,86.66631317138672,55.01841735839844,99.47594451904297,795.6122436523438,52.650001525878906,56.56410598754883,210.25045776367188,27.92827033996582,127.13200378417969,20.22084617614746,30.339147567749023,18.668725967407227,66.45999908447266
2020-06-04,5.188223838806152,34.942020416259766,113.84749603271484,191.2734375,3.6152095794677734,29.015012741088867,0.7426247000694275,31.103565216064453,408.99871826171875,23.25,86.74018859863281,55.01841735839844,96.51785278320312,807.0923461914062,51.25,55.22503662109375,221.2113800048828,27.540380477905273,127.13200378417969,20.147449493408203,30.17245101928711,18.754362106323242,66.875
2020-06-05,5.447635650634766,36.5364990234375,118.15962219238281,194.58966064453125,3.6562917232513428,29.47122573852539,0.7573588490486145,33.315223693847656,445.9986267089844,24.049999237060547,89.54657745361328,55.01841735839844,98.58851623535156,839.5357666015625,53.70000076293945,57.30290222167969,227.19007873535156,27.889484405517578,133.94178771972656,20.330942153930664,31.46436309814453,19.139728546142578,67.55999755859375
2020-06-08,5.7070465087890625,38.22209930419922,128.5529327392578,212.0474395751953,3.6654210090637207,32.34535598754883,0.7809346914291382,34.4385986328125,475.49853515625,27.350000381469727,98.59355926513672,55.01841735839844,103.44821166992188,868.4852905273438,57.45000076293945,62.42830276489258,258.4287109375,30.294416427612305,145.9788055419922,22.01906967163086,33.256378173828125,19.82482147216797,75.30500030517578
2020-06-09,5.317928791046143,37.76653289794922,119.44954681396484,200.19293212890625,3.5467402935028076,29.92743682861328,0.7661998271942139,33.03437423706055,450.99859619140625,26.0,93.12844848632812,55.01841735839844,98.71530151367188,814.5794067382812,54.25,58.364925384521484,243.93038940429688,29.014373779296875,140.99134826660156,20.84471893310547,30.505847930908203,20.03890609741211,73.95999908447266
2020-06-10,5.404399871826172,38.03987121582031,120.48150634765625,199.7736358642578,3.601515769958496,30.38364601135254,0.769146740436554,32.96416091918945,454.49859619140625,28.649999618530273,94.38394165039062,55.01841735839844,98.96882629394531,843.52880859375,53.45000076293945,58.226402282714844,236.50686645507812,29.169527053833008,136.57937622070312,20.77132225036621,31.58938980102539,20.03890609741211,72.5199966430664
2020-06-11,5.080136299133301,36.126487731933594,110.19876098632812,181.43914794921875,3.4600110054016113,27.646379470825195,0.730836808681488,30.717403411865234,437.4986572265625,25.399999618530273,86.1124267578125,55.01841735839844,92.12300109863281,797.6089477539062,49.150001525878906,52.36220169067383,227.19007873535156,27.85069465637207,125.69331359863281,19.04649543762207,29.338956832885742,19.35381317138672,66.7750015258789
2020-06-12,5.1017537117004395,36.126487731933594,114.65829467773438,185.4796142578125,3.5376107692718506,27.23579216003418,0.730836808681488,29.45359992980957,439.9986267089844,25.5,88.3280029296875,53.52792739868164,89.71428680419922,823.0645141601562,49.150001525878906,54.4400634765625,222.40711975097656,28.626482009887695,122.57616424560547,19.083194732666016,30.21412467956543,19.439455032348633,66.97000122070312
2020-06-16,5.080136299133301,37.17428970336914,110.19876098632812,179.5332794189453,3.569563388824463,26.8252010345459,0.6954739093780518,28.365327835083008,448.99859619140625,25.549999237060547,86.29705810546875,53.52792739868164,87.17877960205078,827.556640625,47.849998474121094,52.36220169067383,216.42843627929688,28.742847442626953,120.37017059326172,19.523576736450195,29.714031219482422,19.39663314819336,65.58499908447266
2020-06-17,4.842342853546143,35.44313430786133,104.00701904296875,166.15402221679688,3.560434103012085,25.547809600830078,0.7016279101371765,27.241947174072266,434.4986572265625,23.899999618530273,81.20122528076172,53.52792739868164,83.20650482177734,812.5827026367188,45.5,48.8529167175293,205.76644897460938,27.230064392089844,114.27973175048828,19.083194732666016,27.71364402770996,19.096906661987305,62.310001373291016
2020-06-18,4.453225612640381,34.03087615966797,95.972412109375,157.61570739746094,3.4098007678985596,23.084272384643555,0.6647002100944519,25.311140060424805,398.9987487792969,21.0,75.77301788330078,53.52792739868164,78.09326934814453,768.1602783203125,42.849998474121094,43.86604309082031,193.46031188964844,25.29060173034668,107.08629608154297,17.68865203857422,26.67177963256836,17.9836368560791,58.27000045776367
2020-06-19,4.842342853546143,35.94426345825195,104.1544189453125,171.07119750976562,3.542175531387329,25.59343147277832,0.6954730749130249,26.04836082458496,418.4986877441406,22.350000381469727,84.15532684326172,53.52792739868164,84.38973999023438,817.5740356445312,45.75,47.69855499267578,205.56715393066406,26.997329711914062,114.75929260253906,18.202430725097656,29.755704879760742,18.668725967407227,62.185001373291016
2020-06-22,4.842342853546143,36.490936279296875,101.3902359008789,165.84909057617188,3.5193521976470947,26.277746200561523,0.6893183588981628,25.48666763305664,402.4987487792969,21.799999237060547,81.34893035888672,53.52792739868164,80.37519836425781,830.0524291992188,44.400001525878906,46.59035873413086,196.15072631835938,25.71728515625,115.95819854736328,17.651954650878906,30.25579833984375,19.182544708251953,60.8650016784668
2020-06-23,4.712636947631836,36.67316436767578,100.17398071289062,166.64956665039062,3.5832571983337402,27.007686614990234,0.7200920581817627,25.240928649902344,409.99871826171875,21.799999237060547,82.60441589355469,53.52792739868164,83.12198638916016,870.4818115234375,44.54999923706055,47.00592803955078,198.2930908203125,25.29060173034668,114.80724334716797,17.21157455444336,31.25598907470703,19.610729217529297,61.11000061035156
2020-06-24,4.755871772766113,36.67316436767578,100.76367950439453,165.5060272216797,3.578692674636841,25.684675216674805,0.7200920581817627,24.71434783935547,393.498779296875,21.25,81.60740661621094,53.52792739868164,80.924560546875,915.4034423828125,44.349998474121094,45.89773178100586,203.72372436523438,24.74755096435547,112.93695068359375,16.734493255615234,31.089290618896484,19.82482147216797,59.790000915527344
2020-06-25,4.755871772766113,37.08318328857422,111.34129333496094,173.12954711914062,3.6425981521606445,26.36899185180664,0.7385554909706116,25.48666763305664,405.4987487792969,22.700000762939453,85.85394287109375,53.52792739868164,83.3332748413086,941.8573608398438,47.70000076293945,50.19198226928711,206.11520385742188,26.105178833007812,119.41104888916016,17.284969329833984,31.005943298339844,20.467086791992188,61.845001220703125
2020-06-26,4.626166820526123,35.8531379699707,104.37557220458984,162.2660675048828,3.5832571983337402,25.867158889770508,0.717014729976654,24.39839744567871,399.4987487792969,21.799999237060547,81.53353881835938,53.52792739868164,81.00907897949219,909.9130249023438,45.29999923706055,47.19062805175781,200.28598022460938,25.29060173034668,113.1767349243164,16.95468521118164,30.797571182250977,20.766815185546875,60.8849983215332
2020-06-29,4.626166820526123,35.352020263671875,106.25520324707031,159.55970764160156,3.560434103012085,25.547809600830078,0.7108599543571472,23.450544357299805,402.9987487792969,21.850000381469727,81.09043884277344,53.52792739868164,79.61454772949219,931.874755859375,45.70000076293945,46.5441780090332,193.5101318359375,25.71728515625,114.13585662841797,17.028079986572266,29.255605697631836,21.794452667236328,61.529998779296875
2020-06-30,4.518078327178955,32.8919563293457,100.24769592285156,152.01246643066406,3.464576244354248,24.17917823791504,0.6800870895385742,22.221847534179688,409.49871826171875,20.299999237060547,76.21614074707031,53.52792739868164,77.07905578613281,913.406982421875,45.0,44.281620025634766,188.57772827148438,24.902708053588867,109.43614196777344,16.220714569091797,27.255224227905273,22.351085662841797,60.209999084472656
2020-07-01,4.669402122497559,34.16754913330078,103.82273864746094,157.5775909423828,3.4965291023254395,24.58976936340332,0.6831644773483276,23.134592056274414,427.4986877441406,20.850000381469727,78.2470932006836,53.52792739868164,78.47358703613281,931.375732421875,47.650001525878906,46.821231842041016,192.56350708007812,25.019075393676758,115.4786376953125,16.404207229614258,27.130199432373047,23.12181282043457,62.30500030517578
2020-07-02,4.712636947631836,33.66642761230469,101.16910552978516,153.5752410888672,3.4919636249542236,24.68100929260254,0.6831644773483276,23.310121536254883,435.9986572265625,21.600000381469727,75.6622543334961,53.52792739868164,80.79778289794922,926.38427734375,46.0,45.8515625,192.01547241210938,25.71728515625,111.73804473876953,16.294113159179688,26.83847999572754,24.53481674194336,63.31999969482422
2020-07-03,4.691019058227539,33.39308547973633,101.16910552978516,156.54843139648438,3.428058385848999,24.68100929260254,0.6862418055534363,23.661176681518555,444.4986267089844,21.450000762939453,76.80696868896484,53.52792739868164,82.74166870117188,922.3911743164062,47.45000076293945,45.713035583496094,194.55641174316406,27.113697052001953,113.12877655029297,16.734493255615234,27.338573455810547,23.678455352783203,62.790000915527344
2020-07-06,5.015283107757568,34.25865936279297,115.13742065429688,182.4683074951172,3.697373867034912,27.73762321472168,0.7139374017715454,29.207862854003906,462.9985656738281,23.350000381469727,90.50667572021484,47.63077926635742,89.4184799194336,949.843505859375,50.599998474121094,51.71575164794922,211.79495239257812,29.634998321533203,124.01484680175781,18.49601936340332,27.130199432373047,22.950542449951172,67.17500305175781
2020-07-07,5.080136299133301,33.66642761230469,112.15211486816406,175.8358612060547,3.774972915649414,27.73762321472168,0.717014729976654,27.873849868774414,466.9985656738281,23.25,88.5495834350586,48.53803634643555,84.43199920654297,915.4034423828125,49.79999923706055,50.9307861328125,206.71307373046875,29.596214294433594,120.37017059326172,18.422622680664062,26.213359832763672,22.222637176513672,66.4000015258789
2020-07-08,5.188223838806152,33.43864440917969,113.47895812988281,178.88526916503906,3.816054344177246,27.463897705078125,0.7724065184593201,27.628108978271484,463.9985656738281,23.5,89.32502746582031,48.53803634643555,84.51651763916016,910.9112548828125,50.900001525878906,50.83843231201172,200.63475036621094,31.49687957763672,125.64535522460938,19.633670806884766,26.004985809326172,22.008543014526367,66.98999786376953
2020-07-13,5.274694442749023,33.25640869140625,114.6214599609375,184.48851013183594,3.8571364879608154,27.190168380737305,0.7816386818885803,28.014270782470703,459.9985656738281,23.549999237060547,93.16536712646484,48.53803634643555,86.46038818359375,889.44873046875,51.0,51.02313232421875,204.9692840576172,32.117515563964844,121.8088607788086,20.000654220581055,25.54656219482422,22.39390754699707,68.08999633789062
2020-07-14,5.317928791046143,33.43864440917969,117.01708221435547,187.1186065673828,3.9256064891815186,27.32703399658203,0.7939472794532776,28.014270782470703,454.99859619140625,23.149999618530273,94.45780181884766,48.53803634643555,87.51685333251953,886.4539184570312,51.79999923706055,53.05482482910156,206.26466369628906,31.962356567382812,122.8159408569336,20.330942153930664,26.42173194885254,22.47953987121582,70.88500213623047
2020-07-15,5.29631233215332,34.03087615966797,118.52815246582031,195.61880493164062,3.9529950618743896,28.011350631713867,0.8247209787368774,28.43553924560547,461.9985656738281,23.649999618530273,97.41191864013672,48.53803634643555,91.86944580078125,900.4295654296875,52.70000076293945,55.871482849121094,209.20419311523438,31.613252639770508,125.59739685058594,20.147449493408203,27.505271911621094,22.47953987121582,72.69999694824219
2020-07-16,5.317928791046143,33.98531723022461,119.04414367675781,194.2847137451172,3.9438655376434326,28.55880355834961,0.8431844115257263,28.751493453979492,461.4985656738281,23.700000762939453,97.522705078125,48.53803634643555,93.98236083984375,907.9165649414062,52.349998474121094,55.779136657714844,210.05117797851562,31.031414031982422,125.21375274658203,19.890560150146484,27.463598251342773,22.351085662841797,73.92500305175781
2020-07-17,5.382782936096191,34.896453857421875,117.901611328125,195.00894165039062,4.016900062561035,28.60442352294922,0.8401070833206177,29.909975051879883,457.9985656738281,24.0,97.19036102294922,48.53803634643555,96.81366729736328,913.9061279296875,51.70000076293945,57.16437911987305,216.12950134277344,30.64352035522461,123.4873275756836,20.000654220581055,27.92201805114746,21.92290496826172,74.56500244140625
2020-07-20,5.339547157287598,35.807586669921875,118.01221466064453,189.10073852539062,4.076239585876465,28.23945426940918,0.8124115467071533,29.6993408203125,452.49859619140625,23.350000381469727,95.63944244384766,48.53803634643555,94.2781753540039,907.4173583984375,52.849998474121094,57.07202911376953,221.2113800048828,29.90652084350586,124.25463104248047,19.633670806884766,29.422304153442383,21.96572494506836,75.4000015258789
2020-07-21,5.447635650634766,36.67316436767578,119.56011962890625,194.89456176757812,4.062546253204346,29.060636520385742,0.821643590927124,29.488710403442383,460.9985656738281,24.0,99.47979736328125,48.53803634643555,99.89851379394531,919.8955688476562,54.849998474121094,58.91902160644531,226.74166870117188,30.837465286254883,131.20828247070312,19.92725944519043,30.21412467956543,22.09418296813965,75.8949966430664
2020-07-22,5.534106254577637,38.85988998413086,126.71013641357422,207.70204162597656,4.272520065307617,30.794239044189453,0.846261739730835,30.225923538208008,475.99853515625,24.5,105.72036743164062,48.53803634643555,106.3640365600586,932.3739624023438,56.45000076293945,62.24361038208008,234.1652069091797,32.466617584228516,130.92054748535156,20.58782958984375,31.005943298339844,22.222637176513672,76.91000366210938
2020-07-23,5.339547157287598,37.675411224365234,128.44235229492188,206.7109832763672,4.299908638000488,30.83985710144043,0.8308756351470947,31.173778533935547,459.4985656738281,23.75,105.64649963378906,48.53803634643555,107.63177490234375,934.370361328125,56.150001525878906,61.68950653076172,234.1652069091797,31.07020378112793,132.59901428222656,20.18414878845215,30.130775451660156,22.179813385009766,77.31500244140625
2020-07-24,5.361164569854736,38.08543014526367,127.1524429321289,207.4352569580078,4.144710540771484,31.113582611083984,0.8370296359062195,31.524831771850586,446.4986267089844,23.850000381469727,107.04972076416016,48.53803634643555,108.26565551757812,976.7964477539062,57.349998474121094,61.82802963256836,232.72035217285156,30.41078758239746,138.06602478027344,20.18414878845215,30.464170455932617,22.051362991333008,76.69000244140625
2020-07-27,5.728663444519043,39.08768081665039,134.19186401367188,215.21119689941406,4.089934825897217,31.113582611083984,0.8554938435554504,33.315223693847656,434.4986572265625,23.899999618530273,111.44393157958984,48.53803634643555,113.20987701416016,1007.7425537109375,55.75,65.47583770751953,226.89112854003906,30.139259338378906,135.47637939453125,19.780466079711914,31.88111114501953,22.008543014526367,77.28500366210938
2020-07-28,6.26910400390625,38.72322463989258,129.36378479003906,208.693115234375,4.217745304107666,30.611751556396484,0.9016536474227905,34.1928596496582,436.4986572265625,23.799999237060547,107.89900207519531,48.53803634643555,109.87146759033203,1044.1785888671875,54.5,65.66053771972656,227.19007873535156,29.130739212036133,129.8175506591797,19.340084075927734,32.42288589477539,22.56517791748047,76.7699966430664
2020-07-29,6.161016464233398,39.81658172607422,126.9312744140625,210.2178497314453,4.249697208404541,29.836193084716797,0.9355038404464722,33.20989990234375,444.4986267089844,23.200000762939453,107.7882308959961,48.53803634643555,112.06890106201172,1059.1527099609375,53.650001525878906,64.59851837158203,227.0406036376953,28.548900604248047,131.4001007080078,19.119892120361328,32.96465301513672,23.12181282043457,75.49500274658203
2020-07-30,6.182633399963379,40.955501556396484,130.9853973388672,205.18629455566406,4.2907795906066895,30.064298629760742,0.932427167892456,32.40247344970703,446.9986267089844,23.399999618530273,108.63754272460938,48.53803634643555,110.71663665771484,1056.6573486328125,54.54999923706055,65.79906463623047,226.143798828125,28.742847442626953,139.025146484375,19.450178146362305,33.256378173828125,23.25027084350586,77.19999694824219
2020-07-31,6.0529279708862305,41.638851165771484,128.2212371826172,203.31854248046875,4.354684829711914,29.653711318969727,0.932427167892456,32.47268295288086,445.9986267089844,23.700000762939453,110.29927062988281,48.53803634643555,108.68824005126953,1053.662353515625,54.20000076293945,65.93758392333984,220.663330078125,29.596214294433594,135.5723114013672,19.523576736450195,33.048004150390625,24.02099609375,76.0250015258789
2020-08-03,6.26910400390625,42.82332992553711,139.20431518554688,223.0252685546875,4.646822929382324,31.524171829223633,0.963200032711029,34.122650146484375,458.4985656738281,24.5,121.63565063476562,65.45182037353516,115.15374755859375,1117.5511474609375,59.849998474121094,70.78594207763672,229.28262329101562,31.535676956176758,143.58099365234375,20.441038131713867,32.96465301513672,24.962993621826172,81.54000091552734
2020-08-04,6.26910400390625,43.461116790771484,134.6710205078125,215.8210906982422,4.865926742553711,32.29973220825195,0.9908955097198486,33.17479705810547,466.4985656738281,25.549999237060547,117.94303131103516,65.45182037353516,119.29505157470703,1133.0238037109375,58.95000076293945,68.4310302734375,224.84841918945312,32.15630340576172,147.2256622314453,20.991514205932617,32.46455383300781,25.60527229309082,82.68000030517578
2020-08-05,6.3123393058776855,42.50443649291992,130.0640411376953,209.3411102294922,5.002866268157959,30.474889755249023,0.9785870313644409,31.805675506591797,452.49859619140625,26.450000762939453,114.13957977294922,65.45182037353516,114.85794830322266,1122.04296875,56.900001525878906,67.04578399658203,221.31103515625,31.72962188720703,144.8758087158203,20.330942153930664,31.756084442138672,25.60527229309082,81.6050033569336
2020-08-06,6.44204568862915,42.54998016357422,129.5480499267578,210.5989990234375,4.806585788726807,31.022342681884766,0.9693549275398254,31.208881378173828,452.99859619140625,27.600000381469727,115.65357208251953,65.45182037353516,124.99990844726562,1119.5474853515625,57.45000076293945,68.7542495727539,218.0227508544922,32.195091247558594,146.1226806640625,20.40433692932129,32.506229400634766,25.904996871948242,79.7300033569336
2020-08-07,6.960867404937744,43.64335632324219,132.8650665283203,216.62152099609375,4.861362934112549,31.7066593170166,1.0401326417922974,30.928037643432617,455.49859619140625,28.0,119.75238037109375,82.3008041381836,124.661865234375,1142.0084228515625,58.849998474121094,69.26217651367188,227.3893585205078,32.466617584228516,145.739013671875,20.29424285888672,34.13154220581055,25.648086547851562,80.87000274658203
2020-08-10,7.76071834564209,44.78226852416992,132.312255859375,216.430908203125,4.879620552062988,32.34535598754883,1.055519461631775,30.682302474975586,462.4985656738281,27.049999237060547,117.38909149169922,82.3008041381836,123.3095932006836,1149.994140625,58.04999923706055,68.70807647705078,219.66688537597656,31.884775161743164,148.9041290283203,20.40433692932129,34.96503448486328,25.69091033935547,79.78500366210938
2020-08-11,7.976894855499268,47.10565948486328,127.18923950195312,208.0070037841797,4.820280075073242,31.98038101196289,1.0278240442276,30.50676727294922,458.9985656738281,25.549999237060547,114.28729248046875,82.3008041381836,121.8305435180664,1114.05712890625,57.099998474121094,65.79906463623047,214.28607177734375,32.50540542602539,140.65565490722656,20.22084617614746,35.04838562011719,25.562458038330078,75.70999908447266
2020-08-12,7.631012439727783,45.92118835449219,119.56011962890625,196.4955291748047,4.637693405151367,30.794239044189453,0.9662777185440063,30.19082260131836,443.4986267089844,25.700000762939453,110.29927062988281,82.3008041381836,114.94245147705078,1112.060546875,55.95000076293945,63.7212028503418,207.75933837890625,32.07872009277344,134.1815643310547,19.560272216796875,33.58976745605469,24.063817977905273,71.65499877929688
2020-08-13,7.847188472747803,46.83232498168945,120.77635955810547,200.1166534423828,4.697033882141113,31.43292999267578,0.9816644787788391,30.50676727294922,438.4986267089844,25.75,110.74235534667969,82.3008041381836,113.84373474121094,1134.52099609375,57.900001525878906,65.06027221679688,207.31094360351562,35.065494537353516,135.62025451660156,19.780466079711914,33.96484375,24.449176788330078,72.69000244140625
2020-08-14,7.6526312828063965,44.5089225769043,115.69025421142578,197.94398498535156,4.528141975402832,31.661033630371094,0.9478133320808411,29.909975051879883,439.9986267089844,25.0,107.12355041503906,82.3008041381836,111.60404968261719,1121.044921875,57.099998474121094,62.382137298583984,211.19708251953125,35.569759368896484,129.1461639404297,19.67037010192871,32.79795455932617,23.464366912841797,72.38500213623047
2020-08-18,7.3716020584106445,42.23108673095703,108.06112670898438,186.889892578125,4.382072925567627,29.47122573852539,0.9201179146766663,31.033355712890625,419.9986877441406,23.850000381469727,101.39997100830078,82.3008041381836,112.7027816772461,1085.1072998046875,55.849998474121094,59.519287109375,204.22195434570312,34.44487380981445,123.1995849609375,19.083194732666016,31.005943298339844,23.036176681518555,70.48500061035156
2020-08-19,7.566159725189209,43.8255729675293,111.89417266845703,188.9864044189453,4.4368486404418945,29.88181495666504,0.9447357654571533,32.22694396972656,429.4986572265625,24.600000381469727,102.06464385986328,82.3008041381836,113.75923919677734,1109.065673828125,57.900001525878906,61.273929595947266,204.7201690673828,35.29823303222656,124.4944076538086,19.193288803100586,32.381202697753906,22.993364334106445,72.12000274658203
2020-08-20,7.782336235046387,45.42006301879883,111.56245422363281,189.74871826171875,4.409459590911865,29.836193084716797,1.0370553731918335,32.36736297607422,420.4986877441406,24.5,101.76924133300781,82.78683471679688,115.02698516845703,1108.0675048828125,58.79999923706055,61.043060302734375,203.9230194091797,34.71639633178711,122.86389923095703,19.523576736450195,33.214698791503906,22.351085662841797,72.81500244140625
2020-08-21,7.933660507202148,44.78226852416992,109.53536224365234,187.15672302246094,4.528141975402832,29.151878356933594,1.0493649244308472,32.85884475708008,416.49871826171875,24.049999237060547,100.29218292236328,82.78683471679688,113.29438781738281,1117.0521240234375,58.900001525878906,62.61300277709961,203.02621459960938,35.026710510253906,125.30965423583984,19.633670806884766,32.922977447509766,22.47953987121582,71.5199966430664
2020-08-24,8.084982872009277,45.64784240722656,106.51319122314453,185.82266235351562,4.519011974334717,28.741287231445312,1.0899429321289062,31.24398422241211,375.99884033203125,23.0,99.84907531738281,82.78683471679688,108.56146240234375,1115.5545654296875,58.25,61.13540267944336,186.23606872558594,34.40607452392578,123.63118743896484,19.04649543762207,32.75627899169922,21.409088134765625,71.56999969482422
2020-08-25,7.847188472747803,46.55897521972656,110.08820343017578,188.26210021972656,4.706164360046387,28.285078048706055,1.067077398300171,31.94609832763672,365.9988708496094,22.299999237060547,98.9258804321289,82.78683471679688,110.54759979248047,1110.0640869140625,57.75,60.90453338623047,187.4318084716797,33.397560119628906,117.06119537353516,18.569416046142578,32.131160736083984,20.424266815185547,71.7300033569336
2020-08-26,7.7174835205078125,45.42006301879883,106.18148803710938,180.6005401611328,4.989171981811523,28.741287231445312,1.051833152770996,31.033355712890625,368.9988708496094,22.200000762939453,96.19334411621094,82.78683471679688,105.4343490600586,1110.5631103515625,58.150001525878906,58.13405227661133,180.05809020996094,33.397560119628906,114.75929260253906,18.422622680664062,31.46436309814453,21.623178482055664,69.92500305175781
2020-08-27,7.6526312828063965,43.96224594116211,99.36317443847656,169.08905029296875,5.107853412628174,28.23945426940918,1.0365891456604004,29.945079803466797,347.9989318847656,21.549999237060547,92.16837310791016,82.78683471679688,99.64497375488281,1094.591064453125,57.25,55.54826354980469,171.53846740722656,32.3890380859375,108.18928527832031,17.284969329833984,30.04742431640625,22.77927017211914,67.48999786376953
2020-08-28,8.128217697143555,43.5522346496582,111.12016296386719,182.1633758544922,5.053077220916748,30.064298629760742,1.1318635940551758,31.87588882446289,353.4989013671875,22.899999618530273,98.26122283935547,82.78683471679688,109.153076171875,1177.4466552734375,59.5,62.24361038208008,175.5242462158203,33.20361328125,115.95819854736328,17.87214469909668,30.755895614624023,22.47953987121582,71.11499786376953
2020-08-31,8.279541015625,44.78226852416992,109.86705017089844,184.83157348632812,5.107853412628174,29.88181495666504,1.1814069747924805,32.051414489746094,354.9989013671875,22.549999237060547,98.4827880859375,82.78683471679688,107.58953094482422,1227.3594970703125,59.5,63.90589141845703,173.38189697265625,33.358768463134766,118.78761291503906,17.76205062866211,31.172643661499023,22.56517791748047,72.36000061035156
2020-09-01,8.236306190490723,45.055606842041016,107.43460845947266,184.10736083984375,5.085030555725098,28.969392776489258,1.1699732542037964,31.033355712890625,362.9988708496094,22.100000381469727,97.44883728027344,82.78683471679688,108.18113708496094,1233.84814453125,60.0,61.9665641784668,178.2644805908203,32.50540542602539,119.55491638183594,17.798748016357422,30.589197158813477,22.39390754699707,72.0199966430664
2020-09-02,7.955276966094971,43.78001403808594,103.12245178222656,179.0377197265625,4.815715312957764,28.19383430480957,1.1280525922775269,29.945079803466797,350.4989013671875,21.850000381469727,92.94381713867188,82.78683471679688,104.03982543945312,1216.3782958984375,58.45000076293945,59.3345947265625,171.78756713867188,31.380517959594727,113.27264404296875,17.468461990356445,30.005752563476562,21.02372169494629,69.2300033569336
2020-09-03,7.825571060180664,43.415565490722656,101.7219467163086,181.66786193847656,4.847667217254639,27.41827392578125,1.1356749534606934,29.383390426635742,337.99896240234375,21.649999618530273,92.8330307006836,82.78683471679688,103.61724090576172,1201.9036865234375,58.25,59.3345947265625,165.8088836669922,30.79867935180664,117.39688110351562,17.39506721496582,31.58938980102539,20.723995208740234,67.69000244140625
2020-09-04,7.803954601287842,44.14447021484375,102.12734985351562,179.72381591796875,5.057642459869385,27.41827392578125,1.1509190797805786,29.945079803466797,356.4989013671875,21.549999237060547,93.12844848632812,84.43926239013672,103.5327377319336,1203.4012451171875,59.099998474121094,58.73432159423828,165.55978393554688,32.660560607910156,116.43775939941406,17.17487335205078,31.92278480529785,21.280635833740234,67.2249984741211
2020-09-07,7.955276966094971,44.827823638916016,104.85469818115234,183.3831024169922,5.235664367675781,27.69200325012207,1.1814069747924805,30.120609283447266,366.4988708496094,22.149999618530273,95.9717788696289,84.43926239013672,106.78661346435547,1190.423583984375,58.599998474121094,60.07339096069336,167.1540985107422,33.08724594116211,117.2050552368164,17.4317626953125,31.547712326049805,22.179813385009766,67.71499633789062
2020-09-08,7.847188472747803,45.10116195678711,105.26011657714844,179.64761352539062,5.468461513519287,27.783245086669922,1.173784613609314,29.558917999267578,383.4988098144531,21.5,94.60551452636719,84.43926239013672,106.32177734375,1162.9716796875,59.20000076293945,59.519287109375,165.95835876464844,31.923566818237305,116.77345275878906,18.165733337402344,31.38101577758789,22.051362991333008,66.41999816894531
2020-09-09,7.803954601287842,46.28563690185547,107.5820083618164,181.66786193847656,5.632789611816406,28.011350631713867,1.1775959730148315,29.24296760559082,421.9986877441406,21.799999237060547,97.07957458496094,79.48197174072266,105.64564514160156,1178.94384765625,60.5,60.996891021728516,176.1719512939453,32.07872009277344,116.62958526611328,18.532716751098633,32.047813415527344,21.708820343017578,68.19000244140625
2020-09-10,7.825571060180664,46.65009307861328,109.53536224365234,185.6320343017578,5.641919136047363,27.920106887817383,1.1928397417068481,28.962121963500977,399.4987487792969,22.299999237060547,98.37200927734375,71.38504791259766,106.82887268066406,1217.3768310546875,62.0,63.16709899902344,185.58837890625,32.23387908935547,114.42359924316406,18.936399459838867,32.381202697753906,21.409088134765625,66.91999816894531
2020-09-11,7.609395503997803,45.73896026611328,106.36578369140625,177.8942108154297,5.413685321807861,27.646379470825195,1.1775959730148315,28.716384887695312,386.9988098144531,21.899999618530273,94.23624420166016,72.70700073242188,111.39276885986328,1219.3734130859375,60.95000076293945,60.5813102722168,177.51715087890625,32.466617584228516,115.76636505126953,18.49601936340332,32.29785919189453,20.85245132446289,66.81500244140625
2020-09-14,7.609395503997803,45.73896026611328,101.86936950683594,172.4052734375,5.20827579498291,27.144550323486328,1.1356749534606934,28.54085350036621,373.49884033203125,21.25,89.43580627441406,71.55030059814453,108.35016632080078,1206.3958740234375,59.099998474121094,57.7646484375,182.20046997070312,31.108989715576172,114.27973175048828,18.1290340423584,31.756084442138672,20.1673583984375,64.94000244140625
2020-09-15,7.6526312828063965,45.83007049560547,98.55231475830078,171.33802795410156,5.263051509857178,27.144550323486328,1.1089979410171509,28.014270782470703,367.9988708496094,21.200000762939453,87.55254364013672,70.72408294677734,111.0546875,1189.924560546875,58.849998474121094,57.67230224609375,195.4532012939453,30.604734420776367,112.5053482055664,17.68865203857422,32.589576721191406,19.910451889038086,65.44000244140625
2020-09-16,7.177042484283447,45.01005172729492,90.18608093261719,157.00584411621094,4.902444362640381,25.09160041809082,1.0403995513916016,27.17173957824707,343.4989318847656,19.850000381469727,79.65030670166016,69.07164001464844,102.47628021240234,1111.062255859375,56.650001525878906,53.793617248535156,185.38909912109375,28.35495376586914,105.21599578857422,16.551000595092773,32.96465301513672,19.39663314819336,61.3849983215332
2020-09-17,6.528515338897705,39.63435745239258,86.72164154052734,151.9743194580078,4.445977687835693,24.13355827331543,0.9832345247268677,26.36431121826172,328.4989929199219,18.649999618530273,75.3668441772461,69.07164001464844,92.67235565185547,1057.6553955078125,55.099998474121094,48.89909744262695,186.23606872558594,26.3767032623291,101.09175872802734,15.413348197937012,29.880727767944336,18.326181411743164,58.025001525878906
2020-09-18,6.874396800994873,40.54548645019531,90.84947967529297,159.94085693359375,4.528141975402832,25.59343147277832,1.009912371635437,27.20684242248535,350.4989013671875,21.0,79.35487365722656,69.07164001464844,96.47560119628906,1128.0328369140625,58.79999923706055,50.099639892578125,193.55996704101562,27.191274642944336,108.28520202636719,16.807889938354492,30.92259407043457,17.940814971923828,59.67499923706055
2020-09-21,6.766308307647705,39.17878723144531,89.08040618896484,156.3578338623047,4.377508163452148,25.13722038269043,0.9908570647239685,27.03131103515625,359.9988708496094,20.600000381469727,78.06245422363281,69.07164001464844,98.88432312011719,1127.5333251953125,59.04999923706055,49.40701675415039,192.8126220703125,26.18275260925293,112.21760559082031,17.17487335205078,29.505657196044922,17.212907791137695,57.26499938964844
2020-09-22,6.960867404937744,40.6366081237793,89.44895935058594,156.5103302001953,4.4733662605285645,26.095264434814453,1.0175340175628662,27.69832420349121,354.4989013671875,21.450000762939453,77.13931274414062,69.07164001464844,100.57465362548828,1120.0465087890625,60.400001525878906,47.23680114746094,194.60623168945312,25.5621280670166,113.27264404296875,17.17487335205078,30.005752563476562,17.426998138427734,55.94499969482422
2020-09-23,7.609395503997803,42.41331481933594,86.86904907226562,153.3846893310547,4.62399959564209,26.36899185180664,1.0251563787460327,27.522794723510742,347.9989318847656,22.0,76.21614074707031,69.07164001464844,96.34883117675781,1137.5157470703125,57.650001525878906,45.52833557128906,197.5955810546875,26.842172622680664,117.10914611816406,17.17487335205078,31.756084442138672,18.754362106323242,54.90999984741211
2020-09-24,7.782336235046387,42.914432525634766,90.96004486083984,158.68299865722656,4.779198169708252,26.962064743041992,1.051833152770996,28.049379348754883,347.4989318847656,22.450000762939453,81.71817779541016,69.07164001464844,100.49014282226562,1149.4951171875,58.0,48.6682243347168,192.86245727539062,28.587688446044922,113.70425415039062,17.61525535583496,31.96445655822754,18.79718589782715,55.10499954223633
2020-09-25,7.847188472747803,43.233341217041016,91.77088928222656,161.42742919921875,4.829409122467041,28.148212432861328,1.0480217933654785,29.558917999267578,341.4989318847656,22.5,79.39181518554688,69.07164001464844,103.49047088623047,1154.985595703125,60.29999923706055,48.06794738769531,190.02256774902344,29.634998321533203,113.8481216430664,18.2391300201416,32.42288589477539,18.754362106323242,54.11000061035156
2020-09-28,7.631012439727783,44.14447021484375,91.58660125732422,160.20770263671875,4.815715312957764,27.463897705078125,1.0175340175628662,28.43553924560547,341.9989318847656,22.25,78.2840347290039,69.07164001464844,104.03982543945312,1169.9595947265625,60.400001525878906,47.0982780456543,193.11155700683594,29.05316162109375,114.1838150024414,18.165733337402344,33.256378173828125,18.8828125,54.560001373291016
2020-09-29,7.674248218536377,45.37450408935547,90.40719604492188,160.0552215576172,4.806585788726807,28.37631607055664,0.9870460629463196,27.873849868774414,349.4989318847656,21.799999237060547,79.17024993896484,69.07164001464844,104.42015075683594,1155.9840087890625,60.45000076293945,48.39117431640625,187.631103515625,28.936792373657227,113.27264404296875,18.1290340423584,34.13154220581055,18.411821365356445,53.970001220703125
2020-09-30,7.76071834564209,42.64109802246094,89.55952453613281,158.26370239257812,4.573787689208984,27.5095157623291,0.9641805291175842,28.11958885192871,339.49896240234375,22.75,78.21016693115234,69.07164001464844,109.49114990234375,1126.5352783203125,59.650001525878906,47.79090118408203,183.34637451171875,28.277376174926758,111.83395385742188,18.1290340423584,32.29785919189453,18.497447967529297,51.66999816894531
2020-10-01,7.782336235046387,43.73446273803711,92.50799560546875,163.79071044921875,4.783762454986572,28.55880355834961,1.0175340175628662,30.331241607666016,342.9989318847656,23.299999237060547,80.4626693725586,69.07164001464844,110.88566589355469,1142.0084228515625,61.70000076293945,50.00728988647461,193.9585418701172,29.32468605041504,119.93856811523438,18.826305389404297,33.548099517822266,18.668725967407227,54.959999084472656
2020-10-02,7.868807315826416,45.465614318847656,94.46133422851562,163.25706481933594,4.79745626449585,28.969392776489258,1.0327779054641724,30.05039405822754,346.4989318847656,23.350000381469727,80.83195495605469,69.07164001464844,114.77342987060547,1131.5263671875,64.55000305175781,49.82258987426758,200.53509521484375,29.9453125,121.61703491210938,19.009798049926758,34.1732177734375,18.668725967407227,56.0
2020-10-05,7.782336235046387,46.37675476074219,95.7144775390625,161.3512420654297,4.92070198059082,28.92377281188965,1.04421067237854,30.50676727294922,348.4989318847656,23.100000381469727,79.6133804321289,69.07164001464844,120.14022064208984,1132.0255126953125,65.8499984741211,48.11412048339844,204.91946411132812,29.86773681640625,124.35053253173828,19.119892120361328,35.34010696411133,18.540271759033203,57.900001525878906
2020-10-06,7.6526312828063965,48.47235870361328,92.39743041992188,159.17852783203125,4.824845314025879,29.608089447021484,0.9946683645248413,31.208881378173828,344.9989318847656,21.950000762939453,77.69320678710938,69.07164001464844,122.21089172363281,1113.05859375,63.150001525878906,46.08243179321289,210.5493927001953,29.091951370239258,125.74127197265625,19.009798049926758,39.507572174072266,18.625905990600586,56.099998474121094
2020-10-07,7.674248218536377,49.201271057128906,91.43917083740234,160.7413330078125,4.838538646697998,30.70299530029297,0.9756131768226624,32.22694396972656,353.9989013671875,21.5,78.65327453613281,69.07164001464844,121.70378112792969,1090.098876953125,63.849998474121094,46.17477798461914,210.49957275390625,29.634998321533203,123.1995849609375,18.2391300201416,39.71595001220703,18.540271759033203,56.7599983215332
2020-10-08,7.76071834564209,48.290138244628906,94.42449188232422,165.3916473388672,4.8339738845825195,31.250450134277344,1.0061012506484985,33.10458755493164,361.4988708496094,21.850000381469727,81.20122528076172,69.07164001464844,124.3660659790039,1098.0849609375,64.80000305175781,47.28297424316406,220.0654754638672,30.216838836669922,124.63827514648438,18.2391300201416,38.715755462646484,19.182544708251953,58.64500045776367
2020-10-09,7.76071834564209,48.10790252685547,95.16162109375,166.192138671875,4.893314361572266,30.70299530029297,0.9984787106513977,33.947120666503906,362.4988708496094,22.299999237060547,79.6133804321289,76.01185607910156,122.39066314697266,1061.1494140625,66.6500015258789,47.42150115966797,225.19717407226562,30.604734420776367,128.52273559570312,18.05563735961914,39.00747299194336,19.39663314819336,61.060001373291016
2020-10-13,7.7174835205078125,46.55897521972656,93.68739318847656,163.02835083007812,4.829409122467041,31.752275466918945,1.0289669036865234,34.89496994018555,359.9988708496094,22.75,79.6133804321289,76.01185607910156,120.69621276855469,1048.171875,71.05000305175781,46.45183181762695,230.7274627685547,31.80719757080078,137.010986328125,18.78960609436035,38.215660095214844,21.280635833740234,59.45500183105469
2020-10-14,7.609395503997803,48.016788482666016,96.34097290039062,163.9813232421875,4.8567962646484375,33.25777816772461,1.0365891456604004,35.77260971069336,373.99884033203125,23.850000381469727,79.57646942138672,76.01185607910156,124.95404052734375,1087.6031494140625,75.0999984741211,47.0982780456543,237.50331115722656,32.81571960449219,144.060546875,19.340084075927734,39.67427062988281,22.09418296813965,61.14500045776367
2020-10-15,7.631012439727783,49.29238510131836,98.66291046142578,169.43212890625,4.893314361572266,32.75593948364258,1.051833152770996,35.52687072753906,385.4988098144531,24.75,81.01657104492188,76.01185607910156,129.08152770996094,1078.119873046875,77.3499984741211,48.575870513916016,236.50686645507812,32.97087860107422,149.19187927246094,19.303382873535156,41.34125518798828,22.52235984802246,61.70500183105469
2020-10-16,7.76071834564209,48.92793273925781,105.11267852783203,175.3402862548828,4.811150550842285,32.80156707763672,1.0365891456604004,34.64923095703125,401.9987487792969,26.399999618530273,84.41380310058594,76.01185607910156,132.9048614501953,1110.5631103515625,78.0999984741211,50.60755920410156,239.24710083007812,33.47513961791992,151.87742614746094,19.376781463623047,42.591495513916016,22.607995986938477,60.70000076293945
2020-10-19,7.912040710449219,46.37675476074219,104.89152526855469,176.4457550048828,4.843103885650635,34.03333282470703,1.067077398300171,34.47370529174805,414.99871826171875,29.049999237060547,85.18927764892578,76.01185607910156,136.38064575195312,1141.0101318359375,78.8499984741211,52.6854248046875,242.7346649169922,35.84128189086914,156.76895141601562,20.77132225036621,41.34125518798828,23.592819213867188,58.994998931884766
2020-10-20,7.955276966094971,46.46786880493164,104.78096008300781,171.60484313964844,4.934396266937256,35.584449768066406,1.0785101652145386,34.82475662231445,420.4986877441406,29.5,84.00761413574219,76.01185607910156,132.77450561523438,1205.3975830078125,81.19999694824219,52.038978576660156,256.0372314453125,37.47043228149414,159.8861083984375,21.615386962890625,42.75819778442383,23.078996658325195,59.744998931884766
2020-10-21,7.868807315826416,47.56122589111328,107.65571594238281,172.672119140625,5.002866268157959,35.94942092895508,1.0861316919326782,35.94813919067383,426.9986877441406,28.950000762939453,84.9307861328125,76.01185607910156,135.51170349121094,1217.3768310546875,79.55000305175781,52.82394790649414,264.80596923828125,38.51774215698242,157.05670166015625,21.982372283935547,43.84173583984375,23.25027084350586,58.654998779296875
2020-10-22,7.955276966094971,47.652339935302734,115.063720703125,179.0377197265625,4.925267696380615,37.18118667602539,1.0785101652145386,36.439613342285156,426.4986877441406,29.25,88.5495834350586,76.01185607910156,137.11923217773438,1282.7628173828125,84.30000305175781,54.71712112426758,268.9910583496094,38.09105682373047,163.626708984375,22.532848358154297,44.5085334777832,23.464366912841797,62.26499938964844
2020-10-23,8.128217697143555,48.10790252685547,115.72711944580078,178.08477783203125,5.080466270446777,37.4092903137207,1.0937540531158447,39.599124908447266,413.99871826171875,30.549999237060547,87.7371826171875,76.01185607910156,139.81295776367188,1292.7451171875,85.44999694824219,54.76329040527344,263.2116394042969,37.62559127807617,166.50408935546875,22.716341018676758,48.00920486450195,23.33591079711914,64.05000305175781
2020-10-26,7.998511791229248,46.74120330810547,106.36578369140625,165.1629638671875,4.838538646697998,36.26876449584961,1.0594547986984253,37.4927864074707,383.4988098144531,29.450000762939453,82.8629150390625,76.01185607910156,128.21258544921875,1231.3521728515625,81.5,50.60755920410156,238.74887084960938,34.48365783691406,151.1580810546875,21.39519691467285,46.75896453857422,23.76408576965332,59.494998931884766
2020-10-27,7.3499836921691895,45.23783493041992,99.36317443847656,156.16725158691406,4.847667217254639,33.80522537231445,1.009912371635437,34.47370529174805,357.9989013671875,27.649999618530273,78.32096862792969,76.01185607910156,120.95689392089844,1202.902099609375,77.6500015258789,47.74472427368164,221.56015014648438,33.164825439453125,140.99134826660156,20.074052810668945,42.591495513916016,22.179813385009766,56.20500183105469
2020-10-28,7.241896152496338,42.82332992553711,90.14923095703125,141.9113311767578,4.560094833374023,31.159208297729492,0.9222594499588013,32.47268295288086,350.4989013671875,25.700000762939453,72.3388671875,69.4021224975586,115.74323272705078,1138.514404296875,69.75,46.17477798461914,204.57070922851562,31.49687957763672,137.63441467285156,19.193288803100586,40.882835388183594,20.980913162231445,51.099998474121094
2020-10-29,7.501306533813477,44.46337127685547,91.58660125732422,146.5235137939453,4.738116264343262,32.98405075073242,0.9298810958862305,34.719444274902344,372.49884033203125,26.75,74.25904083251953,69.4021224975586,117.22042846679688,1154.985595703125,70.8499984741211,49.360843658447266,206.21484375,32.8932991027832,147.8970489501953,19.707067489624023,42.75819778442383,21.880088806152344,51.505001068115234
2020-10-30,7.285131454467773,46.83232498168945,92.50799560546875,141.87315368652344,4.783762454986572,31.113582611083984,0.9070154428482056,34.40349578857422,384.4988098144531,26.450000762939453,71.19416809082031,69.4021224975586,116.48184204101562,1153.9871826171875,73.05000305175781,47.79090118408203,195.5528564453125,32.117515563964844,146.69815063476562,19.193288803100586,48.25925064086914,21.880088806152344,51.040000915527344
2020-11-02,7.52292537689209,46.923431396484375,102.93816375732422,155.51922607421875,4.9754791259765625,31.889141082763672,0.952747642993927,37.77362823486328,421.4986877441406,27.0,79.65030670166016,69.4021224975586,119.26246643066406,1236.3436279296875,74.94999694824219,52.916297912597656,207.80917358398438,33.66908264160156,154.22727966308594,20.47773551940918,48.092552185058594,23.37872886657715,52.14500045776367
2020-11-03,7.825571060180664,45.465614318847656,102.49590301513672,156.3197021484375,5.089594841003418,33.48588562011719,0.9870460629463196,38.58106231689453,410.49871826171875,27.25,80.38883209228516,69.4021224975586,124.82369232177734,1269.7855224609375,74.94999694824219,52.77777862548828,204.22195434570312,34.13455581665039,157.05670166015625,20.697927474975586,47.675804138183594,23.80690574645996,54.529998779296875
2020-11-04,7.782336235046387,45.055606842041016,100.4319839477539,151.9743194580078,4.8567962646484375,32.43659210205078,0.9718018770217896,37.56299591064453,407.9987487792969,26.600000381469727,79.2810287475586,69.4021224975586,123.43338775634766,1255.8095703125,77.0,51.80810546875,200.68455505371094,34.173343658447266,149.19187927246094,20.29424285888672,45.42537307739258,23.592819213867188,53.44499969482422
2020-11-05,7.825571060180664,45.32894515991211,106.0340576171875,161.54180908203125,5.080466270446777,33.66836929321289,0.9946683645248413,38.9321174621582,409.49871826171875,27.450000762939453,84.9307861328125,69.4021224975586,124.17198181152344,1257.3072509765625,75.94999694824219,53.655094146728516,204.07249450683594,34.018184661865234,150.05508422851562,20.954814910888672,46.092166900634766,23.978181838989258,57.06999969482422
2020-11-06,7.868807315826416,45.51118087768555,105.29695892333984,163.1808624267578,5.0165605545043945,35.082618713378906,1.009912371635437,38.1597900390625,406.9987487792969,27.950000762939453,85.11540222167969,69.4021224975586,120.8265609741211,1254.3123779296875,78.5999984741211,52.6854248046875,205.71661376953125,34.28971481323242,153.45997619628906,21.248403549194336,45.592071533203125,23.93536376953125,55.540000915527344
2020-11-09,7.955276966094971,45.92118835449219,113.073486328125,173.92994689941406,5.066771030426025,34.48954772949219,1.0480217933654785,39.63422775268555,414.99871826171875,27.600000381469727,90.32205200195312,77.16856384277344,117.6983642578125,1261.799072265625,76.5,55.31739044189453,210.6988525390625,35.22065353393555,148.76026916503906,21.28510093688965,44.675228118896484,24.748905181884766,60.875
2020-11-10,8.798364639282227,44.7367057800293,120.03927612304688,187.04238891601562,5.267617225646973,35.26510238647461,1.0632660388946533,39.493804931640625,434.9986572265625,28.799999237060547,95.0855484008789,77.16856384277344,121.39136505126953,1265.7923583984375,78.5999984741211,59.56547164916992,224.69895935058594,35.53096389770508,149.91122436523438,21.798879623413086,43.75838851928711,24.834543228149414,70.33999633789062
2020-11-11,9.079392433166504,45.42006301879883,116.02201080322266,180.75303649902344,5.468461513519287,34.30706024169922,1.0327779054641724,39.31827926635742,454.99859619140625,28.899999618530273,92.8330307006836,79.97769165039062,129.4725341796875,1261.799072265625,80.94999694824219,57.21055221557617,217.37506103515625,35.3370246887207,154.1793212890625,22.165864944458008,43.75838851928711,24.748905181884766,67.01499938964844
2020-11-12,8.625423431396484,45.14672088623047,109.83020782470703,171.07119750976562,5.317828178405762,32.80156707763672,1.0175340175628662,37.94915771484375,426.4986877441406,27.75,87.958740234375,79.97769165039062,128.08224487304688,1269.7855224609375,77.80000305175781,53.7474479675293,203.12586975097656,34.018184661865234,152.88449096679688,20.58782958984375,42.25810241699219,24.363542556762695,64.88500213623047
2020-11-13,8.538951873779297,45.01005172729492,113.5157699584961,173.20574951171875,5.290439128875732,32.98405075073242,1.0327779054641724,37.00130844116211,451.49859619140625,27.399999618530273,89.02960968017578,79.97769165039062,126.51814270019531,1306.720947265625,78.3499984741211,55.31739044189453,202.67745971679688,33.12603759765625,151.58969116210938,20.441038131713867,40.882835388183594,24.834543228149414,67.38500213623047
2020-11-16,8.73351001739502,45.465614318847656,115.28486633300781,173.3201141357422,5.463897228240967,34.26144027709961,1.0175340175628662,38.756587982177734,446.9986267089844,27.75,91.46676635742188,79.31671905517578,130.6021728515625,1316.204345703125,80.44999694824219,55.64060974121094,205.71661376953125,33.08724594116211,150.58261108398438,20.47773551940918,41.63297653198242,24.87735939025879,70.1050033569336
2020-11-17,8.711894035339355,45.37450408935547,117.82791900634766,178.23727416992188,5.623659610748291,34.808895111083984,1.009912371635437,40.933135986328125,438.4986267089844,27.5,93.86697387695312,79.31671905517578,136.07652282714844,1294.2427978515625,79.94999694824219,56.748809814453125,200.43544006347656,33.048458099365234,155.95370483398438,20.551132202148438,42.591495513916016,24.834543228149414,71.80999755859375
2020-11-18,8.81998062133789,45.01005172729492,112.15211486816406,172.5577392578125,5.619095325469971,33.85084915161133,0.9832345247268677,42.33735656738281,432.4986572265625,27.549999237060547,91.57755279541016,79.31671905517578,134.46896362304688,1284.7593994140625,78.3499984741211,53.93214416503906,206.56361389160156,33.242401123046875,151.11012268066406,19.817163467407227,42.34144973754883,24.748905181884766,72.56999969482422
2020-11-19,8.776745796203613,43.78001403808594,112.41012573242188,174.0443115234375,5.477590560913086,34.9001350402832,0.9832345247268677,40.933135986328125,425.4986877441406,26.700000762939453,92.27914428710938,79.31671905517578,132.29661560058594,1296.239501953125,78.05000305175781,53.14717102050781,212.8412322998047,32.8932991027832,148.42457580566406,19.596973419189453,41.75800323486328,24.320720672607422,70.8949966430664
2020-11-20,8.647041320800781,43.73446273803711,113.99490356445312,179.152099609375,5.477590560913086,33.8964729309082,0.9718018770217896,42.12672424316406,416.49871826171875,25.950000762939453,91.68832397460938,79.31671905517578,134.9034423828125,1291.248046875,80.5999984741211,53.1933479309082,215.03341674804688,32.85450744628906,154.89866638183594,19.376781463623047,42.008052825927734,24.192270278930664,72.74500274658203
2020-11-24,8.495718002319336,44.69115447998047,121.40292358398438,192.34071350097656,5.573448657989502,34.763267517089844,0.9946683645248413,41.88098907470703,431.9986572265625,26.5,97.33805847167969,79.31671905517578,143.1149444580078,1283.26171875,83.44999694824219,55.54826354980469,232.47125244140625,33.43634796142578,161.85232543945312,19.817163467407227,43.25829315185547,24.106637954711914,80.3550033569336
2020-11-25,8.301158905029297,46.37675476074219,122.656005859375,192.9124755859375,5.568883895874023,35.630069732666016,0.9870460629463196,41.10866165161133,429.9986572265625,26.450000762939453,96.85802459716797,79.31671905517578,145.3742218017578,1268.787353515625,83.0999984741211,56.148536682128906,238.6492156982422,35.68612289428711,160.22181701660156,19.963956832885742,44.00843811035156,23.80690574645996,77.1500015258789
2020-11-26,8.452481269836426,48.199031829833984,122.91400146484375,193.7891845703125,5.509543418884277,34.94575881958008,0.9984787106513977,41.529930114746094,435.4986572265625,26.450000762939453,97.07957458496094,79.31671905517578,146.6341552734375,1253.8133544921875,83.19999694824219,56.5179328918457,233.61715698242188,36.11280822753906,162.0441436767578,19.963956832885742,45.008628845214844,23.549999237060547,77.98500061035156
2020-11-27,8.474099159240723,48.74570083618164,129.0689239501953,197.3721923828125,5.550625324249268,35.584449768066406,0.9984787106513977,40.72249984741211,435.9986572265625,27.399999618530273,100.51375579833984,79.31671905517578,149.458251953125,1309.7156982421875,82.9000015258789,57.903175354003906,238.499755859375,36.03523254394531,158.59130859375,21.431894302368164,44.4251823425293,24.53481674194336,81.26499938964844
2020-11-30,8.257923126220703,47.925682067871094,126.489013671875,188.49085998535156,5.53693151473999,35.99504470825195,0.9832345247268677,41.21398162841797,431.9986572265625,26.649999618530273,96.45182037353516,79.31671905517578,148.9803009033203,1299.234130859375,84.6500015258789,55.59444046020508,246.770263671875,34.987918853759766,155.8577880859375,21.46859359741211,45.2586784362793,24.449176788330078,76.54000091552734
2020-12-01,8.322775840759277,48.10790252685547,125.56759643554688,187.23297119140625,5.523237228393555,35.26510238647461,1.009912371635437,41.529930114746094,419.4986877441406,27.100000381469727,97.5965347290039,79.31671905517578,147.72035217285156,1316.7034912109375,84.0,55.59444046020508,242.93394470214844,35.72491455078125,160.941162109375,22.973228454589844,45.675418853759766,25.60527229309082,78.83999633789062
2020-12-02,8.474099159240723,48.290138244628906,125.0885238647461,189.52001953125,5.541496276855469,36.95308303833008,1.0365891456604004,40.968238830566406,436.4986572265625,27.600000381469727,98.18737030029297,79.31671905517578,146.8513946533203,1346.1522216796875,82.5999984741211,57.81082534790039,252.0514373779297,35.49217987060547,161.66049194335938,23.48700714111328,46.25886917114258,25.51963233947754,78.0999984741211
2020-12-03,8.474099159240723,47.56122589111328,124.1671142578125,186.20379638671875,5.559754848480225,37.08994674682617,1.0403995513916016,41.143768310546875,442.4986267089844,27.649999618530273,98.22428131103516,79.31671905517578,149.28443908691406,1351.1434326171875,83.75,55.917659759521484,261.66717529296875,35.53096389770508,160.8931884765625,23.009929656982422,46.25886917114258,25.348358154296875,76.00499725341797
2020-12-04,8.084982872009277,47.56122589111328,124.20398712158203,185.78453063964844,5.573448657989502,36.223148345947266,1.0289669036865234,42.12672424316406,439.4986267089844,27.0,96.15641021728516,80.47342681884766,148.0244903564453,1345.653076171875,82.44999694824219,55.132686614990234,256.53546142578125,34.36729049682617,161.61253356933594,22.20256233215332,45.091976165771484,24.149450302124023,78.1449966430664
2020-12-09,7.890424728393555,44.60004425048828,117.27507019042969,176.9412841796875,5.422815799713135,34.17020034790039,0.9870460629463196,41.354400634765625,429.4986572265625,26.299999237060547,92.13143920898438,80.47342681884766,141.0294952392578,1375.6009521484375,76.30000305175781,53.42422103881836,239.64566040039062,33.43634796142578,151.9253692626953,21.175004959106445,42.67484664916992,23.678455352783203,73.30999755859375
2020-12-10,7.76071834564209,45.64784240722656,118.5650405883789,180.02880859375,5.523237228393555,35.49320983886719,1.0022900104522705,41.10866165161133,438.9986267089844,26.25,95.8240737915039,80.47342681884766,145.72177124023438,1399.0599365234375,81.0999984741211,54.116844177246094,234.11538696289062,33.63029479980469,151.6855926513672,21.57868766784668,45.091976165771484,24.149450302124023,77.69499969482422
2020-12-11,7.6526312828063965,45.055606842041016,118.85990142822266,179.76197814941406,5.509543418884277,35.31072235107422,0.9908570647239685,41.07355499267578,448.99859619140625,26.149999618530273,95.04862213134766,80.47342681884766,145.89556884765625,1381.09130859375,80.0,56.37940979003906,244.72755432128906,34.638816833496094,155.80982971191406,21.982372283935547,45.675418853759766,23.978181838989258,77.48500061035156
2020-12-14,7.436455249786377,43.73446273803711,115.61658477783203,176.5601043701172,5.441073417663574,34.580787658691406,0.9603691101074219,41.21398162841797,441.4986267089844,25.799999237060547,93.83003997802734,80.47342681884766,145.50454711914062,1377.098388671875,81.0,55.40974044799805,233.9160919189453,34.71639633178711,152.5008544921875,21.9456729888916,43.59169006347656,24.063817977905273,77.95999908447266
2020-12-15,7.3716020584106445,43.73446273803711,117.49620056152344,178.3134765625,5.509543418884277,33.98771286010742,0.9756131768226624,40.2661247253418,457.49859619140625,26.049999237060547,94.7162857055664,80.47342681884766,147.37278747558594,1415.031982421875,80.0,55.40974044799805,231.57443237304688,34.13455581665039,159.16676330566406,22.129165649414062,44.4251823425293,23.80690574645996,77.16500091552734
2020-12-16,7.782336235046387,44.78226852416992,113.5895004272461,179.22828674316406,5.486721038818359,33.34901809692383,0.9756131768226624,38.82679748535156,462.9985656738281,25.899999618530273,93.97775268554688,80.47342681884766,149.32789611816406,1444.480712890625,80.5,55.086517333984375,224.30038452148438,33.82423782348633,158.54335021972656,21.798879623413086,44.591880798339844,23.549999237060547,77.87999725341797
2020-12-17,7.868807315826416,45.465614318847656,110.60417175292969,178.35162353515625,5.527801990509033,34.03333282470703,0.9718018770217896,38.9321174621582,458.4985656738281,26.200000762939453,93.46077728271484,80.47342681884766,154.62843322753906,1469.936279296875,82.69999694824219,55.59444046020508,216.52809143066406,33.397560119628906,154.56297302246094,21.32179832458496,43.84173583984375,22.993364334106445,77.16000366210938
2020-12-18,8.063364028930664,45.51118087768555,107.36087799072266,173.6250457763672,5.578012943267822,34.30706024169922,0.9679914116859436,38.40553283691406,448.49859619140625,25.649999618530273,90.0266342163086,80.47342681884766,156.3228759765625,1482.4144287109375,81.4000015258789,53.655094146728516,218.17221069335938,33.358768463134766,151.8294677734375,20.7346248626709,42.75819778442383,22.222637176513672,76.25499725341797
2020-12-21,7.825571060180664,43.05111312866211,105.66548156738281,165.01048278808594,5.477590560913086,33.30339431762695,0.9298810958862305,37.17683792114258,423.9986877441406,24.850000381469727,88.36494445800781,80.47342681884766,149.2410125732422,1476.9239501953125,76.30000305175781,51.20783615112305,202.82693481445312,31.80719757080078,144.2044219970703,19.92725944519043,40.63278579711914,22.051362991333008,72.05500030517578
2020-12-22,7.782336235046387,44.554481506347656,108.87193298339844,167.90745544433594,5.564319133758545,33.0296745300293,0.937503457069397,38.01936721801758,426.9986877441406,24.899999618530273,89.10347747802734,80.47342681884766,148.58929443359375,1492.3970947265625,75.44999694824219,52.17750549316406,195.95143127441406,32.03993606567383,143.8687286376953,19.413480758666992,41.299583435058594,23.036176681518555,70.63500213623047
2020-12-23,7.825571060180664,44.14447021484375,113.62635040283203,172.4052734375,5.696695327758789,34.21581268310547,0.9679914116859436,39.177852630615234,423.9986877441406,25.75,92.75917053222656,80.47342681884766,153.41192626953125,1541.8106689453125,76.5999984741211,55.59444046020508,192.3144073486328,33.281192779541016,147.03384399414062,19.560272216796875,40.46609115600586,23.80690574645996,73.88500213623047
2020-12-28,7.739101886749268,42.777774810791016,110.97274017333984,170.30886840820312,5.568883895874023,33.0296745300293,0.9565579891204834,40.933135986328125,408.4987487792969,26.049999237060547,92.53763580322266,80.47342681884766,150.63131713867188,1565.7689208984375,74.30000305175781,53.93214416503906,188.32861328125,32.00114822387695,140.99134826660156,19.450178146362305,39.17417526245117,24.149450302124023,70.53500366210938
2020-12-29,7.76071834564209,43.0966682434082,114.03178405761719,175.5308837890625,5.619095325469971,32.98405075073242,0.952747642993927,42.7235221862793,411.49871826171875,29.700000762939453,94.82705688476562,80.47342681884766,151.41336059570312,1570.26123046875,76.0999984741211,55.871482849121094,198.1436309814453,33.164825439453125,146.02676391601562,20.84471893310547,39.00747299194336,24.49199676513672,70.6500015258789
2020-12-30,7.609395503997803,43.005550384521484,114.73201751708984,173.28196716308594,5.623659610748291,32.75593948364258,0.9489363431930542,45.286231994628906,423.4986877441406,28.600000381469727,92.86995697021484,80.47342681884766,157.06149291992188,1593.22119140625,77.6500015258789,57.71847915649414,195.95143127441406,32.466617584228516,146.8899688720703,21.46859359741211,38.54905700683594,24.87735939025879,69.38500213623047
2021-01-04,8.020130157470703,43.96224594116211,112.2258529663086,166.64956665039062,5.482155799865723,33.713985443115234,0.9222594499588013,44.7596435546875,423.9986877441406,28.100000381469727,91.02362823486328,80.47342681884766,150.50096130371094,1584.73583984375,76.69999694824219,56.5179328918457,186.88375854492188,31.84598731994629,148.76026916503906,21.46859359741211,41.46628189086914,24.49199676513672,67.625
2021-01-05,8.582186698913574,46.46786880493164,110.64104461669922,168.3648223876953,5.463897228240967,35.0369987487793,0.9260697960853577,45.98834228515625,432.4986572265625,27.75,91.31906127929688,80.47342681884766,152.1085205078125,1569.262939453125,78.0,56.05618667602539,192.3144073486328,33.242401123046875,151.54173278808594,21.431894302368164,43.59169006347656,24.106637954711914,69.02999877929688
2021-01-06,8.538951873779297,48.10790252685547,109.27737426757812,166.3065185546875,5.509543418884277,34.124576568603516,0.933692216873169,46.620243072509766,447.99859619140625,27.549999237060547,90.87592315673828,80.47342681884766,152.36920166015625,1572.2579345703125,77.69999694824219,55.825313568115234,193.75924682617188,33.319984436035156,147.4654541015625,21.32179832458496,45.675418853759766,24.40636444091797,69.43000030517578
2021-01-07,8.755127906799316,48.381248474121094,107.5820083618164,169.58456420898438,5.504978179931641,33.94209289550781,0.9298810958862305,48.4106330871582,448.49859619140625,27.149999618530273,91.50366973876953,80.47342681884766,151.15267944335938,1567.765869140625,79.44999694824219,55.31739044189453,200.036865234375,32.73814010620117,153.22019958496094,21.064910888671875,46.008819580078125,24.106637954711914,72.31999969482422
2021-01-08,8.409245491027832,48.65459442138672,107.32402038574219,168.89846801757812,5.5004143714904785,33.48588562011719,0.9184480905532837,47.67340850830078,391.998779296875,26.899999618530273,90.58052825927734,80.47342681884766,144.63558959960938,1585.7342529296875,76.69999694824219,54.994163513183594,199.23971557617188,32.117515563964844,149.3357391357422,20.441038131713867,46.008819580078125,24.106637954711914,68.97000122070312
2021-01-11,8.214689254760742,49.01904296875,101.94306182861328,163.29518127441406,5.477590560913086,32.93842697143555,0.91463702917099,47.8138313293457,384.4988098144531,25.799999237060547,88.80806732177734,80.47342681884766,144.07078552246094,1576.750244140625,74.55000305175781,53.331871032714844,198.1934356689453,31.80719757080078,152.64471435546875,20.367639541625977,47.09236145019531,23.84972381591797,66.75499725341797
2021-01-12,8.301158905029297,48.47235870361328,108.17169952392578,165.77285766601562,5.532366752624512,33.39463806152344,0.91463702917099,55.9232292175293,379.9988098144531,26.100000381469727,89.69429016113281,80.47342681884766,147.72035217285156,1555.7867431640625,76.05000305175781,52.916297912597656,197.99415588378906,31.613252639770508,154.1793212890625,19.963956832885742,46.84231185913086,24.02099609375,64.03500366210938
2021-01-13,8.647041320800781,48.10790252685547,109.05622863769531,162.647216796875,5.518672943115234,33.80522537231445,0.9108266830444336,55.85301208496094,383.9988098144531,26.5,89.50967407226562,79.48197174072266,145.89556884765625,1582.73974609375,77.19999694824219,53.47039794921875,195.80197143554688,31.41930389404297,155.09048461914062,19.890560150146484,45.92546844482422,24.106637954711914,62.88999938964844
2021-01-14,8.668658256530762,46.923431396484375,109.94075775146484,165.81097412109375,5.541496276855469,33.94209289550781,0.9070154428482056,57.99446105957031,383.4988098144531,26.700000762939453,89.50967407226562,79.48197174072266,142.50669860839844,1584.73583984375,77.0999984741211,52.916297912597656,199.43899536132812,31.41930389404297,153.45997619628906,20.18414878845215,45.92546844482422,24.106637954711914,63.97999954223633
2021-01-15,8.430864334106445,47.1967658996582,107.76628875732422,162.91403198242188,5.445638656616211,32.93842697143555,0.9070154428482056,60.80290603637695,384.4988098144531,27.049999237060547,88.66036224365234,79.48197174072266,139.03091430664062,1612.687255859375,77.80000305175781,53.1933479309082,196.15072631835938,30.876258850097656,151.11012268066406,20.074052810668945,45.175323486328125,24.40636444091797,61.540000915527344
2021-01-18,8.322775840759277,47.834564208984375,106.14464569091797,161.96109008789062,5.409120559692383,32.071632385253906,0.8917715549468994,63.01455307006836,376.99884033203125,26.700000762939453,87.5894775390625,79.48197174072266,135.16412353515625,1645.6298828125,77.0999984741211,52.50072479248047,194.70587158203125,30.216838836669922,147.70523071289062,20.18414878845215,45.008628845214844,24.49199676513672,61.94499969482422
2021-01-19,8.582186698913574,48.47235870361328,105.92350769042969,161.16064453125,5.431943416595459,32.84718704223633,0.8955825567245483,65.89321899414062,371.99884033203125,27.350000381469727,86.37091827392578,79.48197174072266,141.9853057861328,1629.93212890625,78.69999694824219,52.26985168457031,196.30018615722656,30.333206176757812,153.26815795898438,20.40433692932129,45.92546844482422,24.40636444091797,60.869998931884766
2021-01-20,8.474099159240723,48.74570083618164,108.79824829101562,162.3041534423828,5.468461513519287,33.212154388427734,0.8879601955413818,61.785865783691406,358.9989013671875,27.25,87.1463623046875,79.48197174072266,143.41908264160156,1615.455322265625,80.44999694824219,52.26985168457031,193.55996704101562,29.86773681640625,153.3161163330078,20.22084617614746,45.92546844482422,24.363542556762695,56.90999984741211
2021-01-21,7.998511791229248,48.199031829833984,104.74411010742188,157.99685668945312,5.304133892059326,32.52783966064453,0.8574722409248352,56.23917770385742,358.4989013671875,25.700000762939453,84.78306579589844,79.48197174072266,136.7282257080078,1593.489990234375,76.75,50.7460823059082,190.76991271972656,28.66526985168457,149.38369750976562,19.817163467407227,45.42537307739258,23.721271514892578,52.005001068115234
2021-01-22,8.020130157470703,45.92118835449219,103.19617462158203,155.51922607421875,5.349780082702637,31.797901153564453,0.8574722409248352,55.95833969116211,364.4988708496094,26.100000381469727,83.527587890625,79.48197174072266,135.38136291503906,1601.47705078125,74.55000305175781,51.53105545043945,195.4033966064453,29.169527053833008,147.4654541015625,19.92725944519043,45.2586784362793,23.978181838989258,56.040000915527344
2021-01-25,8.171452522277832,45.055606842041016,99.87915802001953,152.66043090820312,5.41825008392334,31.478553771972656,0.8689058423042297,53.32542037963867,359.9988708496094,26.649999618530273,82.9367446899414,79.48197174072266,131.29733276367188,1592.491455078125,74.9000015258789,49.73023986816406,194.60623168945312,29.169527053833008,147.6572723388672,20.074052810668945,42.508148193359375,24.063817977905273,53.26499938964844
2021-01-26,8.149835586547852,46.01229476928711,104.63352966308594,162.91403198242188,5.486721038818359,32.254112243652344,0.8993930220603943,56.87107849121094,354.9989013671875,27.149999618530273,86.99869537353516,79.48197174072266,138.3792266845703,1589.9954833984375,80.0999984741211,50.792259216308594,195.60267639160156,29.441055297851562,151.20602416992188,19.963956832885742,42.924896240234375,24.149450302124023,58.744998931884766
2021-01-27,8.171452522277832,46.19452667236328,109.86705017089844,162.2279052734375,5.477590560913086,32.573463439941406,0.8993930220603943,54.44879913330078,354.4989013671875,27.25,87.7371826171875,78.98624420166016,134.20828247070312,1574.0203857421875,81.4000015258789,51.85428237915039,195.95143127441406,30.9150447845459,150.58261108398438,20.037353515625,42.508148193359375,24.235088348388672,62.65999984741211
2021-01-28,8.149835586547852,45.01005172729492,106.8817367553711,160.85569763183594,5.477590560913086,31.934764862060547,0.9032043218612671,52.27224349975586,353.4989013671875,26.799999237060547,88.254150390625,78.98624420166016,140.5081329345703,1591.9923095703125,82.0999984741211,51.161659240722656,199.6881103515625,31.34172821044922,147.51341247558594,19.890560150146484,41.59130859375,23.84972381591797,61.25
2021-01-29,8.041747093200684,43.73446273803711,104.63352966308594,155.29052734375,5.436509132385254,30.976720809936523,0.9222594499588013,51.570125579833984,351.9989013671875,26.100000381469727,85.44774627685547,78.98624420166016,136.64132690429688,1557.5462646484375,78.44999694824219,49.5455436706543,198.2930908203125,32.195091247558594,145.45127868652344,19.376781463623047,40.257713317871094,23.25027084350586,58.82500076293945
2021-02-01,8.279541015625,44.32670211791992,104.96524810791016,158.26370239257812,5.486721038818359,32.29973220825195,0.933692216873169,55.15090560913086,354.9989013671875,26.399999618530273,87.99565887451172,78.98624420166016,138.50955200195312,1502.1337890625,81.25,50.792259216308594,198.34291076660156,32.27267074584961,147.41749572753906,19.780466079711914,41.84135437011719,23.20745277404785,62.6150016784668
2021-02-02,8.452481269836426,44.78226852416992,104.0438461303711,156.77713012695312,5.477590560913086,32.16286849975586,0.9603691101074219,55.08069610595703,357.4989013671875,26.899999618530273,88.03260803222656,78.98624420166016,143.37564086914062,1475.1761474609375,80.5999984741211,49.914939880371094,205.91590881347656,32.62177276611328,149.19187927246094,19.523576736450195,42.34144973754883,23.678455352783203,61.875
2021-02-03,8.776745796203613,44.00780487060547,104.30186462402344,158.1874542236328,5.532366752624512,32.16286849975586,1.0137227773666382,57.187034606933594,350.4989013671875,28.25,87.40486907958984,78.98624420166016,144.28802490234375,1473.678466796875,80.0999984741211,50.238162994384766,204.172119140625,32.73814010620117,148.37661743164062,20.22084617614746,40.92450714111328,24.02099609375,64.69000244140625
2021-02-04,8.992921829223633,43.5977897644043,106.80803680419922,162.4185028076172,5.477590560913086,32.43659210205078,1.0327779054641724,56.80086898803711,362.9988708496094,28.450000762939453,91.17134094238281,78.98624420166016,146.89486694335938,1451.7132568359375,83.6500015258789,51.53105545043945,202.2290496826172,32.117515563964844,150.77442932128906,20.29424285888672,40.841163635253906,24.40636444091797,65.50499725341797
2021-02-05,8.906452178955078,44.32670211791992,111.2307357788086,168.93661499023438,5.523237228393555,33.212154388427734,0.9984787106513977,56.695552825927734,367.9988708496094,27.450000762939453,93.2022933959961,78.98624420166016,145.070068359375,1462.695556640625,84.19999694824219,53.10099792480469,202.37852478027344,32.195091247558594,150.58261108398438,20.110750198364258,40.7578125,24.320720672607422,64.1500015258789
2021-02-08,8.841599464416504,44.372257232666016,112.92608642578125,174.57797241210938,5.550625324249268,34.124576568603516,1.0327779054641724,59.25825500488281,375.99884033203125,27.700000762939453,93.7562026977539,81.29964447021484,148.6327362060547,1484.1619873046875,84.80000305175781,53.331871032714844,201.9799346923828,33.20361328125,149.8153076171875,21.248403549194336,40.71613693237305,23.93536376953125,68.87999725341797
2021-02-09,8.906452178955078,44.91893768310547,112.44697570800781,173.6250457763672,5.509543418884277,34.124576568603516,1.0403995513916016,57.78382110595703,366.9988708496094,28.100000381469727,93.7562026977539,81.29964447021484,152.36920166015625,1488.1556396484375,85.5999984741211,54.76329040527344,201.08314514160156,33.20361328125,148.4725341796875,21.248403549194336,41.25790786743164,23.678455352783203,70.08000183105469
2021-02-10,9.079392433166504,45.10116195678711,112.00467681884766,172.7864532470703,5.436509132385254,33.39463806152344,1.0213452577590942,58.41572570800781,357.4989013671875,28.299999237060547,93.01768493652344,81.29964447021484,155.10638427734375,1498.6392822265625,83.9000015258789,53.7474479675293,199.04042053222656,33.358768463134766,147.2256622314453,20.954814910888672,42.09140396118164,23.42154312133789,68.9000015258789
2021-02-11,8.992921829223633,44.78226852416992,111.82041931152344,172.82455444335938,5.518672943115234,32.84718704223633,0.9984787106513977,55.81792068481445,348.4989318847656,27.700000762939453,92.61148071289062,81.29964447021484,160.40692138671875,1492.6484375,83.1500015258789,54.532413482666016,194.1578369140625,33.048458099365234,144.8758087158203,20.77132225036621,42.09140396118164,23.33591079711914,67.68499755859375
2021-02-12,8.906452178955078,44.873382568359375,109.64594268798828,170.1944580078125,5.628223896026611,31.98038101196289,1.0137227773666382,56.3444938659668,341.4989318847656,27.75,91.46676635742188,81.29964447021484,154.93258666992188,1458.2027587890625,84.55000305175781,52.96247100830078,194.8553466796875,32.81571960449219,144.6360321044922,20.7346248626709,42.34144973754883,23.036176681518555,68.49500274658203
2021-02-17,8.755127906799316,44.00780487060547,111.56245422363281,174.8828887939453,5.678435325622559,31.752275466918945,0.9870460629463196,58.90719985961914,339.9989318847656,28.100000381469727,93.09151458740234,81.29964447021484,155.58428955078125,1434.7398681640625,88.25,59.103721618652344,192.1151123046875,34.09576416015625,152.06924438476562,20.881418228149414,42.75819778442383,22.351085662841797,70.86499786376953
2021-02-18,8.430864334106445,43.50667953491211,111.93098449707031,174.9972686767578,5.669305801391602,31.022342681884766,0.9908570647239685,53.85198974609375,337.99896240234375,28.0,95.01170349121094,79.97769165039062,154.9760284423828,1422.7587890625,85.6500015258789,63.305633544921875,186.68447875976562,34.5224494934082,147.94500732421875,21.138307571411133,42.591495513916016,22.222637176513672,67.23999786376953
2021-02-19,8.474099159240723,43.05111312866211,109.38794708251953,168.93661499023438,5.687564849853516,31.296066284179688,0.9908570647239685,53.57114791870117,327.4989929199219,27.850000381469727,93.42386627197266,79.97769165039062,152.9774627685547,1419.2640380859375,85.25,62.012733459472656,178.66307067871094,34.60002517700195,143.82077026367188,20.7346248626709,43.59169006347656,21.96572494506836,64.06999969482422
2021-02-22,8.452481269836426,41.638851165771484,103.01189422607422,157.50135803222656,5.687564849853516,30.109920501708984,0.952747642993927,51.359500885009766,318.4990234375,27.5,88.66036224365234,79.97769165039062,149.54513549804688,1445.7225341796875,83.0,54.994163513183594,172.3356170654297,33.20361328125,136.339599609375,19.85386085510254,44.5085334777832,22.179813385009766,61.32500076293945
2021-02-23,8.301158905029297,40.044368743896484,100.4319839477539,152.5079345703125,5.532366752624512,29.015012741088867,0.937503457069397,51.254180908203125,311.4990234375,27.299999237060547,84.11842346191406,79.97769165039062,151.67404174804688,1468.187255859375,81.1500015258789,51.25400924682617,170.54200744628906,32.50540542602539,137.4905548095703,19.486875534057617,42.75819778442383,21.751630783081055,59.255001068115234
2021-02-24,8.430864334106445,41.411067962646484,104.2649917602539,162.76156616210938,5.6510467529296875,29.562467575073242,0.9794242978096008,54.378578186035156,315.4990234375,27.899999618530273,87.2940673828125,79.97769165039062,153.67262268066406,1514.114990234375,82.19999694824219,53.23952865600586,178.712890625,33.20361328125,138.20989990234375,20.000654220581055,44.0917854309082,22.222637176513672,63.52000045776367
2021-02-25,8.387629508972168,42.09442138671875,101.7956771850586,156.12913513183594,5.714953422546387,29.425601959228516,0.9794242978096008,54.44879913330078,313.9990234375,27.600000381469727,85.2261962890625,79.97769165039062,151.06576538085938,1511.6190185546875,78.0999984741211,52.36220169067383,172.3356170654297,32.660560607910156,135.23660278320312,19.596973419189453,43.008243560791016,22.008543014526367,64.63999938964844
2021-02-26,8.430864334106445,42.23108673095703,100.91109466552734,154.41384887695312,5.628223896026611,29.243118286132812,0.9718018770217896,53.22010040283203,313.4990234375,27.0,83.19522857666016,79.97769165039062,146.9383087158203,1481.166748046875,78.0,52.50072479248047,171.33917236328125,32.117515563964844,133.17449951171875,19.340084075927734,43.25829315185547,21.96572494506836,63.904998779296875
2021-03-01,8.56057071685791,42.82332992553711,101.2796630859375,162.3041534423828,5.746906280517578,29.92743682861328,0.952747642993927,50.90312957763672,307.9990539550781,27.700000762939453,85.15235900878906,79.97769165039062,149.8927001953125,1468.187255859375,79.9000015258789,54.34771728515625,170.3427276611328,32.07872009277344,135.47637939453125,19.083194732666016,42.508148193359375,22.136999130249023,64.20500183105469
2021-03-02,8.387629508972168,41.0921745300293,98.51548767089844,161.9229736328125,5.888409614562988,29.516843795776367,0.933692216873169,50.51696014404297,313.9990234375,27.549999237060547,84.81998443603516,79.97769165039062,148.32861328125,1439.2327880859375,79.44999694824219,53.00865173339844,170.3427276611328,31.264148712158203,131.68785095214844,18.716209411621094,40.59111404418945,22.265453338623047,61.154998779296875
2021-03-03,8.171452522277832,40.08992004394531,97.18868255615234,157.76815795898438,5.892975330352783,28.467561721801758,0.9260697960853577,49.84995651245117,308.9990539550781,26.799999237060547,82.97367858886719,79.97769165039062,147.63343811035156,1407.283203125,79.9000015258789,50.9307861328125,167.80178833007812,31.264148712158203,126.60448455810547,18.1290340423584,39.42422103881836,21.280635833740234,61.06999969482422
2021-03-04,8.128217697143555,40.77327346801758,99.87915802001953,156.8533477783203,5.892975330352783,27.920106887817383,0.933692216873169,48.44573211669922,293.99908447265625,25.899999618530273,83.78606414794922,79.97769165039062,147.50311279296875,1417.2674560546875,82.0,50.65373611450195,165.8088836669922,30.953834533691406,127.37178802490234,17.76205062866211,39.46590042114258,21.19499969482422,64.61499786376953
2021-03-05,8.128217697143555,39.452125549316406,97.59408569335938,152.5079345703125,5.801681995391846,28.69566535949707,0.9108266830444336,47.67340850830078,296.49908447265625,26.0,81.1642837524414,78.98624420166016,141.33360290527344,1445.2235107421875,82.05000305175781,50.51521301269531,165.5099639892578,30.25562858581543,131.44805908203125,17.284969329833984,39.88264465332031,21.19499969482422,63.72999954223633
2021-03-08,8.257923126220703,37.35651779174805,95.2353286743164,149.11550903320312,5.742340564727783,29.060636520385742,0.8879601955413818,49.32337188720703,296.99908447265625,25.200000762939453,80.94273376464844,78.65575408935547,142.11566162109375,1416.2686767578125,80.8499984741211,49.8687629699707,162.4209747314453,29.479843139648438,127.2279052734375,16.661096572875977,38.215660095214844,20.638362884521484,60.92499923706055
2021-03-09,8.149835586547852,36.39982604980469,96.11985778808594,153.3084259033203,5.947750568389893,29.197498321533203,0.8765273690223694,50.1659049987793,288.9991149902344,25.899999618530273,82.01359558105469,78.65575408935547,143.89700317382812,1432.7430419921875,82.05000305175781,50.00728988647461,165.46014404296875,28.66526985168457,128.1390838623047,16.62439727783203,36.757041931152344,20.1673583984375,60.994998931884766
2021-03-10,8.020130157470703,36.21760559082031,101.13224029541016,159.63595581054688,5.924927711486816,29.379981994628906,0.8689058423042297,49.67442321777344,291.99908447265625,25.700000762939453,84.89385223388672,79.97769165039062,146.37350463867188,1412.2752685546875,82.4000015258789,52.038978576660156,165.46014404296875,28.626482009887695,125.9810562133789,16.917984008789062,36.25695037841797,20.424266815185547,64.4800033569336
2021-03-11,8.020130157470703,37.903194427490234,104.74411010742188,160.0552215576172,5.838198661804199,30.064298629760742,0.8993930220603943,51.21907424926758,293.49908447265625,26.299999237060547,86.00164031982422,79.97769165039062,154.2374267578125,1473.179443359375,84.0,51.71575164794922,171.2395477294922,28.781635284423828,131.4960174560547,17.50516128540039,38.00728225708008,20.509910583496094,65.29000091552734
2021-03-12,7.998511791229248,39.40657043457031,106.14464569091797,164.70556640625,5.737776756286621,29.836193084716797,0.9108266830444336,51.07865524291992,289.4991149902344,26.25,88.10645294189453,79.97769165039062,155.97531127929688,1470.683349609375,86.30000305175781,51.71575164794922,170.29290771484375,29.014373779296875,134.08566284179688,18.31252670288086,39.09082794189453,20.895267486572266,65.6449966430664
2021-03-15,8.084982872009277,41.27439880371094,110.8621597290039,169.62271118164062,5.847328186035156,31.7066593170166,0.9603691101074219,53.04457092285156,297.99908447265625,27.0,90.98670959472656,79.97769165039062,158.71246337890625,1484.1619873046875,87.80000305175781,54.39389419555664,174.77691650390625,30.527151107788086,134.61317443847656,18.642812728881836,39.799293518066406,21.366273880004883,67.33999633789062
2021-03-16,8.171452522277832,41.3199462890625,108.5033950805664,167.7930908203125,5.851892948150635,30.33802604675293,0.9679914116859436,52.34246063232422,295.49908447265625,26.450000762939453,88.7711410522461,79.97769165039062,156.40977478027344,1489.6533203125,87.5,53.83979415893555,171.43882751464844,30.022891998291016,134.70909118652344,18.1290340423584,39.00747299194336,21.19499969482422,65.19000244140625
2021-03-17,8.193070411682129,41.18328094482422,106.51319122314453,170.00389099121094,5.8108110427856445,29.790573120117188,0.9641805291175842,51.64034652709961,298.99908447265625,26.149999618530273,88.95575714111328,79.97769165039062,156.1490936279297,1494.1461181640625,88.44999694824219,53.05482482910156,175.4744415283203,29.36347198486328,136.38755798339844,17.61525535583496,38.88245391845703,21.237812042236328,67.57499694824219
2021-03-18,8.106599807739258,40.18103790283203,101.83250427246094,162.45663452148438,5.714953422546387,29.151878356933594,0.9184480905532837,49.56911087036133,292.49908447265625,25.649999618530273,87.03559875488281,79.97769165039062,154.4546661376953,1485.65966796875,87.5,50.099639892578125,170.54200744628906,28.044639587402344,131.92762756347656,17.1381778717041,37.84059143066406,21.109355926513672,65.09500122070312
2021-03-19,7.998511791229248,39.54324722290039,102.71705627441406,163.60011291503906,5.751470565795898,29.197498321533203,0.945125162601471,50.90312957763672,300.4990539550781,25.899999618530273,87.663330078125,79.97769165039062,155.93185424804688,1596.4849853515625,87.80000305175781,50.976959228515625,173.5811767578125,28.432531356811523,130.5848388671875,16.661096572875977,38.13230895996094,20.980913162231445,65.61000061035156
2021-03-22,7.912040710449219,40.36326217651367,103.52783966064453,165.01048278808594,5.756035804748535,28.55880355834961,0.9184480905532837,51.043548583984375,312.4990234375,25.899999618530273,86.59246826171875,79.97769165039062,156.6704864501953,1611.46142578125,88.5,50.65373611450195,174.9263916015625,28.277376174926758,130.24916076660156,16.95468521118164,40.38274002075195,20.723995208740234,64.7699966430664
2021-03-23,7.782336235046387,40.59104537963867,102.42218780517578,165.35353088378906,5.806246280670166,28.55880355834961,0.91463702917099,49.95527648925781,300.4990539550781,26.0,86.07550811767578,79.97769165039062,157.1918182373047,1603.9735107421875,86.75,50.51521301269531,168.20037841796875,27.695539474487305,127.56360626220703,16.917984008789062,40.966190338134766,20.1673583984375,61.83000183105469
2021-03-25,7.609395503997803,38.540992736816406,97.74152374267578,154.2613983154297,5.673871994018555,27.646379470825195,0.8917715549468994,48.44573211669922,285.4991149902344,25.299999237060547,82.45671081542969,79.97769165039062,153.19468688964844,1575.018798828125,84.0,47.51384735107422,162.62025451660156,26.18275260925293,125.30965423583984,16.514301300048828,39.17417526245117,19.95327377319336,60.10499954223633
2021-03-26,7.6526312828063965,39.269901275634766,95.56703186035156,152.54608154296875,5.71038818359375,27.372655868530273,0.8765273690223694,48.51594543457031,269.4991760253906,25.149999618530273,81.34893035888672,79.97769165039062,154.58499145507812,1586.5008544921875,81.3499984741211,47.14445114135742,156.44229125976562,25.60091781616211,125.50149536132812,16.184017181396484,39.04915237426758,20.210182189941406,59.61000061035156
2021-03-29,7.587778091430664,41.36552047729492,98.58922576904297,151.09762573242188,5.692129135131836,27.69200325012207,0.8803386092185974,51.956295013427734,262.4991760253906,25.350000381469727,80.64733123779297,79.97769165039062,155.4973907470703,1577.015625,85.19999694824219,46.128604888916016,157.98678588867188,26.299123764038086,133.7499542236328,16.367507934570312,41.59130859375,20.509910583496094,59.1349983215332
2021-03-30,8.171452522277832,43.187782287597656,97.8889389038086,151.74560546875,5.751470565795898,28.23945426940918,0.9108266830444336,53.36051559448242,265.4991760253906,26.0,83.26909637451172,83.78616333007812,162.4923858642578,1581.5087890625,86.5,47.14445114135742,156.89068603515625,26.493070602416992,133.89382934570312,16.62439727783203,42.25810241699219,20.467086791992188,59.7400016784668
2021-03-31,8.171452522277832,42.82332992553711,95.82500457763672,150.1065673828125,5.733211517333984,29.47122573852539,0.9070154428482056,54.20305252075195,274.9991455078125,25.549999237060547,82.27210235595703,83.78616333007812,161.92758178710938,1585.0028076171875,86.0,46.2209587097168,160.82664489746094,25.911231994628906,133.41427612304688,16.367507934570312,41.75800323486328,20.509910583496094,59.810001373291016
2021-04-05,8.063364028930664,42.96000289916992,97.22551727294922,149.83973693847656,5.733211517333984,29.88181495666504,0.9070154428482056,56.835968017578125,267.4991760253906,25.950000762939453,83.34293365478516,83.78616333007812,164.9254150390625,1591.9923095703125,87.9000015258789,47.79090118408203,161.42453002929688,25.63970375061035,136.96302795410156,16.477603912353516,42.25810241699219,20.467086791992188,60.619998931884766
2021-04-06,8.214689254760742,44.32670211791992,100.21085357666016,157.38699340820312,5.778858184814453,30.611751556396484,0.933692216873169,59.925270080566406,277.4991455078125,26.899999618530273,85.92780303955078,83.78616333007812,168.4446563720703,1614.9559326171875,90.4000015258789,48.94526672363281,171.43882751464844,27.074909210205078,138.20989990234375,16.95468521118164,43.50834274291992,20.895267486572266,64.66000366210938
2021-04-07,8.214689254760742,43.8255729675293,97.96265411376953,153.88018798828125,5.783422946929932,30.33802604675293,0.9413137435913086,58.69655990600586,279.4991455078125,27.149999618530273,86.14935302734375,94.17285919189453,172.2245635986328,1614.9559326171875,88.5,48.34499740600586,174.47799682617188,26.60943603515625,133.318359375,17.028079986572266,44.00843811035156,21.280635833740234,63.994998931884766
2021-04-08,8.474099159240723,44.2355842590332,99.4737319946289,153.80397033691406,5.746906280517578,30.33802604675293,0.9298810958862305,59.78483963012695,277.9991455078125,27.399999618530273,85.52159881591797,94.17285919189453,166.66331481933594,1606.9686279296875,87.5999984741211,48.298824310302734,170.69149780273438,26.570648193359375,134.4213409423828,16.807889938354492,43.008243560791016,21.237812042236328,62.54999923706055
2021-04-09,8.34439468383789,43.96224594116211,98.81034088134766,151.32632446289062,5.769729137420654,29.608089447021484,0.9260697960853577,61.46992111206055,271.4991455078125,27.100000381469727,83.82299041748047,94.17285919189453,164.53440856933594,1605.9700927734375,87.0,47.32915115356445,162.32131958007812,26.493070602416992,132.93470764160156,16.734493255615234,42.42479705810547,20.723995208740234,60.42499923706055
2021-04-12,8.322775840759277,42.8688850402832,96.11985778808594,146.4854278564453,5.742340564727783,28.92377281188965,0.9070154428482056,62.45287322998047,265.4991760253906,27.350000381469727,81.38584899902344,90.01819610595703,163.40478515625,1587.4991455078125,88.55000305175781,48.25264358520508,156.34263610839844,25.988807678222656,129.91346740722656,16.62439727783203,41.75800323486328,19.99609375,59.314998626708984
2021-04-13,8.106599807739258,42.8688850402832,95.30902862548828,147.97198486328125,5.7606000900268555,28.786907196044922,0.9032043218612671,59.78483963012695,266.9991760253906,26.899999618530273,81.4596939086914,87.42151641845703,160.84140014648438,1574.0203857421875,85.9000015258789,46.59035873413086,152.9547119140625,25.756074905395508,125.50149536132812,16.807889938354492,41.92470169067383,19.95327377319336,58.84000015258789
2021-04-14,8.084982872009277,42.41331481933594,94.0927963256836,147.01905822753906,5.7606000900268555,28.285078048706055,0.8803386092185974,58.55615234375,268.4991760253906,27.0,81.38584899902344,87.42151641845703,158.62559509277344,1575.51806640625,84.8499984741211,45.6668586730957,153.8515167236328,25.60091781616211,123.00776672363281,16.25741195678711,41.42460632324219,19.525087356567383,58.81999969482422
2021-04-15,7.847188472747803,41.04661178588867,93.2082748413086,144.2745819091797,5.742340564727783,28.011350631713867,0.8841489553451538,60.0656852722168,266.9991760253906,26.399999618530273,81.01657104492188,87.42151641845703,159.88555908203125,1576.0172119140625,84.94999694824219,45.20511245727539,152.10772705078125,25.17423439025879,123.00776672363281,15.927128791809082,41.46628189086914,19.054092407226562,58.599998474121094
2021-04-16,8.128217697143555,40.68216323852539,96.5621337890625,149.42042541503906,5.742340564727783,28.878149032592773,0.8993930220603943,59.96036911010742,263.9991760253906,27.0,81.97664642333984,87.42151641845703,158.14767456054688,1587.9984130859375,87.69999694824219,46.35948181152344,150.16465759277344,25.17423439025879,125.74127197265625,16.220714569091797,42.09140396118164,19.139728546142578,59.130001068115234
2021-04-19,8.538951873779297,40.54548645019531,97.55724334716797,151.1738739013672,5.742340564727783,29.015012741088867,0.9032043218612671,59.679534912109375,257.99920654296875,26.75,83.12138366699219,87.42151641845703,159.66831970214844,1577.5146484375,88.80000305175781,46.728878021240234,149.46714782714844,25.17423439025879,132.35923767089844,16.220714569091797,42.591495513916016,19.439455032348633,59.029998779296875
2021-04-20,8.582186698913574,39.4976806640625,95.38273620605469,146.5235137939453,5.751470565795898,28.60442352294922,0.8917715549468994,58.099769592285156,251.4992218017578,26.5,80.75808715820312,87.42151641845703,155.23670959472656,1507.6248779296875,87.30000305175781,47.00592803955078,145.08279418945312,24.592395782470703,127.37178802490234,15.780333518981934,41.63297653198242,19.011268615722656,57.349998474121094
2021-04-21,8.603804588317871,40.044368743896484,97.37296295166016,149.22984313964844,5.842763423919678,28.92377281188965,0.8955825567245483,59.32846450805664,257.49920654296875,27.25,81.71817779541016,87.42151641845703,159.3207550048828,1537.5780029296875,87.1500015258789,48.52969741821289,144.08633422851562,26.648223876953125,129.62571716308594,16.367507934570312,42.508148193359375,19.268178939819336,58.439998626708984
2021-04-22,8.647041320800781,39.361019134521484,95.05103302001953,146.40914916992188,5.842763423919678,28.741287231445312,0.9108266830444336,58.45083236694336,257.49920654296875,27.299999237060547,80.49960327148438,87.42151641845703,156.62701416015625,1524.5980224609375,86.19999694824219,47.92942810058594,142.89059448242188,27.46280288696289,128.9063720703125,16.844589233398438,42.67484664916992,19.567907333374023,57.35499954223633
2021-04-23,8.56057071685791,40.36326217651367,93.61365509033203,145.49435424804688,5.851892948150635,28.421939849853516,0.9108266830444336,58.52104187011719,260.49920654296875,26.5,80.86886596679688,87.42151641845703,159.84210205078125,1518.108642578125,84.30000305175781,48.4835205078125,139.15391540527344,28.432531356811523,128.9063720703125,16.771190643310547,45.175323486328125,19.567907333374023,57.16999816894531
2021-04-26,8.474099159240723,40.54548645019531,96.70954132080078,150.1827850341797,5.851892948150635,28.23945426940918,0.9260697960853577,60.62737274169922,261.4991760253906,27.25,84.37688446044922,87.42151641845703,161.31932067871094,1501.634521484375,83.05000305175781,49.591712951660156,139.0542755126953,28.781635284423828,128.37887573242188,17.39506721496582,44.8419303894043,19.867639541625977,57.95000076293945
2021-04-27,8.387629508972168,40.86438751220703,99.10517120361328,163.866943359375,5.842763423919678,28.421939849853516,0.9260697960853577,61.153961181640625,272.4991455078125,27.399999618530273,88.21721649169922,87.42151641845703,162.88340759277344,1523.5997314453125,82.94999694824219,51.99280548095703,139.70196533203125,28.704057693481445,130.87258911132812,17.468461990356445,45.175323486328125,20.03890609741211,59.41999816894531
2021-04-28,8.603804588317871,42.04886245727539,102.1642074584961,165.5060272216797,5.9386210441589355,29.425601959228516,0.9413137435913086,61.399696350097656,283.9991149902344,27.549999237060547,89.69429016113281,87.42151641845703,162.40548706054688,1532.086669921875,85.75,51.62340545654297,147.9724884033203,28.66526985168457,136.67529296875,17.68865203857422,45.92546844482422,20.552724838256836,61.630001068115234
2021-04-29,9.014538764953613,42.4588737487793,102.31163787841797,164.8961639404297,5.936328887939453,29.653711318969727,0.9260697960853577,60.135902404785156,282.9991149902344,27.5,88.03260803222656,87.42151641845703,161.05862426757812,1585.0028076171875,86.69999694824219,51.161659240722656,146.82656860351562,28.66526985168457,136.53143310546875,17.4317626953125,46.84231185913086,20.467086791992188,62.02000045776367
2021-04-30,9.360419273376465,41.77552032470703,99.14202117919922,159.5216064453125,5.940966606140137,29.516843795776367,0.9260697960853577,60.94332504272461,279.4991455078125,27.75,86.22320556640625,87.42151641845703,161.62344360351562,1598.48193359375,84.0,49.8687629699707,147.4244384765625,28.19979476928711,133.654052734375,17.468461990356445,45.84212112426758,19.910451889038086,59.0099983215332
2021-05-03,9.83600902557373,41.36552047729492,97.29924011230469,159.3310089111328,5.927052974700928,29.33436393737793,0.9184480905532837,61.61033248901367,276.9991455078125,27.700000762939453,85.33697509765625,87.42151641845703,160.8848419189453,1594.488037109375,84.5999984741211,49.40701675415039,146.82656860351562,27.540380477905273,135.90798950195312,17.468461990356445,45.675418853759766,19.567907333374023,58.775001525878906
2021-05-04,9.83600902557373,41.0921745300293,97.96265411376953,156.2816162109375,6.001256942749023,28.650043487548828,0.9260697960853577,62.909244537353516,274.9991455078125,27.899999618530273,84.41380310058594,87.42151641845703,161.88412475585938,1570.526123046875,85.0,48.6682243347168,145.1824188232422,28.393741607666016,132.64697265625,16.917984008789062,45.92546844482422,19.268178939819336,58.17499923706055
2021-05-05,9.83600902557373,41.3199462890625,97.63095092773438,158.45428466796875,6.029083728790283,28.60442352294922,0.9298810958862305,63.08477783203125,276.4991455078125,27.850000381469727,85.55852508544922,87.42151641845703,162.23170471191406,1579.012451171875,86.5,48.94526672363281,144.28562927246094,28.35495376586914,131.639892578125,16.807889938354492,45.92546844482422,19.653541564941406,60.29999923706055
2021-05-06,9.83600902557373,41.50218200683594,98.81034088134766,157.00584411621094,6.358364105224609,28.741287231445312,0.9603691101074219,66.27937316894531,278.4991455078125,27.399999618530273,87.50578308105469,87.42151641845703,161.79722595214844,1589.4959716796875,85.9000015258789,49.77642059326172,140.6984100341797,27.96706199645996,130.72872924804688,16.881288528442383,45.675418853759766,19.95327377319336,59.52000045776367
2021-05-07,10.07380199432373,42.73221969604492,105.29695892333984,170.27072143554688,6.580976486206055,29.562467575073242,0.9794242978096008,69.54419708251953,286.9991149902344,27.450000762939453,92.1623306274414,87.42151641845703,162.88340759277344,1595.98583984375,90.8499984741211,50.46903991699219,146.6272735595703,28.471323013305664,134.1815643310547,17.61525535583496,47.25905990600586,20.68117904663086,61.91999816894531
2021-05-10,10.722330093383789,42.00330352783203,109.24049377441406,170.95681762695312,6.720108985900879,29.562467575073242,0.9679914116859436,73.68666076660156,285.4991149902344,27.5,92.7956314086914,87.42151641845703,163.1875457763672,1579.731201171875,90.4000015258789,50.053462982177734,144.73402404785156,28.89800262451172,133.89382934570312,17.4317626953125,46.84231185913086,21.066545486450195,63.30500030517578
2021-05-11,10.333212852478027,41.638851165771484,108.5033950805664,164.8580322265625,6.6412672996521,29.379981994628906,0.9794242978096008,72.38776397705078,289.9991149902344,27.299999237060547,91.45455169677734,87.42151641845703,162.4923858642578,1565.75146484375,89.75,48.575870513916016,148.42088317871094,28.432531356811523,132.35923767089844,17.248271942138672,46.75896453857422,20.80963134765625,61.1349983215332
2021-05-12,9.900861740112305,41.04661178588867,103.3436050415039,162.34226989746094,6.627354621887207,28.832530975341797,1.0022900104522705,69.86016082763672,294.49908447265625,27.0,89.51742553710938,87.42151641845703,163.92611694335938,1584.72412109375,89.0,48.05341339111328,153.65223693847656,28.859214782714844,136.0998077392578,17.101476669311523,46.092166900634766,20.723995208740234,64.43499755859375
2021-05-13,10.203508377075195,41.821083068847656,109.83020782470703,174.2349395751953,6.455757141113281,28.786907196044922,1.0594547986984253,69.86016082763672,306.9990539550781,27.700000762939453,93.42891693115234,87.42151641845703,165.70745849609375,1596.2076416015625,94.8499984741211,49.46123504638672,157.43873596191406,28.859214782714844,141.5188751220703,17.17487335205078,47.25905990600586,21.237812042236328,66.45500183105469
2021-05-14,10.117036819458008,43.50667953491211,115.32170867919922,185.1746063232422,6.455757141113281,29.608089447021484,1.0708876848220825,74.49408721923828,311.4990234375,27.850000381469727,97.52667236328125,87.42151641845703,173.18038940429688,1632.1561279296875,99.0,52.55842208862305,161.6736297607422,29.596214294433594,141.75865173339844,17.76205062866211,49.25944137573242,22.136999130249023,70.27999877929688
2021-05-17,10.117036819458008,44.14447021484375,121.2555160522461,191.6927032470703,6.339813232421875,29.973054885864258,1.0937540531158447,82.74391174316406,306.9990539550781,28.049999237060547,101.5126724243164,87.42151641845703,182.13050842285156,1637.14892578125,95.8499984741211,54.81092834472656,162.3711395263672,29.479843139648438,147.75318908691406,18.018938064575195,47.84250259399414,22.351085662841797,74.1449966430664
2021-05-18,9.965714454650879,44.14447021484375,119.63382720947266,190.20611572265625,6.311987400054932,29.243118286132812,1.0861316919326782,78.67166137695312,312.4990234375,27.700000762939453,100.58135986328125,88.97952270507812,180.74020385742188,1628.1619873046875,97.0,56.1248893737793,170.84095764160156,28.66526985168457,147.56137084960938,17.76205062866211,48.25925064086914,22.222637176513672,75.25
2021-05-19,9.900861740112305,44.554481506347656,118.4544677734375,191.15908813476562,6.358364105224609,29.379981994628906,1.0899429321289062,76.319580078125,322.4989929199219,27.649999618530273,100.54410552978516,88.97952270507812,184.17251586914062,1628.1619873046875,96.55000305175781,55.186344146728516,171.43882751464844,28.316162109375,145.01968383789062,17.61525535583496,49.17609405517578,21.708820343017578,73.58999633789062
2021-05-20,9.83600902557373,45.51118087768555,125.23588562011719,196.9529571533203,6.46503210067749,29.744949340820312,1.1242421865463257,78.42591857910156,321.4989929199219,27.700000762939453,103.82234191894531,90.71063232421875,188.8213653564453,1667.1058349609375,97.5,56.5472297668457,170.84095764160156,28.393741607666016,146.50631713867188,17.57855796813965,49.75953674316406,22.351085662841797,74.41000366210938
2021-05-21,9.684685707092285,44.14447021484375,124.49876403808594,190.6635284423828,6.529961585998535,29.516843795776367,1.1166198253631592,76.03873443603516,318.4990234375,28.450000762939453,100.69313049316406,90.71063232421875,186.08419799804688,1665.10888671875,96.80000305175781,55.4679069519043,171.139892578125,28.161006927490234,143.8687286376953,17.61525535583496,48.84269332885742,22.736452102661133,73.42500305175781
2021-05-26,9.641449928283691,43.8255729675293,123.87227630615234,190.12989807128906,6.608803749084473,31.067960739135742,1.1364182233810425,74.31856536865234,318.4990234375,29.950000762939453,101.99695587158203,90.71063232421875,187.90896606445312,1682.08447265625,97.1500015258789,55.843326568603516,171.2893524169922,28.859214782714844,139.74449157714844,18.569416046142578,49.509490966796875,23.078996658325195,74.0199966430664
2021-05-27,9.727920532226562,45.55672836303711,128.9215087890625,193.63674926757812,7.063303470611572,31.889141082763672,1.172054648399353,71.6505355834961,329.99896240234375,30.850000381469727,103.7850570678711,90.71063232421875,186.04075622558594,1726.5206298828125,96.55000305175781,57.01650619506836,183.2965545654297,29.86773681640625,142.47799682617188,19.22998809814453,50.009586334228516,23.592819213867188,74.65499877929688
2021-05-28,10.117036819458008,47.28788757324219,134.0076141357422,205.0719757080078,6.900981426239014,32.710323333740234,1.1958130598068237,71.82606506347656,329.99896240234375,31.25,108.32984924316406,90.71063232421875,191.16751098632812,1753.48193359375,100.3499984741211,59.17515563964844,186.68447875976562,30.022891998291016,146.74610900878906,19.413480758666992,52.09331512451172,23.33591079711914,76.26000213623047
2021-05-31,10.80880069732666,48.016788482666016,140.42054748535156,204.00466918945312,6.83141565322876,33.212154388427734,1.203731894493103,70.66758728027344,326.4989929199219,30.950000762939453,108.14359283447266,90.71063232421875,196.3377227783203,1754.4803466796875,98.30000305175781,58.98744201660156,188.57772827148438,31.147783279418945,145.9788055419922,19.340084075927734,52.84346389770508,23.20745277404785,74.99500274658203
2021-06-01,10.852034568786621,47.014549255371094,141.85791015625,209.0742645263672,6.83141565322876,35.584449768066406,1.2472879886627197,74.00261688232422,328.4989929199219,31.25,112.12959289550781,90.71063232421875,201.68173217773438,1742.4976806640625,106.5999984741211,61.28688049316406,189.1257781982422,33.20361328125,158.06378173828125,20.18414878845215,51.25982666015625,23.25027084350586,80.02999877929688
2021-06-02,11.133064270019531,48.199031829833984,150.11355590820312,212.69541931152344,6.984461784362793,36.63373565673828,1.2552076578140259,77.47806549072266,333.49896240234375,32.599998474121094,112.4276351928711,103.69403839111328,205.80921936035156,1818.8878173828125,110.8499984741211,64.47792053222656,190.81973266601562,35.60854721069336,163.00326538085938,20.624528884887695,53.51025390625,23.33591079711914,81.6500015258789
2021-06-03,11.0033597946167,49.656837463378906,152.21434020996094,219.36599731445312,6.951996803283691,37.7286376953125,1.2472879886627197,81.26947021484375,336.99896240234375,34.5,116.972412109375,103.69403839111328,201.85549926757812,1896.77587890625,113.19999694824219,66.91813659667969,189.22540283203125,36.53948974609375,169.1416778564453,20.84471893310547,55.177242279052734,23.678455352783203,85.09500122070312
2021-06-04,11.349241256713867,51.57021713256836,155.64193725585938,223.71142578125,7.0354766845703125,39.50786209106445,1.2631266117095947,78.77696990966797,334.99896240234375,36.099998474121094,122.82100677490234,111.91482543945312,205.15750122070312,1934.7215576171875,113.80000305175781,70.43767547607422,194.90516662597656,38.40137481689453,171.15582275390625,21.615386962890625,57.51102066040039,24.149450302124023,88.82499694824219
2021-06-07,11.327622413635254,51.023536682128906,157.66900634765625,232.82147216796875,7.304466724395752,41.2414665222168,1.2552076578140259,84.56940460205078,348.9989318847656,41.29999923706055,125.98747253417969,111.91482543945312,208.98085021972656,1961.6827392578125,117.05000305175781,72.36168670654297,207.41058349609375,39.022003173828125,174.033203125,22.312658309936523,56.01073455810547,24.577634811401367,95.00499725341797
2021-06-08,11.154682159423828,50.29462814331055,154.7942352294922,223.78761291503906,7.077216625213623,40.329044342041016,1.2195703983306885,80.84820556640625,355.9989013671875,42.099998474121094,120.3996353149414,111.91482543945312,205.33128356933594,1953.19482421875,116.1500015258789,68.32595825195312,207.75933837890625,39.72020721435547,168.27845764160156,22.789735794067383,55.76068878173828,24.277902603149414,90.91000366210938
2021-06-09,11.889679908752441,51.66133499145508,164.8927459716797,231.37301635742188,7.021563529968262,42.65571975708008,1.235409140586853,83.27049255371094,364.4988708496094,45.900001525878906,125.875732421875,111.91482543945312,209.11119079589844,1985.149169921875,115.44999694824219,71.32929229736328,215.18287658691406,41.11662292480469,178.78086853027344,24.514564514160156,57.17762756347656,24.663272857666016,91.01000213623047
2021-06-10,11.954533576965332,51.93467330932617,164.70848083496094,229.61956787109375,6.900981426239014,42.24512481689453,1.3066827058792114,82.0066909790039,363.4988708496094,41.79999923706055,127.10506439208984,111.91482543945312,210.63182067871094,1983.651611328125,114.1500015258789,69.49913024902344,215.13304138183594,39.022003173828125,178.39723205566406,23.230117797851562,56.594181060791016,25.13426971435547,93.21499633789062
2021-06-11,11.543798446655273,52.29912567138672,155.9736785888672,221.27191162109375,6.924170970916748,40.785255432128906,1.2948037385940552,80.46204376220703,362.9988708496094,42.25,121.29368591308594,111.91482543945312,205.02716064453125,1975.16357421875,109.8499984741211,68.6544418334961,203.97283935546875,39.17715835571289,169.4293975830078,23.0466251373291,57.26097106933594,24.834543228149414,87.8949966430664
2021-06-14,11.716739654541016,53.119144439697266,157.9638671875,221.38623046875,6.942721843719482,41.19584655761719,1.3264811038970947,82.076904296875,372.99884033203125,43.5,122.6720199584961,111.91482543945312,203.3327178955078,1990.641357421875,112.19999694824219,70.90694427490234,201.2824249267578,39.64262771606445,167.70298767089844,24.47786521911621,58.427860260009766,24.53481674194336,89.11499786376953
2021-06-15,11.630269050598145,53.21026611328125,157.41102600097656,224.20693969726562,6.956634998321533,40.87649917602539,1.330440878868103,80.46204376220703,368.9988708496094,42.45000076293945,122.9327621459961,111.91482543945312,205.50506591796875,1992.638427734375,112.30000305175781,71.7047119140625,201.13296508789062,41.89240646362305,171.73130798339844,24.844850540161133,58.59457015991211,24.53481674194336,89.48500061035156
2021-06-16,11.738357543945312,53.939170837402344,158.22183227539062,229.84829711914062,6.989099025726318,41.10459899902344,1.330440878868103,80.040771484375,373.49884033203125,42.599998474121094,125.76394653320312,111.91482543945312,206.41746520996094,1982.153564453125,113.3499984741211,71.7047119140625,201.2824249267578,43.52155685424805,169.76510620117188,24.66135597229004,58.844608306884766,24.49199676513672,89.98500061035156
2021-06-17,11.630269050598145,53.3013801574707,156.15792846679688,222.30105590820312,7.132869720458984,41.332706451416016,1.3027228116989136,75.79299926757812,370.99884033203125,41.900001525878906,123.56607055664062,111.91482543945312,203.3327178955078,1956.19091796875,113.1500015258789,70.10918426513672,196.99771118164062,44.4525032043457,163.19508361816406,23.63380241394043,59.178009033203125,24.320720672607422,86.13500213623047
2021-06-18,11.197916984558105,51.93467330932617,154.64683532714844,217.6507568359375,7.128232002258301,39.23413848876953,1.2631266117095947,73.72177124023438,368.9988708496094,40.75,120.4368667602539,111.91482543945312,200.1176300048828,1958.6868896484375,110.05000305175781,73.20637512207031,186.3855438232422,45.07312774658203,163.67465209960938,23.890689849853516,58.0111198425293,23.93536376953125,84.79499816894531
2021-06-22,10.981740951538086,52.20801544189453,155.53134155273438,218.718017578125,7.105043411254883,38.823543548583984,1.3106423616409302,72.73881530761719,367.4988708496094,40.650001525878906,123.04451751708984,111.91482543945312,204.37545776367188,1971.6688232421875,114.44999694824219,72.033203125,185.28944396972656,43.831871032714844,161.61253356933594,22.93653106689453,58.59457015991211,23.549999237060547,87.43000030517578
2021-06-23,11.02497673034668,53.75693893432617,150.74008178710938,212.54296875,7.044752597808838,38.960411071777344,1.3343998193740845,73.23028564453125,372.49884033203125,41.650001525878906,121.47994995117188,111.91482543945312,207.50363159179688,1954.692626953125,111.05000305175781,69.82762908935547,192.76280212402344,44.4525032043457,166.4081573486328,22.753040313720703,61.09504318237305,23.293088912963867,85.76499938964844
2021-06-24,10.895271301269531,54.850303649902344,149.8187255859375,212.2379913330078,7.091129779815674,39.00603485107422,1.3819160461425781,72.87922668457031,380.4988098144531,42.0,121.07017517089844,111.91482543945312,212.36972045898438,1960.1851806640625,109.80000305175781,72.36168670654297,190.76991271972656,45.926490783691406,166.79180908203125,23.48700714111328,64.01227569580078,22.993364334106445,87.13999938964844
2021-06-25,10.376448631286621,54.2125129699707,145.2854766845703,205.60562133789062,6.822140216827393,38.41295623779297,1.4413106441497803,71.47501373291016,374.49884033203125,42.20000076293945,115.85482788085938,111.91482543945312,206.287109375,1921.2412109375,104.3499984741211,68.09132385253906,189.9229278564453,47.09017562866211,162.1400604248047,23.19342041015625,64.26232147216797,22.051362991333008,83.16500091552734
2021-06-28,10.160272598266602,53.66583251953125,140.67849731445312,202.02255249023438,6.710833549499512,37.318058013916016,1.5442613363265991,68.56124877929688,372.99884033203125,40.650001525878906,114.70002746582031,111.91482543945312,204.15823364257812,1914.2510986328125,102.55000305175781,68.18517303466797,183.8446044921875,45.848907470703125,157.5362548828125,23.48700714111328,62.34528732299805,21.837268829345703,80.69999694824219
2021-06-29,9.814390182495117,54.94141387939453,136.62435913085938,196.80044555664062,6.715471267700195,37.318058013916016,1.5284227132797241,69.86016082763672,366.9988708496094,38.599998474121094,110.6767349243164,111.91482543945312,203.072021484375,1898.27392578125,100.9000015258789,65.93267059326172,184.74139404296875,44.14218521118164,154.5150146484375,22.973228454589844,61.26174545288086,21.665998458862305,78.31500244140625
2021-06-30,10.50615406036377,53.02803421020508,135.88726806640625,194.58966064453125,6.627354621887207,38.41295623779297,1.4927864074707031,71.2643814086914,370.49884033203125,39.75,109.22393035888672,111.91482543945312,201.3776092529297,1899.7720947265625,102.44999694824219,65.04104614257812,181.6025848388672,44.219764709472656,150.2469024658203,23.120023727416992,58.844608306884766,22.008543014526367,79.02999877929688
2021-07-01,10.80880069732666,53.02803421020508,135.1869659423828,193.14120483398438,6.631992340087891,38.184844970703125,1.5759387016296387,74.14302825927734,362.9988708496094,39.400001525878906,108.03181457519531,111.91482543945312,195.55567932128906,1895.2783203125,102.0999984741211,64.33714294433594,174.4281768798828,42.668190002441406,147.27362060546875,23.120023727416992,58.427860260009766,21.92290496826172,80.0
2021-07-02,11.02497673034668,53.57471466064453,139.35171508789062,197.4103240966797,6.743298053741455,38.86916732788086,1.7422441244125366,78.95250701904297,365.9988708496094,38.70000076293945,109.29840087890625,111.91482543945312,199.42247009277344,1952.6956787109375,104.5999984741211,65.97959899902344,176.81964111328125,43.056087493896484,152.40493774414062,23.63380241394043,61.011695861816406,22.47953987121582,79.40499877929688
2021-07-05,12.0626220703125,54.75918960571289,141.63671875,202.70864868164062,6.826777935028076,38.823543548583984,1.912508249282837,80.63756561279297,366.9988708496094,38.75,112.12959289550781,111.91482543945312,211.0228729248047,1971.1693115234375,107.8499984741211,67.15277862548828,182.6986846923828,43.831871032714844,155.37823486328125,23.780597686767578,63.17877960205078,22.736452102661133,79.73500061035156
2021-07-06,11.889679908752441,53.75693893432617,137.54574584960938,192.6456298828125,6.910256862640381,38.59543991088867,1.9798228740692139,77.30254364013672,356.4989013671875,37.79999923706055,107.95732116699219,111.91482543945312,208.45947265625,1962.1822509765625,105.0,65.60417175292969,175.0758514404297,43.52155685424805,150.67852783203125,23.08332633972168,63.8455696105957,22.65081787109375,76.79000091552734
2021-07-07,11.630269050598145,53.483604431152344,137.36146545410156,190.6254425048828,6.910256862640381,38.50419998168945,1.9323068857192993,76.63552856445312,346.4989318847656,37.400001525878906,108.62788391113281,111.91482543945312,210.02359008789062,1957.1895751953125,107.9000015258789,65.13490295410156,174.3783416748047,43.52155685424805,151.30194091796875,22.532848358154297,63.3454704284668,22.52235984802246,76.79000091552734
2021-07-08,11.630269050598145,52.663578033447266,133.45477294921875,186.7755584716797,6.8824310302734375,36.90746307373047,1.9045894145965576,79.40888214111328,350.4989013671875,36.599998474121094,106.05748748779297,111.91482543945312,208.8070831298828,1950.19921875,108.75,63.0231819152832,173.13278198242188,41.9699821472168,148.61639404296875,22.606245040893555,62.01188659667969,22.051362991333008,74.4800033569336
2021-07-12,12.041003227233887,53.02803421020508,141.34188842773438,195.5044708251953,6.951996803283691,37.86550521850586,1.9164680242538452,79.44397735595703,351.9989013671875,37.95000076293945,110.37872314453125,111.91482543945312,219.4950714111328,1962.681396484375,112.80000305175781,66.16730499267578,176.4210662841797,43.4439811706543,157.68011474609375,23.48700714111328,61.84518814086914,22.136999130249023,78.87999725341797
2021-07-13,11.976151466369629,53.21026611328125,142.3370361328125,196.83859252929688,6.99373722076416,38.27609634399414,1.8649932146072388,80.7077865600586,353.4989013671875,38.349998474121094,110.19246673583984,111.91482543945312,215.97584533691406,1962.1822509765625,113.1500015258789,67.10585021972656,173.83029174804688,43.754295349121094,157.63217163085938,24.037485122680664,62.34528732299805,21.92290496826172,79.36000061035156
2021-07-14,12.192327499389648,52.663578033447266,141.82101440429688,195.8856201171875,7.021563529968262,38.27609634399414,1.8016387224197388,78.98760986328125,346.4989318847656,38.70000076293945,110.15522003173828,111.91482543945312,223.2749786376953,1955.69140625,108.6500015258789,66.49579620361328,174.3783416748047,43.288822174072266,150.77442932128906,24.36777114868164,62.17858123779297,21.92290496826172,77.94999694824219
2021-07-15,12.322032928466797,52.11689758300781,137.69314575195312,191.0447235107422,6.956634998321533,37.683021545410156,1.7382841110229492,78.39081573486328,349.9989013671875,38.0,107.92010498046875,111.91482543945312,229.9658203125,1958.6868896484375,107.5999984741211,65.69802856445312,175.42462158203125,42.74576950073242,151.6376495361328,24.4411678314209,62.51197814941406,21.751630783081055,76.44499969482422
2021-07-16,11.911298751831055,52.11689758300781,137.914306640625,189.13885498046875,7.021563529968262,37.13556671142578,1.6749294996261597,77.37274932861328,351.4989013671875,37.5,106.42997741699219,111.91482543945312,224.70872497558594,1953.6943359375,110.25,64.38407135009766,177.71644592285156,42.59061813354492,150.10304260253906,24.220975875854492,62.595333099365234,21.837268829345703,74.4000015258789
2021-07-19,11.349241256713867,50.567970275878906,135.55552673339844,189.0625762939453,7.118956565856934,37.13556671142578,1.6115758419036865,72.28244018554688,362.9988708496094,36.900001525878906,104.60462188720703,111.91482543945312,222.40602111816406,1921.2412109375,109.0999984741211,63.91480255126953,175.4744415283203,42.43545913696289,148.4725341796875,23.890689849853516,60.67829513549805,21.580360412597656,73.66999816894531
2021-07-20,11.370858192443848,52.025787353515625,134.9290008544922,188.56710815429688,7.132869720458984,37.04432678222656,1.7382841110229492,76.03873443603516,361.4988708496094,37.400001525878906,106.31822204589844,111.91482543945312,230.1830596923828,1936.71875,114.94999694824219,64.9941177368164,178.31431579589844,42.90092849731445,154.89866638183594,24.4411678314209,62.17858123779297,21.837268829345703,74.73500061035156
2021-07-21,11.500563621520996,53.939170837402344,140.82594299316406,197.79150390625,7.183885097503662,37.86550521850586,1.841234803199768,79.51419067382812,374.99884033203125,39.20000076293945,110.97474670410156,111.91482543945312,236.74359130859375,1963.1807861328125,116.0,68.18517303466797,183.8446044921875,43.59913635253906,153.89158630371094,25.211833953857422,66.51275634765625,22.136999130249023,78.55500030517578
2021-07-22,11.500563621520996,54.576969146728516,136.919189453125,192.87435913085938,7.123594760894775,37.683021545410156,1.8531138896942139,81.6556396484375,362.4988708496094,38.45000076293945,109.8944320678711,111.91482543945312,240.08900451660156,1960.6844482421875,118.69999694824219,67.10585021972656,181.35348510742188,43.754295349121094,154.03546142578125,25.24853515625,66.26270294189453,22.008543014526367,78.36000061035156
2021-07-23,11.349241256713867,54.576969146728516,136.145263671875,188.22406005859375,7.105043411254883,37.18118667602539,1.8768720626831055,79.86524963378906,352.9989013671875,38.849998474121094,107.80831909179688,111.91482543945312,240.08900451660156,1957.6885986328125,116.0,64.66564178466797,178.2644805908203,43.056087493896484,152.45289611816406,25.24853515625,66.01264953613281,21.794452667236328,76.54499816894531
2021-07-26,11.630269050598145,54.12139892578125,139.02000427246094,190.81602478027344,7.169971942901611,38.27609634399414,1.861033320426941,80.040771484375,348.9989318847656,38.70000076293945,110.37872314453125,111.91482543945312,247.7357177734375,1966.1763916015625,117.30000305175781,65.51032257080078,180.05809020996094,41.9699821472168,156.38531494140625,24.734756469726562,65.42920684814453,21.837268829345703,78.23999786376953
2021-07-27,11.630269050598145,53.848060607910156,140.93650817871094,192.1120147705078,7.169971942901611,39.00603485107422,1.8174774646759033,77.68870544433594,339.9989318847656,38.75,109.67096710205078,111.91482543945312,247.17091369628906,1966.1763916015625,119.5999984741211,65.13490295410156,180.75559997558594,41.81482696533203,157.1046600341797,24.514564514160156,66.7627944946289,21.794452667236328,77.16999816894531
2021-07-28,11.500563621520996,54.12139892578125,141.4156036376953,192.98870849609375,7.225625038146973,40.4202880859375,1.7858000993728638,79.90036010742188,338.99896240234375,38.900001525878906,111.04927825927734,111.91482543945312,253.64451599121094,1983.651611328125,119.5,66.07344818115234,183.3961944580078,40.961463928222656,154.61093139648438,24.184280395507812,69.68001556396484,21.53754234313965,77.58999633789062
2021-07-29,11.327622413635254,55.03253173828125,142.4475555419922,192.18821716308594,7.23490047454834,41.058982849121094,1.7422441244125366,81.09394073486328,344.9989318847656,39.849998474121094,109.96897888183594,111.91482543945312,258.1195983886719,1986.147705078125,119.94999694824219,66.35501098632812,183.34637451171875,41.11662292480469,155.6659698486328,24.62466049194336,70.93025970458984,21.366273880004883,80.24500274658203
2021-07-30,11.111446380615234,54.94141387939453,139.16744995117188,187.3854522705078,7.23490047454834,40.7396354675293,1.714526653289795,78.81208038330078,338.99896240234375,39.0,106.20647430419922,111.91482543945312,251.6893768310547,1975.662841796875,113.75,65.04104614257812,181.0047149658203,40.10810089111328,152.54881286621094,23.817293167114258,70.18011474609375,20.80963134765625,78.875
2021-08-02,11.02497673034668,56.0347785949707,137.28778076171875,184.48851013183594,7.281277656555176,41.83454132080078,1.781840205192566,80.42694091796875,333.49896240234375,40.29999923706055,106.05748748779297,111.91482543945312,251.1245880126953,1986.147705078125,111.8499984741211,64.33714294433594,180.35702514648438,39.797786712646484,153.02838134765625,23.743896484375,70.43016052246094,20.381450653076172,77.84500122070312
2021-08-03,11.392476081848145,55.670326232910156,136.3663330078125,188.0334014892578,7.327656269073486,40.7396354675293,1.781840205192566,78.42591857910156,331.99896240234375,41.0,108.47885131835938,111.91482543945312,253.8617706298828,1990.641357421875,111.44999694824219,65.51032257080078,179.46023559570312,41.426937103271484,156.00164794921875,23.523706436157227,69.0965805053711,20.509910583496094,77.75499725341797
2021-08-04,11.457327842712402,54.4858512878418,135.37123107910156,186.0894775390625,7.327656269073486,38.823543548583984,1.8214362859725952,77.47806549072266,329.4989929199219,39.849998474121094,106.95152282714844,111.91482543945312,250.5597686767578,1999.1292724609375,109.6500015258789,65.04104614257812,179.36058044433594,40.340843200683594,151.73355102539062,23.009929656982422,69.26327514648438,20.424266815185547,75.69000244140625
2021-08-05,11.457327842712402,55.57920837402344,137.84060668945312,188.9864044189453,7.415772914886475,39.23413848876953,1.9006295204162598,77.37274932861328,331.99896240234375,40.0,108.59061431884766,111.91482543945312,249.38670349121094,2112.966064453125,110.0,64.9941177368164,182.05099487304688,41.27178192138672,158.7831268310547,23.92738914489746,69.5966796875,20.424266815185547,78.95999908447266
2021-08-06,11.392476081848145,55.57920837402344,137.50888061523438,188.07154846191406,7.429686069488525,39.23413848876953,1.9362666606903076,76.38980102539062,334.99896240234375,40.29999923706055,108.32984924316406,111.91482543945312,246.77987670898438,2131.93798828125,111.0,65.18183135986328,186.23606872558594,41.34935760498047,164.87356567382812,24.037485122680664,67.34625244140625,20.210182189941406,78.67500305175781
2021-08-09,11.803210258483887,56.0347785949707,138.28292846679688,189.36756896972656,7.411134719848633,39.5991096496582,1.9085493087768555,74.17813873291016,327.9989929199219,39.79999923706055,107.6593017578125,111.91482543945312,239.4373016357422,2139.427490234375,109.80000305175781,65.228759765625,179.80897521972656,42.59061813354492,159.3585968017578,23.670501708984375,70.26346588134766,19.910451889038086,80.26499938964844
2021-08-10,11.803210258483887,56.76368713378906,144.43777465820312,198.4776153564453,7.44823694229126,41.423954010009766,1.8531138896942139,75.12599182128906,331.49896240234375,40.54999923706055,112.83739471435547,111.91482543945312,245.91091918945312,2178.87109375,112.55000305175781,68.41981506347656,179.6096954345703,46.004066467285156,163.7226104736328,24.11087989807129,72.09715270996094,20.210182189941406,84.42500305175781
2021-08-11,12.667914390563965,58.585960388183594,146.3542938232422,201.64137268066406,7.564180374145508,42.33637619018555,1.912508249282837,74.35367584228516,346.9989318847656,40.900001525878906,115.9293441772461,111.91482543945312,249.43017578125,2271.23876953125,111.9000015258789,70.10918426513672,180.50648498535156,46.77985763549805,164.969482421875,24.47786521911621,73.01399230957031,20.980913162231445,89.4000015258789
2021-08-12,13.48938274383545,58.22150802612305,144.51150512695312,199.58303833007812,7.401859283447266,42.473236083984375,1.841234803199768,74.3887710571289,358.4989013671875,40.54999923706055,114.25299835205078,111.91482543945312,247.17091369628906,2296.701904296875,113.44999694824219,68.98292541503906,178.16485595703125,48.021114349365234,166.21633911132812,24.62466049194336,73.84748840332031,20.595539093017578,87.30999755859375
2021-08-13,14.462174415588379,57.67482376098633,143.8849334716797,198.82066345214844,7.095767974853516,41.69768142700195,1.809557557106018,74.35367584228516,362.9988708496094,41.45000076293945,112.20409393310547,111.91482543945312,248.300537109375,2287.215576171875,117.1500015258789,69.07678985595703,178.11502075195312,46.004066467285156,164.4899139404297,24.771453857421875,75.0143814086914,20.424266815185547,86.28500366210938
2021-08-17,14.159528732299805,55.943668365478516,141.85791015625,193.25555419921875,7.142145156860352,39.91845703125,1.7699614763259888,70.87821960449219,354.4989013671875,41.900001525878906,110.4905014038086,111.91482543945312,240.30624389648438,2266.245361328125,112.5999984741211,66.542724609375,176.91929626464844,45.15070724487305,159.11880493164062,24.220975875854492,74.5976333618164,19.867639541625977,83.875
2021-08-18,14.224381446838379,55.85255432128906,142.4475555419922,193.25555419921875,7.100406169891357,40.19218063354492,1.7620415687561035,68.63146209716797,357.4989013671875,41.650001525878906,109.14940643310547,111.91482543945312,235.61392211914062,2255.760986328125,109.6500015258789,66.35501098632812,179.8588104248047,45.77133560180664,154.80274963378906,24.11087989807129,73.01399230957031,19.567907333374023,80.99500274658203
2021-08-19,14.267617225646973,55.943668365478516,141.8947296142578,196.53363037109375,6.965910911560059,39.735965728759766,1.750162959098816,65.82300567626953,360.4988708496094,41.70000076293945,111.19829559326172,111.91482543945312,228.66241455078125,2222.30859375,109.94999694824219,65.36954498291016,177.1185760498047,45.22828674316406,157.15261840820312,23.37691307067871,73.68079376220703,19.39663314819336,78.49500274658203
2021-08-20,14.354085922241211,55.85255432128906,146.79653930664062,199.43055725097656,6.849967002868652,40.55714797973633,1.8016387224197388,67.57829284667969,365.9988708496094,40.54999923706055,114.4019775390625,111.91482543945312,230.052734375,2249.769287109375,111.55000305175781,66.96505737304688,183.6453094482422,46.77985763549805,161.32479858398438,23.597105026245117,75.0143814086914,19.867639541625977,80.23500061035156
2021-08-23,13.878499984741211,56.3081169128418,151.32981872558594,209.45547485351562,6.924170970916748,41.058982849121094,1.8372751474380493,67.859130859375,374.99884033203125,41.70000076293945,118.42526245117188,111.91482543945312,232.22508239746094,2249.269775390625,112.9000015258789,69.4052734375,188.37843322753906,51.04668045043945,164.92152404785156,24.5512638092041,75.2644271850586,20.424266815185547,82.27999877929688
2021-08-24,13.770411491394043,56.9459114074707,161.05975341796875,223.36839294433594,6.979824066162109,42.83820343017578,1.8847908973693848,69.61441040039062,378.99884033203125,45.400001525878906,126.6580581665039,111.91482543945312,240.26278686523438,2275.232421875,120.19999694824219,72.64324951171875,188.37843322753906,53.83950424194336,171.683349609375,26.45958137512207,74.9310302734375,21.280635833740234,86.15499877929688
2021-08-25,13.446147918701172,56.39923858642578,170.64222717285156,233.5837860107422,6.924170970916748,42.70133972167969,1.8649932146072388,69.2282485961914,396.998779296875,48.95000076293945,131.61257934570312,111.91482543945312,239.00282287597656,2288.713134765625,120.69999694824219,74.61418914794922,185.53855895996094,53.60676574707031,171.44357299804688,26.679771423339844,74.5142822265625,21.49471664428711,87.125
2021-08-26,13.619089126586914,55.57920837402344,168.0991973876953,231.18238830566406,6.933446407318115,43.11193084716797,1.880831003189087,69.26335906982422,402.9987487792969,53.650001525878906,132.5066375732422,111.91482543945312,233.78916931152344,2273.73486328125,118.9000015258789,72.73709869384766,185.83749389648438,54.227394104003906,176.8626251220703,28.294506072998047,73.2640380859375,21.49471664428711,86.12000274658203
2021-08-27,13.554235458374023,56.21700668334961,177.6816864013672,237.92921447753906,7.0725789070129395,43.70500183105469,1.896669626235962,71.51012420654297,407.4987487792969,54.45000076293945,134.44375610351562,111.91482543945312,238.91595458984375,2350.125,124.1500015258789,74.5672607421875,188.37843322753906,55.15833282470703,176.43101501464844,28.955078125,73.7641372680664,22.008543014526367,89.57499694824219
2021-08-30,13.835265159606934,58.585960388183594,192.68194580078125,255.08204650878906,7.336930751800537,46.8072395324707,1.9996203184127808,74.17813873291016,423.9986877441406,62.400001525878906,142.71380615234375,111.91482543945312,244.8682098388672,2438.997314453125,131.0,82.54487609863281,194.10801696777344,58.261478424072266,185.3508758544922,32.184539794921875,75.18107604980469,22.436729431152344,90.76499938964844
2021-08-31,14.267617225646973,59.95265197753906,186.4165496826172,250.62232971191406,7.745054244995117,47.67403793334961,2.039217710494995,72.98455047607422,458.9985656738281,62.29999923706055,140.66490173339844,111.91482543945312,241.87034606933594,2683.14697265625,129.8000030517578,81.23092651367188,191.36778259277344,57.33053970336914,184.1519775390625,31.854257583618164,75.3477783203125,22.179813385009766,91.75
2021-09-01,13.813647270202637,60.04378128051758,183.50486755371094,247.4204559326172,7.610558032989502,46.077301025390625,1.9758628606796265,71.2292709350586,441.9986267089844,63.45000076293945,138.355224609375,111.91482543945312,240.61038208007812,2764.52978515625,123.44999694824219,78.97842407226562,188.02967834472656,55.70138931274414,179.50021362304688,30.71660041809082,76.01456451416016,22.008543014526367,88.58499908447266
2021-09-02,13.813647270202637,60.5904541015625,180.9987030029297,242.3126983642578,7.661574840545654,44.617427825927734,1.9283469915390015,72.4930648803711,424.4986877441406,65.44999694824219,136.64161682128906,111.91482543945312,240.48004150390625,2765.5283203125,123.05000305175781,78.83763885498047,189.3748779296875,54.227394104003906,178.8767852783203,30.34961700439453,77.01476287841797,21.96572494506836,89.13500213623047
2021-09-03,13.748794555664062,60.40822982788086,180.11415100097656,240.5592803955078,7.610558032989502,43.15755081176758,2.055056095123291,70.70268249511719,428.9986572265625,64.19999694824219,136.1946258544922,111.91482543945312,235.7877655029297,2753.545654296875,119.69999694824219,80.71472930908203,185.6880340576172,54.53771209716797,174.033203125,30.019330978393555,79.76528930664062,21.96572494506836,87.24500274658203
2021-09-06,13.770411491394043,61.319366455078125,180.5933074951172,244.90469360351562,7.601283073425293,43.97873306274414,2.1025710105895996,70.9835433959961,364.4988708496094,64.8499984741211,138.8767852783203,111.91482543945312,240.04556274414062,2776.013427734375,122.94999694824219,82.0286865234375,192.16494750976562,57.71842956542969,174.80050659179688,31.377174377441406,82.26576232910156,22.008543014526367,87.22000122070312
2021-09-07,14.829672813415527,62.412715911865234,193.8613739013672,258.55078125,7.610558032989502,48.221492767333984,2.1223697662353516,74.5643081665039,381.9988098144531,64.8499984741211,148.04083251953125,111.91482543945312,241.0014190673828,2792.0908203125,130.85000610351562,88.6454086303711,191.5670623779297,60.89915084838867,183.14488220214844,31.59736442565918,83.34931182861328,21.837268829345703,93.86499786376953
2021-09-08,14.635116577148438,61.501583099365234,187.0062255859375,251.5752716064453,7.522441864013672,47.263450622558594,2.0748536586761475,72.21223449707031,389.998779296875,61.849998474121094,147.0350341796875,111.91482543945312,232.78990173339844,2761.632568359375,124.5999984741211,86.76832580566406,187.4318084716797,60.74399185180664,177.72584533691406,31.707460403442383,83.34931182861328,21.109355926513672,91.7699966430664
2021-09-09,14.159528732299805,60.22599411010742,185.6793975830078,254.70083618164062,7.601283073425293,46.031681060791016,2.0590150356292725,71.19416046142578,383.9988098144531,59.29999923706055,144.837158203125,111.91482543945312,228.3148193359375,2770.121337890625,122.94999694824219,84.28118896484375,189.52435302734375,57.6408576965332,176.383056640625,30.533109664916992,82.93256378173828,20.895267486572266,94.11499786376953
2021-09-10,13.964970588684082,59.31486129760742,183.8365936279297,254.2053680419922,7.3601202964782715,44.617427825927734,2.015458822250366,69.26335906982422,377.49884033203125,59.099998474121094,142.45298767089844,111.91482543945312,225.66456604003906,2744.158203125,120.44999694824219,85.36051177978516,187.03323364257812,57.02021789550781,175.2800750732422,29.762441635131836,80.7654800415039,20.595539093017578,92.76000213623047
2021-09-13,14.591880798339844,60.04378128051758,200.16371154785156,268.9949035644531,7.777516841888428,52.373016357421875,2.0590150356292725,71.2643814086914,413.99871826171875,63.849998474121094,153.4796905517578,111.91482543945312,229.18377685546875,2869.981689453125,132.5500030517578,88.6454086303711,192.36422729492188,60.89915084838867,189.5230712890625,32.95520782470703,83.55767822265625,21.409088134765625,97.1050033569336
2021-09-14,14.051440238952637,60.5904541015625,190.50750732421875,272.12054443359375,7.791430950164795,52.281768798828125,2.039217710494995,69.3686752319336,404.9987487792969,61.849998474121094,149.53094482421875,133.77464294433594,224.8390655517578,2927.401611328125,129.25,86.1113510131836,192.36422729492188,60.27851867675781,181.3225555419922,33.358890533447266,83.1826171875,20.766815185546875,94.69999694824219
2021-09-15,14.051440238952637,60.1348876953125,185.56881713867188,264.1159362792969,7.786794185638428,52.281768798828125,2.0114998817443848,69.2282485961914,403.9987487792969,58.599998474121094,146.58802795410156,133.77464294433594,223.01426696777344,3093.668701171875,128.4499969482422,82.6856689453125,189.32505798339844,61.519771575927734,183.38467407226562,34.12955856323242,83.34931182861328,20.638362884521484,95.2300033569336
2021-09-16,13.921735763549805,59.49709701538086,190.10206604003906,268.88067626953125,7.884186267852783,55.931461334228516,2.007540225982666,70.03568267822266,414.49871826171875,62.25,148.37612915039062,133.77464294433594,225.66456604003906,3236.46875,132.6999969482422,84.04655456542969,193.46031188964844,66.32965087890625,186.6936492919922,36.91864013671875,83.97443389892578,20.766815185546875,96.1050033569336
2021-09-17,13.748794555664062,59.31486129760742,184.7579803466797,269.528564453125,7.675487518310547,56.296424865722656,2.0352578163146973,67.12191772460938,410.49871826171875,62.75,147.55657958984375,133.77464294433594,229.35757446289062,3259.935546875,129.1999969482422,81.88790130615234,187.23251342773438,68.8897476196289,184.24789428710938,38.239784240722656,81.76567077636719,20.638362884521484,93.21499633789062
2021-09-20,12.948942184448242,55.39698028564453,166.6618194580078,243.45628356933594,7.4621500968933105,50.18320083618164,1.9758628606796265,62.73371887207031,398.498779296875,58.900001525878906,134.62998962402344,133.77464294433594,226.9245147705078,3194.527587890625,120.5999984741211,75.17731475830078,182.89797973632812,63.3040771484375,171.63539123535156,34.496543884277344,78.01494598388672,19.910451889038086,88.12000274658203
2021-09-21,13.229971885681152,56.85480499267578,165.40870666503906,242.2745819091797,7.3601202964782715,50.41130447387695,1.9600239992141724,63.89219665527344,386.4988098144531,60.150001525878906,133.32618713378906,133.77464294433594,234.52777099609375,3166.0673828125,124.80000305175781,75.22425079345703,183.34637451171875,63.924713134765625,171.2037811279297,35.193817138671875,78.84844207763672,19.99609375,87.32499694824219
2021-09-22,13.186737060546875,54.75918960571289,171.41622924804688,245.70510864257812,7.499252796173096,55.79459762573242,1.944185495376587,66.70064544677734,384.9988098144531,62.45000076293945,137.6101837158203,133.77464294433594,232.78990173339844,3197.5234375,128.85000610351562,79.49461364746094,185.63819885253906,65.32112121582031,178.78086853027344,36.00117874145508,75.59782409667969,20.295818328857422,86.99500274658203
2021-09-23,13.05703067779541,56.85480499267578,170.97393798828125,243.2275390625,7.564180374145508,56.25080871582031,1.9758628606796265,68.3857192993164,378.49884033203125,60.45000076293945,136.8651580810547,115.46468353271484,232.96368408203125,3248.45166015625,127.9000015258789,79.35383605957031,187.03323364257812,65.32112121582031,174.99232482910156,36.184669494628906,75.51446533203125,20.895267486572266,86.50499725341797
2021-09-24,12.927326202392578,57.128143310546875,170.8633575439453,237.89108276367188,7.596644878387451,54.06098937988281,1.9679440259933472,67.19213104248047,367.9988708496094,60.04999923706055,135.039794921875,114.15686798095703,228.57550048828125,3274.41552734375,126.9000015258789,78.46221923828125,187.68092346191406,63.45924377441406,174.6086883544922,35.52410125732422,76.0979232788086,20.424266815185547,86.41000366210938
2021-09-27,13.143501281738281,56.672569274902344,177.79220581054688,245.857666015625,7.578094482421875,55.33838653564453,2.007540225982666,68.80699157714844,368.4988708496094,62.900001525878906,140.29238891601562,114.15686798095703,235.04913330078125,3285.899658203125,128.39999389648438,80.99629211425781,191.51724243164062,65.47628021240234,177.82174682617188,35.634193420410156,75.09772491455078,20.509910583496094,89.80500030517578
2021-09-28,13.27320671081543,57.128143310546875,178.71363830566406,243.9517822265625,7.578094482421875,54.01537322998047,1.9798228740692139,68.63146209716797,358.9989013671875,62.45000076293945,140.1433868408203,114.15686798095703,236.7001495361328,3250.448974609375,129.5,81.23092651367188,189.07594299316406,64.93323516845703,179.50021362304688,35.193817138671875,76.01456451416016,20.381450653076172,90.62000274658203
2021-09-29,13.619089126586914,57.94816207885742,179.85614013671875,250.39364624023438,7.517804145812988,55.0190315246582,1.9758628606796265,67.57829284667969,362.9988708496094,62.599998474121094,142.3040008544922,121.4434585571289,240.13247680664062,3324.346435546875,136.0500030517578,82.4510269165039,189.8232879638672,66.32965087890625,186.1661376953125,35.891082763671875,76.01456451416016,20.424266815185547,89.44499969482422
2021-09-30,13.79202938079834,57.94816207885742,182.76776123046875,250.24107360839844,7.443598747253418,55.65773010253906,1.9639838933944702,66.59532165527344,364.4988708496094,63.599998474121094,144.4274139404297,121.4434585571289,241.1751708984375,3342.819580078125,135.5,83.1549301147461,195.7521514892578,67.80364227294922,184.1519775390625,36.55165481567383,77.76490783691406,20.295818328857422,91.36000061035156
2021-10-01,14.00820541381836,57.583709716796875,182.3255157470703,252.14700317382812,7.420410633087158,55.566490173339844,1.9600239992141724,67.54318237304688,360.4988708496094,63.599998474121094,147.29579162597656,121.4434585571289,238.95941162109375,3333.831787109375,134.5500030517578,83.20185852050781,189.8232879638672,68.81214904785156,188.56394958496094,37.138832092285156,78.68175506591797,20.381450653076172,91.26499938964844
2021-10-04,13.619089126586914,56.9459114074707,179.0822296142578,247.9922332763672,7.438962459564209,54.38033676147461,1.9481453895568848,70.35163879394531,370.99884033203125,63.0,146.5135498046875,121.4434585571289,235.04913330078125,3368.78369140625,137.64999389648438,84.37504577636719,192.21475219726562,69.74310302734375,196.28489685058594,39.41413497924805,77.26480865478516,20.124544143676758,92.20500183105469
2021-10-05,13.856882095336914,57.31037139892578,180.5933074951172,249.0594940185547,7.406497001647949,55.74897003173828,2.0471363067626953,70.38673400878906,382.9988098144531,61.75,145.80572509765625,121.4434585571289,230.8782196044922,3414.718994140625,139.35000610351562,84.65660858154297,194.25747680664062,69.82068634033203,192.6881866455078,39.26734161376953,78.09830474853516,20.295818328857422,94.74500274658203
2021-10-06,13.727176666259766,56.39923858642578,180.5195770263672,247.45858764648438,7.364757061004639,56.25080871582031,2.1184096336364746,68.877197265625,376.99884033203125,63.0,146.58802795410156,121.4434585571289,228.87965393066406,3418.214111328125,135.0,83.38957214355469,192.3144073486328,69.0448989868164,190.24241638183594,38.45997619628906,76.76470947265625,20.25300407409668,92.875
2021-10-07,13.619089126586914,56.3081169128418,177.75543212890625,244.21859741210938,7.295191287994385,57.482574462890625,2.1223697662353516,68.73676300048828,382.9988098144531,64.0,146.32725524902344,128.1695556640625,230.3568572998047,3455.162353515625,139.0,81.93482971191406,193.16139221191406,69.97583770751953,194.65438842773438,38.45997619628906,75.3477783203125,20.25300407409668,93.6449966430664
2021-10-12,13.48938274383545,56.672569274902344,175.50723266601562,240.36871337890625,7.295191287994385,59.90049362182617,2.1540470123291016,70.87821960449219,386.4988098144531,65.5,146.81155395507812,128.1695556640625,231.13890075683594,3519.186279296875,149.64999389648438,82.59181213378906,194.35711669921875,73.46686553955078,200.88870239257812,39.193946838378906,75.0143814086914,20.081727981567383,89.84500122070312
2021-10-13,13.338061332702637,56.9459114074707,174.69635009765625,241.24545288085938,7.295191287994385,61.31473922729492,2.1342482566833496,69.89525604248047,380.4988098144531,65.80000305175781,146.66253662109375,128.1695556640625,234.26710510253906,3495.21875,151.14999389648438,82.59181213378906,195.6525115966797,73.62202453613281,202.6630859375,39.927913665771484,77.59820556640625,20.081727981567383,89.51000213623047
2021-10-14,13.467765808105469,60.317108154296875,179.56134033203125,247.72543334960938,7.281277656555176,64.00639343261719,2.1382083892822266,73.72177124023438,399.9987487792969,65.5,148.33889770507812,128.1695556640625,239.741455078125,3613.55712890625,152.75,85.97056579589844,203.6739044189453,72.30319213867188,202.8549041748047,40.3682975769043,81.01551818847656,20.338634490966797,89.04499816894531
2021-10-15,13.921735763549805,61.046016693115234,181.9569549560547,255.1201171875,7.39722204208374,66.65242004394531,2.1540470123291016,75.79299926757812,399.9987487792969,65.44999694824219,155.8638458251953,128.1695556640625,244.82476806640625,3733.39306640625,152.5,87.75379180908203,203.474609375,73.5444564819336,206.78732299804688,41.028865814208984,83.01590728759766,21.109355926513672,90.37999725341797
2021-10-18,14.159528732299805,60.68156051635742,186.49021911621094,254.8533477783203,7.44823694229126,69.98274993896484,2.1738455295562744,77.79402160644531,413.99871826171875,66.55000305175781,157.72650146484375,128.1695556640625,244.82476806640625,3993.537109375,153.1999969482422,87.5191650390625,201.1827850341797,73.00139617919922,210.76768493652344,41.909629821777344,84.18280792236328,21.623178482055664,89.47000122070312
2021-10-19,14.09467601776123,61.501583099365234,187.66958618164062,257.5978088378906,7.4621500968933105,71.89884185791016,2.1896843910217285,78.42591857910156,412.99871826171875,67.5,160.07337951660156,128.1695556640625,244.43373107910156,4004.023193359375,160.35000610351562,89.02082824707031,205.76644897460938,75.25118255615234,214.8919219970703,43.450965881347656,86.68328094482422,22.351085662841797,90.33999633789062
2021-10-20,14.440557479858398,63.96165084838867,202.96475219726562,275.2843017578125,7.513166427612305,71.9444580078125,2.1976029872894287,80.18120574951172,429.9986572265625,69.44999694824219,169.57275390625,128.1695556640625,246.95367431640625,4024.994140625,163.4499969482422,94.46438598632812,213.14015197753906,76.57001495361328,225.15455627441406,46.16665267944336,87.30839538574219,22.607995986938477,94.02999877929688
2021-10-21,14.743204116821289,64.87278747558594,201.96963500976562,273.26409912109375,7.443598747253418,74.31675720214844,2.1698853969573975,80.56736755371094,453.99859619140625,69.3499984741211,168.6042022705078,128.1695556640625,241.30555725097656,4002.52490234375,164.0,94.18281555175781,212.0440673828125,77.03548431396484,225.77798461914062,49.54290771484375,86.89165496826172,22.39390754699707,92.13500213623047
2021-10-22,14.85129165649414,65.41946411132812,202.37506103515625,272.3492431640625,7.3462066650390625,76.5065689086914,2.1342482566833496,79.33866119384766,475.49853515625,73.05000305175781,170.5413055419922,128.1695556640625,242.47860717773438,4005.520751953125,162.5,93.71355438232422,211.79495239257812,80.0998306274414,223.28427124023438,49.90989303588867,87.10002136230469,22.222637176513672,90.51000213623047
2021-10-25,15.04585075378418,68.79065704345703,212.95266723632812,278.3718566894531,7.522441864013672,78.60514068603516,2.130289316177368,78.98760986328125,480.9985046386719,75.0999984741211,176.8369598388672,128.1695556640625,242.82620239257812,3990.0419921875,163.75,94.46438598632812,213.18997192382812,83.39692687988281,233.9305419921875,51.30443572998047,91.47586822509766,22.47953987121582,94.26000213623047
2021-10-26,15.218791007995605,70.06625366210938,210.4096221923828,273.45465087890625,7.596644878387451,77.41899108886719,2.1421680450439453,78.7067642211914,474.49853515625,75.55000305175781,175.01156616210938,128.1695556640625,246.91018676757812,3971.56689453125,162.60000610351562,93.24427795410156,216.77719116210938,83.97876739501953,231.4847869873047,51.30443572998047,89.80888366699219,22.179813385009766,94.44999694824219
2021-10-27,14.916145324707031,68.88178253173828,197.3995361328125,259.9611511230469,7.485340118408203,72.08132934570312,2.1065311431884766,77.23233032226562,454.99859619140625,73.30000305175781,166.66702270507812,128.1695556640625,240.26278686523438,3934.617919921875,155.0,89.2554702758789,210.35011291503906,78.9361572265625,219.92733764648438,48.441951751708984,86.05815887451172,21.580360412597656,92.24500274658203
2021-10-28,15.089086532592773,71.06849670410156,200.09005737304688,260.037353515625,7.559542655944824,71.26013946533203,2.130289316177368,79.40888214111328,473.99853515625,71.9000015258789,170.466796875,128.1695556640625,244.12960815429688,3945.60302734375,156.5,88.9738998413086,208.955078125,79.13009643554688,219.20799255371094,48.295162200927734,86.68328094482422,21.366273880004883,90.61000061035156
2021-10-29,14.743204116821289,69.79290771484375,189.84405517578125,249.28819274902344,7.142145156860352,66.56116485595703,2.027338981628418,76.17916870117188,467.99853515625,68.69999694824219,163.94760131835938,128.1695556640625,240.74072265625,3919.63818359375,152.14999389648438,84.89124298095703,207.06182861328125,75.56149291992188,208.41783142089844,45.139095306396484,87.51677703857422,20.509910583496094,88.21499633789062
2021-11-01,15.06746768951416,74.43970489501953,198.76318359375,259.4656066894531,7.406497001647949,71.03203582763672,2.086733341217041,80.07588195800781,489.99847412109375,70.80000305175781,171.99411010742188,128.1695556640625,250.99427795410156,3978.557373046875,156.0,88.9738998413086,216.77719116210938,76.3372802734375,216.47447204589844,47.634586334228516,91.89261627197266,21.109355926513672,93.6050033569336
2021-11-02,15.694376945495605,77.66818237304688,204.03353881835938,267.1653137207031,7.694038391113281,72.30943298339844,2.1382083892822266,79.40888214111328,507.4984130859375,70.44999694824219,179.22108459472656,128.1695556640625,258.90167236328125,3954.091064453125,156.4499969482422,90.89791107177734,218.27186584472656,77.42337799072266,223.0924530029297,47.634586334228516,95.4349594116211,21.19499969482422,91.76000213623047
2021-11-03,15.867321014404297,81.819091796875,211.44154357910156,275.0936584472656,7.694038391113281,76.55219268798828,2.1421680450439453,79.373779296875,506.4984436035156,73.25,187.3048095703125,128.1695556640625,264.15875244140625,3953.092529296875,158.85000610351562,94.55823516845703,218.17221069335938,79.13009643554688,223.95565795898438,48.368560791015625,101.6861572265625,21.623178482055664,93.25499725341797
2021-11-04,16.55908203125,84.4018783569336,203.2227020263672,267.6227111816406,7.698676109313965,74.22550201416016,2.1263294219970703,78.8823013305664,514.9984130859375,72.5,182.49928283691406,128.1695556640625,260.5526123046875,3934.118408203125,153.64999389648438,91.55490112304688,214.33590698242188,78.9361572265625,214.93988037109375,47.48779296875,107.10386657714844,21.366273880004883,90.7249984741211
2021-11-05,17.35893440246582,89.19849395751953,200.82711791992188,265.9074401855469,7.661574840545654,76.09597778320312,2.1421680450439453,79.86524963378906,517.9984130859375,70.5,183.16986083984375,128.1695556640625,269.41583251953125,3795.30810546875,158.9499969482422,88.92697143554688,217.22560119628906,76.9579086303711,219.78346252441406,47.92817687988281,112.52156066894531,21.323450088500977,91.9000015258789
2021-11-08,18.54790496826172,92.934326171875,207.38742065429688,278.2574768066406,7.9862165451049805,81.43364715576172,2.3837060928344727,79.44397735595703,573.9982299804688,70.4000015258789,191.4771270751953,128.1695556640625,270.3716735839844,3787.81884765625,164.8000030517578,92.16494750976562,223.20428466796875,78.7422103881836,229.2308349609375,49.763099670410156,114.18855285644531,21.96572494506836,94.99500274658203
2021-11-09,18.461429595947266,89.65970611572266,209.6725616455078,276.3896789550781,7.888823986053467,77.92082214355469,2.3916261196136475,78.39081573486328,589.4981689453125,68.4000015258789,189.5399627685547,128.1695556640625,267.634521484375,3810.909912109375,159.9499969482422,92.54036712646484,224.99789428710938,77.34579467773438,222.61288452148438,49.24932098388672,107.7289810180664,21.837268829345703,96.2750015258789
2021-11-10,18.288490295410156,91.13558197021484,212.80523681640625,283.44140625,7.865635395050049,76.00475311279297,2.352029800415039,76.21426391601562,593.4981689453125,66.3499984741211,191.92416381835938,128.1695556640625,270.849609375,3814.90478515625,159.25,94.60516357421875,230.3787078857422,75.01844024658203,226.30551147460938,48.808937072753906,111.47969818115234,21.794452667236328,95.28500366210938
2021-11-11,18.20201873779297,93.85673522949219,209.89366149902344,288.9685363769531,8.153176307678223,76.36968994140625,2.379747152328491,77.26744079589844,585.9981689453125,66.69999694824219,190.508544921875,128.1695556640625,274.9336242675781,3941.7353515625,165.9499969482422,92.02417755126953,235.4107666015625,72.14803314208984,228.2237548828125,46.75382614135742,113.98018646240234,21.837268829345703,93.46499633789062
2021-11-12,18.223636627197266,95.009765625,207.57174682617188,280.73516845703125,8.023317337036133,75.22917938232422,2.3718273639678955,77.96955108642578,576.9982299804688,67.5,185.40499877929688,128.1695556640625,262.46429443359375,3942.734130859375,163.60000610351562,91.32026672363281,231.02639770507812,72.4583511352539,225.39434814453125,44.9922981262207,113.98018646240234,21.751630783081055,94.80000305175781
2021-11-15,19.023487091064453,95.24038696289062,199.31600952148438,274.29327392578125,8.055784225463867,76.36968994140625,2.3243114948272705,75.652587890625,598.9981689453125,63.900001525878906,178.69956970214844,128.1695556640625,252.73214721679688,3966.70166015625,156.85000610351562,90.05323028564453,225.69540405273438,71.76014709472656,221.5098876953125,43.083980560302734,113.77180480957031,21.451906204223633,90.9749984741211
2021-11-16,18.418195724487305,92.47309875488281,185.9373779296875,253.02369689941406,8.037232398986816,71.67073822021484,2.308473825454712,75.61747741699219,609.9981079101562,59.29999923706055,165.62400817871094,128.1695556640625,247.5619354248047,3969.69775390625,152.39999389648438,86.67447662353516,225.69540405273438,66.4072265625,217.2417755126953,41.4692497253418,112.72994232177734,21.02372169494629,87.125
2021-11-17,18.180404663085938,87.90709686279297,178.9716339111328,248.3352508544922,7.9676666259765625,68.3860092163086,2.292635202407837,74.84515380859375,603.4981079101562,61.25,158.73228454589844,128.1695556640625,250.64669799804688,3926.755126953125,153.5500030517578,84.18733215332031,224.69895935058594,66.01933288574219,210.7197265625,41.028865814208984,108.7708511352539,20.93809700012207,84.93499755859375
2021-11-18,18.504667282104492,88.46055603027344,184.9422607421875,256.3399658203125,8.310859680175781,66.01372528076172,2.284715414047241,74.49408721923828,583.4981689453125,61.349998474121094,163.94760131835938,128.1695556640625,257.1637878417969,3950.2236328125,161.14999389648438,84.84432220458984,234.81289672851562,68.42426300048828,209.13717651367188,41.322452545166016,110.64620971679688,21.280635833740234,88.75
2021-11-19,18.483049392700195,83.66393280029297,175.02806091308594,243.3037567138672,7.963028907775879,62.91148376464844,2.2649166584014893,71.15906524658203,576.9982299804688,58.599998474121094,156.161865234375,128.1695556640625,245.38955688476562,3940.736328125,154.25,80.66779327392578,222.9053497314453,67.4157485961914,198.20314025878906,41.24905776977539,106.68711853027344,21.109355926513672,84.2249984741211
2021-11-23,17.920991897583008,80.89667510986328,164.2292938232422,233.92684936523438,8.194916725158691,62.22716522216797,2.2134416103363037,69.86016082763672,560.998291015625,59.45000076293945,149.15843200683594,128.1695556640625,233.7457275390625,3899.791748046875,154.39999389648438,78.79071044921875,209.7522430419922,66.95027923583984,196.4767303466797,41.322452545166016,105.85362243652344,20.723995208740234,82.81999969482422
2021-11-24,18.115550994873047,83.47946166992188,162.4233856201172,232.89764404296875,8.148538589477539,64.28010559082031,2.2015628814697266,70.10589599609375,562.9982299804688,61.5,149.7544708251953,128.1695556640625,232.7464599609375,3860.843505859375,151.3000030517578,79.49461364746094,213.5387420654297,67.88121032714844,194.75030517578125,41.83623123168945,103.76988983154297,21.02372169494629,81.06999969482422
2021-11-25,18.158784866333008,87.99934387207031,166.73550415039062,237.09063720703125,8.394340515136719,65.96810150146484,2.253037691116333,72.598388671875,559.498291015625,62.400001525878906,152.51113891601562,128.1695556640625,242.0006866455078,3906.282470703125,150.85000610351562,80.52701568603516,213.6383819580078,68.42426300048828,199.06637573242188,42.93718719482422,104.60338592529297,20.80963134765625,82.30999755859375
2021-11-26,17.445404052734375,83.57170867919922,157.00559997558594,219.86151123046875,8.436079978942871,59.76362991333008,2.1698853969573975,68.877197265625,540.4983520507812,59.5,144.8744354248047,128.1695556640625,230.1830596923828,3794.43212890625,142.0,75.88121795654297,205.86610412597656,64.46775817871094,181.1307373046875,40.221500396728516,100.01917266845703,20.338634490966797,75.87000274658203
2021-11-29,16.386140823364258,85.3243179321289,151.8089141845703,220.85255432128906,8.259844779968262,59.581146240234375,2.1065311431884766,68.42082977294922,509.9984130859375,60.599998474121094,139.62181091308594,127.04853820800781,221.40675354003906,3769.465576171875,141.5,75.78736877441406,208.45684814453125,64.54534149169922,174.56072998046875,39.04715347290039,98.76893615722656,20.295818328857422,73.75499725341797
2021-11-30,16.148347854614258,83.11050415039062,153.87286376953125,219.97586059570312,8.343324661254883,59.946109771728516,2.165925979614258,66.56022644042969,499.4984436035156,62.54999923706055,141.07467651367188,127.04853820800781,223.0577392578125,3782.447998046875,144.0,78.22758483886719,213.33946228027344,67.33816528320312,177.00650024414062,39.193946838378906,95.8517074584961,20.25300407409668,76.0250015258789
2021-12-01,17.185993194580078,86.062255859375,168.83633422851562,242.38897705078125,9.057538032531738,68.7966079711914,2.260957717895508,72.0015869140625,543.498291015625,63.849998474121094,155.7521209716797,131.15892028808594,234.61468505859375,3872.328125,160.8000030517578,83.90576934814453,216.57791137695312,72.38077545166016,185.97430419921875,41.909629821777344,98.76893615722656,21.109355926513672,82.4749984741211
2021-12-02,17.985843658447266,90.21316528320312,175.3597869873047,244.52354431152344,10.161325454711914,68.15790557861328,2.272836446762085,72.42286682128906,545.498291015625,63.25,154.70904541015625,131.15892028808594,235.7008514404297,3918.765869140625,164.14999389648438,86.76832580566406,217.72381591796875,75.25118255615234,192.25657653808594,44.03813934326172,102.311279296875,21.409088134765625,88.48500061035156
2021-12-03,18.13716697692871,92.1502685546875,170.90023803710938,239.72073364257812,9.753202438354492,65.01005554199219,2.241159439086914,71.0888442993164,542.498291015625,61.400001525878906,152.62290954589844,131.15892028808594,235.9615478515625,3908.280029296875,162.0,85.876708984375,216.42843627929688,75.32875061035156,192.97592163085938,43.74455261230469,102.311279296875,21.323450088500977,86.19999694824219
2021-12-06,18.63437271118164,95.009765625,173.51695251464844,242.42701721191406,9.702186584472656,66.83489990234375,2.332231044769287,74.73983001708984,549.998291015625,62.849998474121094,155.5286102294922,131.15892028808594,237.91664123535156,3907.28125,166.6999969482422,87.190673828125,216.9764862060547,77.19064331054688,196.23695373535156,45.065696716308594,104.60338592529297,21.323450088500977,90.11000061035156
2021-12-07,17.791284561157227,94.54855346679688,169.3153839111328,243.60870361328125,9.688274383544922,69.89151763916016,2.367868423461914,74.63451385498047,566.9982299804688,61.150001525878906,158.69503784179688,131.15892028808594,242.0006866455078,3919.265380859375,165.85000610351562,88.83312225341797,224.10107421875,76.9579086303711,200.313232421875,44.84550476074219,105.43687438964844,21.751630783081055,91.81500244140625
2021-12-09,18.029077529907227,92.7037124633789,161.90740966796875,234.7654571533203,9.326529502868652,67.19985961914062,2.336190938949585,74.14302825927734,547.998291015625,59.20000076293945,152.77191162109375,131.15892028808594,229.2272186279297,3901.788818359375,159.85000610351562,85.07894897460938,217.47470092773438,72.923828125,191.24949645996094,44.62531661987305,105.85362243652344,21.451906204223633,87.12000274658203
2021-12-10,17.920991897583008,93.62613677978516,156.74761962890625,227.94241333007812,9.572328567504883,65.19253540039062,2.284715414047241,74.73983001708984,516.4984130859375,58.0,148.5623779296875,131.15892028808594,226.79417419433594,3912.27490234375,157.0500030517578,82.12254333496094,212.5921173095703,74.7081298828125,190.09854125976562,44.69871139526367,106.4787368774414,21.280635833740234,84.9749984741211
2021-12-13,17.596729278564453,91.68904113769531,148.7130584716797,213.95338439941406,9.372905731201172,61.26913070678711,2.209481716156006,71.4048080444336,519.4984130859375,54.95000076293945,139.99435424804688,127.04853820800781,220.27711486816406,3892.801025390625,148.35000610351562,75.22425079345703,202.37852478027344,71.294677734375,178.73292541503906,43.74455261230469,104.81175231933594,20.85245132446289,80.4749984741211
2021-12-14,17.596729278564453,92.1502685546875,150.66639709472656,219.86151123046875,9.377544403076172,60.584808349609375,2.272836446762085,69.2984619140625,515.4984130859375,54.54999923706055,144.9489288330078,127.04853820800781,214.88966369628906,3874.824462890625,146.5,75.03653717041016,203.474609375,72.4583511352539,174.1770782470703,43.52436065673828,105.02012634277344,21.109355926513672,80.09500122070312
2021-12-15,17.53187370300293,86.8001937866211,152.0300750732422,221.04319763183594,9.275513648986816,58.030025482177734,2.292635202407837,66.6655502319336,527.9983520507812,53.5,142.26673889160156,127.04853820800781,209.589111328125,3844.365234375,147.60000610351562,73.30023193359375,195.4532012939453,72.4583511352539,171.63539123535156,41.983028411865234,105.02012634277344,20.980913162231445,77.59500122070312
2021-12-16,17.704816818237305,87.99934387207031,159.88034057617188,226.37960815429688,9.46566104888916,58.3493766784668,2.336190938949585,67.36766052246094,568.4982299804688,54.150001525878906,148.33889770507812,127.04853820800781,217.06201171875,3867.33447265625,153.75,74.28570556640625,197.89451599121094,76.64759826660156,175.66371154785156,42.203216552734375,105.85362243652344,21.02372169494629,80.3949966430664
2021-12-17,17.72643280029297,87.53813934326172,159.58554077148438,228.55227661132812,9.623344421386719,58.66872787475586,2.3837060928344727,69.68463134765625,570.9982299804688,54.25,146.4390411376953,127.04853820800781,220.8853759765625,3854.85107421875,153.8000030517578,73.06559753417969,203.02621459960938,76.57001495361328,179.35635375976562,41.61604309082031,106.06199645996094,21.19499969482422,80.23500061035156
2021-12-20,17.76966667175293,85.04757690429688,157.18988037109375,222.4916534423828,9.553779602050781,58.66872787475586,2.379747152328491,68.17509460449219,583.9981689453125,53.5,145.88023376464844,127.04853820800781,217.5833740234375,3799.925048828125,154.5,72.97174072265625,201.63119506835938,77.50096130371094,173.8413848876953,41.1756591796875,101.26941680908203,21.409088134765625,78.81999969482422
2021-12-21,18.20201873779297,85.97000122070312,161.05975341796875,229.31460571289062,10.096396446228027,59.85487365722656,2.379747152328491,68.98251342773438,632.998046875,52.04999923706055,148.63687133789062,127.04853820800781,222.53636169433594,3815.9033203125,166.1999969482422,75.1303939819336,206.36431884765625,75.32875061035156,182.08985900878906,41.102264404296875,102.5196533203125,21.708820343017578,81.83999633789062
2021-12-22,18.288490295410156,83.84844207763672,157.77955627441406,224.8167724609375,9.660447120666504,59.033687591552734,2.3559887409210205,70.49205780029297,636.998046875,51.0,147.891845703125,127.04853820800781,226.79417419433594,3799.425537109375,162.25,74.23877716064453,203.27532958984375,73.77718353271484,179.26043701171875,40.44169235229492,104.39501190185547,21.837268829345703,81.5199966430664
2021-12-23,18.526283264160156,85.87776184082031,160.98599243164062,228.24734497070312,9.961901664733887,60.76729202270508,2.3599488735198975,70.56227111816406,650.4979858398438,52.25,148.4506378173828,127.04853820800781,232.2685089111328,3802.920654296875,161.6999969482422,75.41194915771484,210.25045776367188,72.14803314208984,180.3154754638672,40.44169235229492,107.5206069946289,22.179813385009766,81.7249984741211
2021-12-27,18.720840454101562,85.13982391357422,164.1556396484375,227.98049926757812,9.785666465759277,60.128597259521484,2.427263021469116,66.56022644042969,624.498046875,53.79999923706055,149.08392333984375,127.04853820800781,229.1403350830078,3803.420166015625,158.9499969482422,75.88121795654297,212.2433624267578,72.53592681884766,178.39723205566406,40.00130844116211,108.3541030883789,22.179813385009766,81.91000366210938
2021-12-28,18.374961853027344,80.80442810058594,156.04736328125,216.92648315429688,9.47029972076416,57.573814392089844,2.4312219619750977,67.0868148803711,615.9981079101562,51.849998474121094,143.90586853027344,127.04853820800781,230.00929260253906,3845.863525390625,161.35000610351562,73.44100952148438,206.01556396484375,70.6740493774414,178.58905029296875,38.973751068115234,106.68711853027344,22.179813385009766,80.16000366210938
2021-12-29,17.985843658447266,84.65523529052734,164.8927459716797,219.59469604492188,9.539864540100098,60.174217224121094,2.474778175354004,66.56022644042969,621.498046875,52.099998474121094,146.77427673339844,127.04853820800781,230.052734375,3870.830078125,163.75,75.92814636230469,207.56005859375,72.61351013183594,178.78086853027344,39.927913665771484,106.89549255371094,22.179813385009766,80.62000274658203
2021-12-30,18.13716697692871,85.85535430908203,165.33499145507812,219.2516632080078,9.646533966064453,58.94245147705078,2.538132667541504,69.05272674560547,600.4981689453125,57.04999923706055,145.5449676513672,127.04853820800781,236.5263671875,3877.3212890625,166.1999969482422,76.49127960205078,201.5813751220703,72.923828125,173.69752502441406,39.70772171020508,103.97825622558594,22.179813385009766,77.84500122070312
2022-01-03,18.591136932373047,86.68621826171875,164.8190155029297,224.3213348388672,9.887697219848633,62.40964889526367,2.625244617462158,70.35163879394531,577.4982299804688,59.54999923706055,149.9407196044922,127.04853820800781,238.09043884277344,3891.802001953125,167.3000030517578,77.89908599853516,207.3607635498047,74.86328887939453,178.2053985595703,39.927913665771484,106.4787368774414,22.179813385009766,83.08000183105469
2022-01-04,18.20201873779297,85.30144500732422,160.87545776367188,221.30999755859375,9.84595775604248,60.44794464111328,2.633164405822754,69.86016082763672,574.9982299804688,58.70000076293945,146.96054077148438,127.04853820800781,235.22291564941406,3880.317138671875,166.3000030517578,76.35049438476562,211.1472625732422,75.09602355957031,179.3083953857422,39.78112030029297,108.7708511352539,22.179813385009766,84.38999938964844
2022-01-05,17.942607879638672,83.91669464111328,156.6739044189453,214.4869842529297,10.02219295501709,58.94245147705078,2.585648775100708,68.28040313720703,569.4982299804688,56.29999923706055,143.90586853027344,127.04853820800781,237.2214813232422,3852.854248046875,158.5500030517578,76.49127960205078,209.652587890625,73.77718353271484,176.383056640625,39.41413497924805,107.3122329711914,22.179813385009766,82.83999633789062
2022-01-06,18.13716697692871,82.34728240966797,160.24891662597656,220.62387084960938,9.915523529052734,58.25813293457031,2.5420925617218018,67.68359375,549.498291015625,56.25,145.35870361328125,127.04853820800781,237.6559600830078,3811.40966796875,159.25,76.44435119628906,207.3607635498047,72.4583511352539,175.9034881591797,39.193946838378906,106.4787368774414,22.179813385009766,82.9000015258789
2022-01-07,18.115550994873047,82.99351501464844,162.82882690429688,223.33026123046875,9.901610374450684,59.76362991333008,2.5302135944366455,68.70166778564453,547.498291015625,54.79999923706055,147.5193328857422,127.04853820800781,238.61181640625,3804.917724609375,162.10000610351562,77.6644515991211,208.8056182861328,71.06192779541016,177.7738037109375,38.826961517333984,106.4787368774414,22.179813385009766,83.44000244140625
2022-01-10,18.418195724487305,82.16265869140625,160.69119262695312,221.8817138671875,9.748564720153809,58.44062042236328,2.502495527267456,69.2984619140625,559.498291015625,53.45000076293945,146.6252899169922,127.04853820800781,235.09259033203125,3785.44384765625,158.14999389648438,76.6320571899414,209.4532928466797,70.05342102050781,187.07730102539062,38.38657760620117,106.27037048339844,22.56517791748047,82.16000366210938
2022-01-11,18.461429595947266,82.90119934082031,161.83372497558594,225.12173461914062,9.827406883239746,61.31473922729492,2.490616798400879,69.6495132446289,568.9982299804688,53.25,149.08392333984375,127.04853820800781,235.1360626220703,3745.99658203125,158.64999389648438,76.81977081298828,213.18997192382812,70.51889038085938,194.60643005371094,38.753562927246094,105.43687438964844,22.607995986938477,84.91500091552734
2022-01-12,18.245256423950195,82.0703353881836,164.524169921875,225.7316436767578,9.915523529052734,64.00639343261719,2.5143752098083496,70.59736633300781,555.998291015625,53.79999923706055,148.78594970703125,127.04853820800781,235.04913330078125,3693.06787109375,161.9499969482422,76.39742279052734,212.2433624267578,69.89825439453125,197.1481170654297,38.68016815185547,105.64524841308594,22.65081787109375,85.33000183105469
2022-01-13,18.266874313354492,83.82437133789062,167.9149169921875,229.50526428222656,9.864507675170898,64.14326477050781,2.5302135944366455,71.8611831665039,557.498291015625,54.04999923706055,148.0036163330078,127.04853820800781,233.52850341796875,3665.1044921875,162.25,77.2890396118164,208.955078125,69.82068634033203,192.0167999267578,38.60676574707031,104.60338592529297,22.607995986938477,87.93499755859375
2022-01-14,17.661577224731445,83.91669464111328,164.74533081054688,232.66900634765625,9.915523529052734,64.5994644165039,2.55001163482666,71.43989562988281,549.998291015625,52.599998474121094,147.29579162597656,127.04853820800781,233.22438049316406,3604.18603515625,161.4499969482422,75.64659118652344,210.59922790527344,68.8897476196289,189.90672302246094,38.753562927246094,105.02012634277344,22.436729431152344,89.73999786376953
2022-01-17,17.575109481811523,83.54741668701172,164.45046997070312,228.20921325683594,9.84131908416748,65.28378295898438,2.5460517406463623,70.91331481933594,549.498291015625,53.04999923706055,145.9919891357422,127.04853820800781,240.95794677734375,3548.2607421875,160.35000610351562,75.1303939819336,212.14370727539062,68.03636932373047,188.7078094482422,38.38657760620117,103.76988983154297,22.607995986938477,88.61000061035156
2022-01-18,17.294082641601562,82.71654510498047,159.14321899414062,225.23611450195312,9.910886764526367,61.45161056518555,2.5104153156280518,71.47501373291016,539.9983520507812,51.849998474121094,140.7766571044922,123.68550872802734,231.8340606689453,3540.27197265625,156.85000610351562,73.48794555664062,210.0013427734375,65.16596984863281,183.43263244628906,38.019596099853516,102.311279296875,22.222637176513672,88.02999877929688
2022-01-19,17.142759323120117,82.71654510498047,159.21693420410156,228.704833984375,9.915523529052734,60.265464782714844,2.55001163482666,73.2654037475586,543.498291015625,51.79999923706055,142.34124755859375,123.68550872802734,229.40101623535156,3521.79638671875,160.14999389648438,72.31476593017578,209.7522430419922,66.87269592285156,187.55686950683594,37.43241882324219,102.5196533203125,22.136999130249023,86.62999725341797
2022-01-20,17.25084686279297,85.02450561523438,163.71336364746094,236.02333068847656,9.910886764526367,61.999061584472656,2.522294044494629,76.53022003173828,532.4983520507812,52.54999923706055,145.80572509765625,123.68550872802734,232.181640625,3512.30908203125,164.85000610351562,74.19184112548828,221.2113800048828,66.71753692626953,190.62606811523438,37.872798919677734,103.76988983154297,22.09418296813965,87.73500061035156
2022-01-21,17.16437339782715,82.99351501464844,161.8705596923828,227.33251953125,9.873785018920898,59.946109771728516,2.4708189964294434,74.59941101074219,542.498291015625,53.29999923706055,141.11190795898438,123.68550872802734,226.750732421875,3464.8720703125,166.25,73.20637512207031,219.4177703857422,64.15744018554688,187.94052124023438,36.07457733154297,103.35314178466797,21.53754234313965,85.16500091552734
2022-01-24,16.86172866821289,78.562255859375,153.68856811523438,213.07664489746094,9.822769165039062,56.57015609741211,2.352029800415039,73.33560943603516,514.4984130859375,53.349998474121094,135.26333618164062,123.68550872802734,223.4053192138672,3370.49853515625,163.8000030517578,70.86001586914062,217.12594604492188,59.58031463623047,185.0151824951172,33.835968017578125,101.06104278564453,21.19499969482422,82.62000274658203
2022-01-25,16.86172866821289,80.59325408935547,163.41848754882812,224.1306610107422,9.961901664733887,60.174217224121094,2.4312219619750977,78.5312271118164,530.4983520507812,54.400001525878906,147.44485473632812,123.68550872802734,231.39956665039062,3417.93505859375,176.0500030517578,75.74044799804688,219.4676055908203,62.68345642089844,193.45547485351562,36.07457733154297,103.35314178466797,21.751630783081055,88.95999908447266
2022-01-26,17.294082641601562,81.79338073730469,165.1507110595703,230.4200897216797,10.101035118103027,60.31108093261719,2.411424398422241,78.7067642211914,545.498291015625,52.849998474121094,148.2271270751953,123.68550872802734,231.18234252929688,3447.395263671875,174.14999389648438,77.57061004638672,224.35018920898438,61.98525619506836,195.94921875,35.340606689453125,103.56151580810547,22.308271408081055,90.11000061035156
2022-01-27,16.68878936767578,81.97801971435547,165.8509979248047,229.00970458984375,9.971177101135254,60.128597259521484,2.4351818561553955,77.65359497070312,547.998291015625,53.0,148.82315063476562,123.68550872802734,229.61825561523438,3457.88134765625,174.1999969482422,75.78736877441406,222.2078399658203,61.75251770019531,201.32029724121094,36.147972106933594,104.60338592529297,22.222637176513672,91.0
2022-01-28,17.337316513061523,83.73204803466797,175.06491088867188,239.41574096679688,10.434951782226562,62.090301513671875,2.4866576194763184,78.56635284423828,563.9982299804688,54.79999923706055,156.6089324951172,123.68550872802734,231.96441650390625,3473.361083984375,176.5500030517578,78.6499252319336,229.18296813964844,66.2520751953125,202.5192108154297,37.43241882324219,103.97825622558594,23.12181282043457,94.58499908447266
2022-01-31,17.510255813598633,85.76304626464844,182.14125061035156,245.66705322265625,11.112064361572266,69.89151763916016,2.5420925617218018,79.58439636230469,576.9982299804688,64.0,161.0047149658203,123.68550872802734,242.47860717773438,3550.7578125,179.25,80.33930206298828,231.82354736328125,72.76866149902344,215.8031005859375,42.7903938293457,103.97825622558594,23.93536376953125,96.17500305175781
2022-02-01,17.83452033996582,86.68621826171875,179.67190551757812,245.285888671875,11.056411743164062,70.53020477294922,2.569809913635254,78.56635284423828,577.4982299804688,65.19999694824219,160.55764770507812,123.68550872802734,245.12887573242188,3617.1689453125,182.14999389648438,79.77617645263672,231.67408752441406,76.80274963378906,216.52243041992188,43.083980560302734,104.81175231933594,24.706090927124023,97.0999984741211
2022-02-02,17.575109481811523,86.68621826171875,172.96417236328125,238.8821563720703,10.625100135803223,68.02105712890625,2.5579311847686768,76.95148468017578,613.9981079101562,63.5,156.83238220214844,123.68550872802734,240.30624389648438,3677.088623046875,177.35000610351562,77.42982482910156,226.84130859375,77.42337799072266,208.5616912841797,42.35000991821289,103.35314178466797,25.348358154296875,94.70500183105469
2022-02-03,17.510255813598633,86.13232421875,173.18528747558594,237.43373107910156,10.365386962890625,65.42064666748047,2.518334150314331,77.61849212646484,632.998046875,66.05000305175781,152.58563232421875,123.68550872802734,236.3091278076172,3576.2236328125,172.9499969482422,76.96055603027344,227.2897186279297,75.25118255615234,204.77316284179688,42.203216552734375,102.93639373779297,25.13426971435547,90.51000213623047
2022-02-04,18.223636627197266,86.96316528320312,174.25411987304688,231.44924926757812,10.351472854614258,66.78927612304688,2.534172534942627,78.14507293701172,640.4979858398438,66.55000305175781,151.98959350585938,123.68550872802734,233.7457275390625,3564.2392578125,168.75,76.96055603027344,226.34307861328125,73.93234252929688,202.1835174560547,42.5702018737793,104.39501190185547,25.262727737426758,89.79499816894531
2022-02-07,18.483049392700195,89.3634262084961,173.77496337890625,235.56590270996094,10.601911544799805,69.48091888427734,2.5777289867401123,79.93546295166016,639.998046875,66.69999694824219,154.5227813720703,123.68550872802734,233.4850616455078,3586.70947265625,169.25,78.83763885498047,226.143798828125,77.96642303466797,205.2047576904297,43.74455261230469,106.4787368774414,25.69091033935547,90.23500061035156
2022-02-08,18.526283264160156,89.45574188232422,170.6053924560547,230.1151123046875,10.917280197143555,67.88418579101562,2.5618903636932373,79.19825744628906,633.998046875,64.1500015258789,151.13284301757812,123.68550872802734,232.48574829101562,3500.82421875,165.35000610351562,76.6320571899414,225.19717407226562,79.13009643554688,199.64183044433594,42.93718719482422,107.10386657714844,25.69091033935547,88.125
2022-02-09,18.20201873779297,89.45574188232422,166.6618194580078,225.23611450195312,11.061050415039062,67.97542572021484,2.5420925617218018,81.1641616821289,626.498046875,63.0,148.3016357421875,123.68550872802734,233.52850341796875,3422.92822265625,163.9499969482422,74.98961639404297,221.2113800048828,76.18211364746094,194.27073669433594,42.42340850830078,105.43687438964844,25.434001922607422,88.5199966430664
2022-02-10,18.461429595947266,90.37891387939453,167.9517822265625,227.18008422851562,10.954381942749023,66.33306121826172,2.518334150314331,84.32365417480469,627.498046875,63.5,149.12115478515625,123.68550872802734,234.4843292236328,3436.409912109375,166.5500030517578,76.02200317382812,225.94451904296875,74.32024383544922,194.27073669433594,42.12982177734375,104.39501190185547,25.69091033935547,88.05000305175781
2022-02-11,19.06672477722168,91.025146484375,165.92469787597656,227.90431213378906,11.08423900604248,66.56116485595703,2.538132667541504,82.63859558105469,626.998046875,64.1500015258789,146.8860321044922,123.68550872802734,235.396728515625,3391.470458984375,175.10000610351562,75.92814636230469,234.21502685546875,76.72516632080078,201.75192260742188,43.377567291259766,104.18663024902344,26.932634353637695,89.2300033569336
2022-02-14,19.326133728027344,91.57904815673828,167.03038024902344,221.8436279296875,10.88017749786377,65.92247772216797,2.522294044494629,82.04178619384766,647.9979858398438,64.3499984741211,144.7999725341797,123.68550872802734,237.17807006835938,3433.913818359375,172.6999969482422,75.22425079345703,230.67764282226562,75.71664428710938,199.25819396972656,42.42340850830078,104.39501190185547,28.602542877197266,88.91999816894531
2022-02-15,20.515104293823242,90.56355285644531,169.5734100341797,223.4064178466797,10.870901107788086,65.69437408447266,2.5104153156280518,84.00770568847656,664.9979248046875,64.30000305175781,146.55075073242188,123.68550872802734,238.39456176757812,3450.89111328125,169.3000030517578,75.9750747680664,232.5210723876953,75.79422760009766,199.59388732910156,42.276615142822266,105.02012634277344,30.14399528503418,88.12000274658203
2022-02-16,20.969072341918945,92.31758880615234,175.50723266601562,231.94476318359375,11.056411743164062,68.9334716796875,2.609405994415283,84.74493408203125,709.997802734375,66.0,152.10134887695312,122.00395202636719,238.82904052734375,3463.374267578125,172.4499969482422,78.60299682617188,232.07266235351562,83.97876739501953,212.06251525878906,43.377567291259766,106.06199645996094,30.61499786376953,93.44499969482422
2022-02-17,20.70966148376465,91.48672485351562,174.3646697998047,227.94241333007812,11.144530296325684,67.33673858642578,2.613365888595581,85.55236053466797,767.4976196289062,65.05000305175781,149.08392333984375,122.00395202636719,239.00282287597656,3489.8388671875,173.64999389648438,76.35049438476562,227.33953857421875,82.42719268798828,211.1033935546875,44.62531661987305,105.22850036621094,30.57217788696289,92.07499694824219
2022-02-18,20.47186851501465,89.54805755615234,179.78244018554688,229.5814666748047,11.028585433959961,69.89151763916016,2.6212847232818604,84.49919128417969,784.49755859375,64.75,150.64854431152344,122.00395202636719,231.8340606689453,3407.9482421875,169.10000610351562,76.39742279052734,229.18296813964844,89.21531677246094,211.7747802734375,46.53363800048828,103.35314178466797,30.05835723876953,89.95999908447266
2022-02-21,19.844955444335938,89.73269653320312,174.84376525878906,233.5837860107422,10.810609817504883,69.89151763916016,2.70839786529541,83.90239715576172,767.9976196289062,65.69999694824219,151.72886657714844,122.00395202636719,235.04913330078125,3398.96044921875,171.0,78.69685363769531,226.6918487548828,91.15478515625,216.47447204589844,47.707984924316406,103.76988983154297,30.61499786376953,92.03500366210938
2022-02-22,19.996280670166016,90.47123718261719,177.8291015625,238.65338134765625,10.8384370803833,73.449951171875,2.7400741577148438,82.67369842529297,745.9976806640625,68.30000305175781,155.5286102294922,122.00395202636719,230.052734375,3433.913818359375,170.5,78.50914764404297,226.4925537109375,89.79714965820312,214.26849365234375,48.295162200927734,102.93639373779297,31.5570011138916,91.1500015258789
2022-02-23,20.601572036743164,90.84051513671875,181.51470947265625,240.82611083984375,10.805973052978516,71.62510681152344,2.7677927017211914,84.25344848632812,719.4977416992188,73.3499984741211,157.39117431640625,122.00395202636719,227.35897827148438,3440.4052734375,173.35000610351562,79.16613006591797,226.09397888183594,89.99109649658203,229.85426330566406,47.85477828979492,105.64524841308594,31.856721878051758,92.11000061035156
2022-02-24,19.823341369628906,87.70170593261719,171.89532470703125,232.3640594482422,10.527709007263184,69.34405517578125,2.70839786529541,84.28856658935547,681.9978637695312,70.3499984741211,152.51113891601562,122.00395202636719,218.06129455566406,3337.04296875,169.0,75.74044799804688,217.92311096191406,85.33638000488281,227.1207733154297,46.313446044921875,104.39501190185547,31.257266998291016,88.73500061035156
2022-02-25,20.666425704956055,85.48607635498047,170.49484252929688,229.16221618652344,10.801335334777832,66.83489990234375,2.8153076171875,89.23845672607422,703.497802734375,68.19999694824219,148.71142578125,122.00395202636719,207.6339874267578,3321.56396484375,171.64999389648438,75.59967041015625,217.37506103515625,84.75454711914062,223.0924530029297,46.460235595703125,103.14476776123047,31.342905044555664,87.9000015258789
2022-03-02,21.25010108947754,85.76304626464844,165.7404022216797,230.1532745361328,11.11670207977295,70.0739974975586,2.83906626701355,95.17129516601562,669.9979248046875,69.0,151.13284301757812,122.00395202636719,200.1610870361328,3302.588623046875,189.8000030517578,77.2890396118164,215.53163146972656,86.11217498779297,230.81338500976562,47.34100341796875,103.14476776123047,31.043182373046875,95.74500274658203
2022-03-03,21.595983505249023,89.45574188232422,168.20974731445312,234.46054077148438,10.847710609436035,71.67073822021484,2.9222183227539062,101.52539825439453,669.4979248046875,71.3499984741211,153.21896362304688,122.00395202636719,195.12120056152344,3338.04150390625,194.60000610351562,77.6644515991211,212.99069213867188,86.30612182617188,242.61062622070312,46.68042755126953,107.7289810180664,30.87190818786621,93.2300033569336
2022-03-04,21.18524932861328,91.30208587646484,155.01541137695312,222.26292419433594,10.481329917907715,69.8002700805664,2.84698486328125,116.97187042236328,642.9979858398438,69.5,145.1351776123047,118.26725769042969,189.08206176757812,3239.173828125,191.5500030517578,73.34716033935547,205.46751403808594,88.2455825805664,246.35122680664062,46.82722473144531,107.3122329711914,30.443729400634766,88.12999725341797
2022-03-07,21.920246124267578,92.7791748046875,145.61717224121094,217.5363311767578,10.332921028137207,68.43162536621094,2.8232274055480957,111.6709213256836,647.4979858398438,66.55000305175781,138.20626831054688,114.53052520751953,185.43247985839844,3219.20068359375,191.0,72.73709869384766,196.59913635253906,88.43952941894531,245.2002716064453,46.019859313964844,108.5624771118164,30.486539840698242,85.23999786376953
2022-03-08,22.568777084350586,92.1329574584961,153.87286376953125,227.33251953125,10.026829719543457,70.0739974975586,2.7796711921691895,104.75511932373047,641.9979858398438,66.0,140.47865295410156,114.53052520751953,184.21595764160156,3228.1884765625,183.4499969482422,73.62872314453125,199.0902557373047,88.63347625732422,249.1326904296875,46.0932502746582,106.27037048339844,30.87190818786621,88.7699966430664
2022-03-09,21.595983505249023,89.3634262084961,154.7942352294922,224.1306610107422,9.89697265625,68.84222412109375,2.874702215194702,98.71694946289062,642.4979858398438,65.0,143.57058715820312,114.53052520751953,192.1233367919922,3185.245849609375,179.14999389648438,73.0186767578125,198.3927459716797,83.59087371826172,224.8668212890625,45.359283447265625,103.35314178466797,30.829090118408203,89.9749984741211
2022-03-10,21.358190536499023,89.82501983642578,161.64944458007812,238.1579132080078,11.028585433959961,71.35137939453125,2.9380569458007812,105.56256866455078,638.498046875,67.1500015258789,148.71142578125,114.53052520751953,194.81707763671875,3387.974609375,187.0,74.09798431396484,202.12942504882812,85.72428131103516,241.1239776611328,45.94645690917969,103.97825622558594,31.257266998291016,93.51000213623047
2022-03-11,22.266130447387695,88.25560760498047,158.4060821533203,228.43792724609375,11.107428550720215,70.5758285522461,3.052886486053467,107.28273010253906,638.498046875,66.94999694824219,146.10374450683594,114.53052520751953,192.1667938232422,3338.04150390625,177.14999389648438,72.033203125,201.382080078125,83.59087371826172,236.28041076660156,45.65287399291992,104.81175231933594,31.685453414916992,91.08000183105469
2022-03-14,20.904220581054688,85.76304626464844,152.06692504882812,217.76504516601562,10.945106506347656,67.15424346923828,3.0014114379882812,97.87442779541016,593.4981689453125,64.6500015258789,139.36109924316406,116.02520751953125,182.65187072753906,3212.708984375,163.35000610351562,68.6544418334961,191.81617736816406,77.96642303466797,216.8101806640625,43.30417251586914,103.35314178466797,31.214448928833008,85.55999755859375
2022-03-15,20.3421630859375,83.63972473144531,151.47723388671875,218.718017578125,11.12134075164795,66.56116485595703,2.989532709121704,94.7500228881836,589.4981689453125,64.6500015258789,139.6963348388672,116.02520751953125,185.08493041992188,3202.22314453125,159.75,68.60751342773438,195.10446166992188,77.57852935791016,214.3164520263672,42.42340850830078,100.644287109375,31.214448928833008,83.36499786376953
2022-03-16,20.752897262573242,87.42473602294922,162.46026611328125,230.1532745361328,11.139891624450684,68.24915313720703,3.3181827068328857,98.33080291748047,607.4981079101562,63.5,147.55657958984375,116.02520751953125,195.9032440185547,3294.100341796875,163.39999389648438,70.53153228759766,199.18988037109375,80.29378509521484,221.1741943359375,42.7903938293457,107.10386657714844,31.642637252807617,85.0
2022-03-17,20.860984802246094,90.56355285644531,161.68626403808594,234.87985229492188,11.789177894592285,69.8002700805664,3.3142237663269043,105.38703155517578,603.9981079101562,62.20000076293945,151.43081665039062,116.02520751953125,199.42247009277344,3393.467529296875,168.9499969482422,71.56392669677734,201.78065490722656,80.48773193359375,219.01617431640625,42.05642318725586,109.6043472290039,31.514192581176758,87.88500213623047
2022-03-18,20.493488311767578,90.37891387939453,162.46026611328125,239.03465270996094,11.408882141113281,68.52288055419922,3.2746267318725586,105.91362762451172,614.9981079101562,62.29999923706055,148.93492126464844,116.02520751953125,199.85693359375,3410.94482421875,168.35000610351562,71.28236389160156,203.27532958984375,78.7422103881836,218.9682159423828,41.83623123168945,110.64620971679688,31.043182373046875,84.9800033569336
2022-03-21,20.082752227783203,91.85599517822266,165.40870666503906,244.67605590820312,11.557290077209473,66.83489990234375,3.2152318954467773,108.93270111083984,625.998046875,63.400001525878906,151.91510009765625,116.02520751953125,199.85693359375,3478.35400390625,173.75,70.53153228759766,204.62054443359375,79.13009643554688,224.43521118164062,41.39585494995117,107.5206069946289,30.957544326782227,88.98999786376953
2022-03-22,19.693634033203125,88.80952453613281,169.83143615722656,249.89804077148438,11.418157577514648,67.47358703613281,3.3221426010131836,107.458251953125,674.9979248046875,63.099998474121094,154.56005859375,116.02520751953125,199.94384765625,3439.905517578125,177.5,72.033203125,208.1579132080078,77.7724838256836,225.82594299316406,41.39585494995117,102.93639373779297,30.78626823425293,89.98500061035156
2022-03-23,19.88819122314453,87.33243560791016,169.90509033203125,251.4989776611328,11.306849479675293,65.74000549316406,3.3538198471069336,107.7039794921875,674.9979248046875,63.04999923706055,153.25619506835938,116.02520751953125,193.7743377685547,3489.8388671875,179.39999389648438,71.93934631347656,213.58856201171875,78.7422103881836,228.27171325683594,40.14810562133789,102.10291290283203,30.70063018798828,92.47000122070312
2022-03-25,20.515104293823242,90.2865982055664,174.8069305419922,258.70318603515625,11.92831039428711,68.34040069580078,3.3894569873809814,117.39311981201172,699.497802734375,65.0999984741211,159.21656799316406,116.02520751953125,196.5115203857422,3498.3271484375,182.60000610351562,73.7695083618164,225.84486389160156,86.30612182617188,251.77027893066406,43.15737533569336,103.35314178466797,30.74344825744629,94.75499725341797
2022-03-28,20.017898559570312,90.37891387939453,170.3842315673828,255.6919403076172,11.761350631713867,67.19985961914062,3.361738681793213,114.79531860351562,689.4978637695312,64.9000015258789,154.96978759765625,116.02520751953125,194.64328002929688,3494.832275390625,180.1999969482422,72.87788391113281,222.2078399658203,84.75454711914062,244.67276000976562,43.083980560302734,102.72801971435547,30.70063018798828,93.16999816894531
2022-03-29,19.715251922607422,89.2710952758789,167.28836059570312,251.04161071777344,11.483085632324219,67.0630111694336,3.238990545272827,107.14229583740234,665.9979248046875,64.5999984741211,152.51113891601562,116.02520751953125,194.0350341796875,3452.38916015625,172.9499969482422,72.033203125,217.22560119628906,81.84535217285156,240.98011779785156,41.83623123168945,102.10291290283203,30.61499786376953,91.58499908447266
2022-03-30,19.326133728027344,89.2710952758789,168.02548217773438,251.15597534179688,11.552651405334473,68.15790557861328,3.2271108627319336,108.7922592163086,658.4979858398438,66.1500015258789,154.78358459472656,116.02520751953125,192.0364532470703,3399.958740234375,176.8000030517578,73.95721435546875,226.44273376464844,82.42719268798828,252.05799865722656,41.1756591796875,101.477783203125,30.74344825744629,93.75499725341797
2022-03-31,19.023487091064453,88.9941635131836,165.8509979248047,250.77481079101562,11.427433013916016,69.61779022216797,3.1954345703125,109.84542083740234,658.9979858398438,65.19999694824219,153.36795043945312,116.02520751953125,188.69100952148438,3353.5205078125,181.0500030517578,73.53486633300781,226.4925537109375,82.23324584960938,255.0792694091797,40.66188430786133,103.76988983154297,30.74344825744629,92.2750015258789
2022-04-01,19.844955444335938,90.7481918334961,169.90509033203125,257.2166748046875,11.343952178955078,71.30575561523438,3.179595708847046,110.6879653930664,659.9979248046875,64.75,156.12461853027344,119.88627624511719,189.55995178222656,3386.47705078125,181.14999389648438,74.80189514160156,228.38580322265625,86.50006103515625,257.71685791015625,41.4692497253418,106.27037048339844,30.74344825744629,94.87000274658203
2022-04-04,19.931428909301758,91.30208587646484,168.20974731445312,255.19644165039062,11.30221176147461,72.44629669189453,3.1993932723999023,108.19548034667969,704.497802734375,64.75,155.15603637695312,119.88627624511719,199.1183319091797,3424.42626953125,181.85000610351562,73.86335754394531,241.1403350830078,87.2758560180664,255.60678100585938,41.39585494995117,105.02012634277344,30.829090118408203,100.18000030517578
2022-04-05,19.06672477722168,91.025146484375,162.79193115234375,249.5931396484375,11.371780395507812,71.89884185791016,3.112281084060669,105.31681060791016,725.4977416992188,63.900001525878906,149.64271545410156,119.88627624511719,197.11978149414062,3430.91748046875,180.5,71.84549713134766,233.41787719726562,85.72428131103516,253.6405792236328,41.102264404296875,104.81175231933594,30.78626823425293,97.6500015258789
2022-04-06,18.958637237548828,90.00965118408203,160.3963165283203,246.39125061035156,11.413519859313965,71.71635437011719,3.1202011108398438,104.40406799316406,719.9977416992188,63.75,148.4134063720703,119.88627624511719,195.46878051757812,3486.34326171875,177.75,71.18850708007812,238.35028076171875,85.33638000488281,250.85910034179688,41.68943786621094,103.76988983154297,30.57217788696289,95.31500244140625
2022-04-07,18.93701934814453,89.2710952758789,158.51669311523438,246.69622802734375,11.747437477111816,72.08132934570312,3.175635814666748,106.36998748779297,739.9976806640625,64.0,146.5135498046875,119.88627624511719,201.76861572265625,3481.849609375,178.35000610351562,70.4845962524414,239.49620056152344,86.50006103515625,257.0934143066406,42.49680709838867,103.97825622558594,30.65781021118164,97.46499633789062
2022-04-08,18.807313919067383,88.25560760498047,158.66412353515625,249.40257263183594,11.506274223327637,74.63611602783203,3.2271108627319336,111.31986236572266,726.9977416992188,64.0,146.25279235839844,119.88627624511719,201.11691284179688,3528.28759765625,184.1999969482422,70.2968978881836,246.02293395996094,88.0516357421875,260.5462646484375,43.15737533569336,102.311279296875,30.57217788696289,98.31999969482422
2022-04-11,18.504667282104492,86.31694030761719,154.57313537597656,244.4853515625,11.404244422912598,73.17622375488281,3.2152318954467773,109.74012756347656,719.9977416992188,62.900001525878906,142.60198974609375,119.88627624511719,201.29067993164062,3492.33544921875,179.64999389648438,69.4052734375,239.197265625,87.2758560180664,262.272705078125,42.12982177734375,102.10291290283203,30.57217788696289,95.79000091552734
2022-04-12,18.504667282104492,86.68621826171875,151.0349884033203,240.5211639404297,11.422795295715332,70.89517974853516,3.2429494857788086,110.54755401611328,706.997802734375,62.849998474121094,143.04904174804688,119.88627624511719,198.9879913330078,3479.35302734375,182.0500030517578,68.46673583984375,232.1723175048828,86.30612182617188,259.39532470703125,41.54264450073242,101.477783203125,30.57217788696289,96.73500061035156
2022-04-13,18.374961853027344,87.51707458496094,150.37155151367188,240.82611083984375,11.37641716003418,71.76197814941406,3.219191789627075,119.92073822021484,702.997802734375,62.400001525878906,141.9314422607422,119.88627624511719,205.59197998046875,3502.82177734375,184.5,67.6689682006836,239.5460205078125,86.8879623413086,261.93701171875,41.102264404296875,101.477783203125,30.61499786376953,97.31500244140625
2022-04-18,18.20201873779297,87.60939025878906,151.47723388671875,243.64683532714844,11.316125869750977,70.66706848144531,3.2271108627319336,124.87062072753906,698.4978637695312,61.45000076293945,143.57058715820312,119.88627624511719,211.1966552734375,3436.409912109375,181.5500030517578,68.09132385253906,237.6029510498047,86.50006103515625,262.272705078125,40.294898986816406,100.644287109375,30.78626823425293,98.12000274658203
2022-04-19,18.180404663085938,86.96316528320312,154.53628540039062,247.2679901123047,11.44598388671875,71.9444580078125,3.2033534049987793,121.95687103271484,697.9978637695312,61.599998474121094,144.53916931152344,119.88627624511719,217.19236755371094,3427.92138671875,190.9499969482422,68.09132385253906,244.030029296875,85.33638000488281,266.63671875,40.58848571777344,100.43592071533203,30.78626823425293,97.79000091552734
2022-04-20,18.09393310546875,87.1478042602539,161.64944458007812,251.4989776611328,11.473810195922852,70.9407958984375,3.219191789627075,131.54071044921875,682.9978637695312,62.25,145.50772094726562,119.88627624511719,217.8006134033203,3468.866943359375,191.5,67.9974594116211,244.1296844482422,82.42719268798828,260.8819580078125,40.221500396728516,100.22754669189453,30.57217788696289,98.26000213623047
2022-04-21,18.180404663085938,86.59390258789062,156.41590881347656,247.2679901123047,11.339313507080078,70.30209350585938,3.219191789627075,125.43234252929688,675.9979248046875,62.900001525878906,143.42153930664062,119.88627624511719,222.31912231445312,3473.361083984375,186.6999969482422,68.51365661621094,240.64212036132812,79.13009643554688,260.40240478515625,38.60676574707031,100.22754669189453,30.486539840698242,96.7750015258789
2022-04-22,18.158784866333008,87.79402160644531,156.26849365234375,246.27691650390625,11.659318923950195,70.25647735595703,3.2033534049987793,122.44835662841797,662.9979248046875,62.95000076293945,143.86862182617188,122.39598083496094,218.17730712890625,3471.363525390625,189.0500030517578,69.73377227783203,243.03358459472656,80.0998306274414,261.8890380859375,38.38657760620117,101.26941680908203,30.70063018798828,96.25499725341797
2022-04-25,18.245256423950195,87.42473602294922,157.52157592773438,243.570556640625,11.327202796936035,71.16889953613281,3.3854968547821045,119.60480499267578,677.9979248046875,62.79999923706055,144.4646759033203,118.92100524902344,221.5068817138672,3423.927001953125,188.5,70.95386505126953,235.9089813232422,78.9361572265625,256.03839111328125,37.79940414428711,99.60243225097656,30.57217788696289,94.03500366210938
2022-04-26,18.4398136138916,86.59390258789062,153.13575744628906,233.81246948242188,11.317926406860352,70.39334106445312,3.5122053623199463,119.42927551269531,663.9979248046875,60.599998474121094,142.00601196289062,118.92100524902344,216.6475067138672,3401.457275390625,184.60000610351562,69.68684387207031,227.68829345703125,77.11306762695312,260.1626281738281,37.065433502197266,98.76893615722656,30.65781021118164,89.94999694824219
2022-04-27,18.591136932373047,86.22462463378906,152.65663146972656,233.27886962890625,11.16021728515625,71.12328338623047,3.567640542984009,118.23568725585938,684.4978637695312,61.45000076293945,142.11773681640625,118.92100524902344,212.46304321289062,3352.5224609375,187.8000030517578,69.49913024902344,234.11538696289062,78.1603775024414,261.601318359375,37.138832092285156,101.6861572265625,30.74344825744629,89.3499984741211
2022-04-28,18.76407814025879,85.39376831054688,152.4723358154297,232.74520874023438,11.406059265136719,72.08132934570312,3.5874385833740234,117.91971588134766,704.497802734375,61.0,141.85696411132812,118.92100524902344,215.47763061523438,3308.580810546875,184.10000610351562,70.3907470703125,242.03713989257812,78.9361572265625,262.6563415527344,37.138832092285156,101.89453887939453,30.829090118408203,90.88500213623047
2022-04-29,18.76407814025879,83.27045440673828,149.0447540283203,230.00074768066406,11.150940895080566,69.20719146728516,3.551802396774292,113.42620086669922,693.9978637695312,58.849998474121094,138.6533203125,116.21826934814453,212.05807495117188,3337.04296875,178.0500030517578,67.9974594116211,225.19717407226562,76.492431640625,251.6264190673828,36.99203872680664,101.477783203125,30.74344825744629,88.13500213623047
2022-05-02,18.050697326660156,84.3782730102539,146.39117431640625,227.4087677001953,11.18804931640625,69.61779022216797,3.5557613372802734,107.77420806884766,695.9978637695312,57.79999923706055,137.72193908691406,116.21826934814453,211.4281768798828,3312.57568359375,174.64999389648438,69.68684387207031,228.98367309570312,74.63054656982422,250.6193084716797,36.07457733154297,100.01917266845703,30.829090118408203,87.80000305175781
2022-05-03,17.985843658447266,86.13232421875,153.09886169433594,237.77670288085938,11.16021728515625,70.02837371826172,3.642874002456665,108.61673736572266,699.997802734375,59.20000076293945,141.29820251464844,116.21826934814453,219.2571563720703,3312.076416015625,178.1999969482422,71.28236389160156,235.06199645996094,76.18211364746094,255.60678100585938,37.79940414428711,103.35314178466797,31.000349044799805,89.36499786376953
2022-05-04,17.920991897583008,86.03999328613281,153.7991485595703,235.9470977783203,11.373588562011719,69.89151763916016,3.7405600547790527,105.31681060791016,701.997802734375,59.849998474121094,141.22372436523438,116.21826934814453,217.0074462890625,3312.57568359375,177.1999969482422,69.12371826171875,231.77374267578125,76.10453796386719,256.13427734375,37.28562545776367,102.311279296875,31.214448928833008,90.3949966430664
2022-05-05,17.661577224731445,81.70106506347656,147.38623046875,227.52320861816406,11.132387161254883,68.24915313720703,3.6550838947296143,100.5073471069336,673.9979248046875,58.20000076293945,139.89227294921875,116.21826934814453,212.1030731201172,3220.19873046875,170.3000030517578,67.05890655517578,221.1117401123047,74.08749389648438,243.23406982421875,36.221370697021484,97.93544006347656,31.000349044799805,86.24500274658203
2022-05-06,17.920991897583008,81.51642608642578,150.5926971435547,228.39981079101562,11.317926406860352,66.65242004394531,3.651014566421509,98.5063247680664,672.4979248046875,58.849998474121094,141.21055603027344,116.21826934814453,209.8983612060547,3220.19873046875,171.89999389648438,67.0119857788086,216.47825622558594,74.7081298828125,240.64442443847656,36.11127471923828,97.51869201660156,31.12881851196289,87.03500366210938
2022-05-09,17.16437339782715,76.1620101928711,142.74240112304688,217.00270080566406,10.89582347869873,61.542850494384766,3.5085554122924805,88.46611785888672,640.9979858398438,55.099998474121094,137.41078186035156,110.4266586303711,201.30445861816406,3106.119384765625,162.3000030517578,63.727088928222656,204.86964416503906,71.4498291015625,224.3872528076172,35.083717346191406,93.55960845947266,30.829090118408203,81.43000030517578
2022-05-10,17.48863983154297,80.77788543701172,141.15760803222656,221.72930908203125,10.937570571899414,64.18887329101562,3.5329766273498535,90.74799346923828,645.9979858398438,56.0,136.751708984375,110.4266586303711,197.2099609375,3162.896728515625,169.0,64.00865173339844,201.88031005859375,70.98435974121094,226.25755310058594,34.533241271972656,97.31031799316406,30.914722442626953,82.82499694824219
2022-05-11,17.53187370300293,82.34728240966797,144.1060791015625,229.08590698242188,11.141664505004883,67.2454833984375,3.6265923976898193,89.87034606933594,657.9979858398438,58.45000076293945,139.42698669433594,113.70858001708984,202.02435302734375,3199.860107421875,175.75,64.10250854492188,213.09034729003906,71.52740478515625,240.02099609375,35.1571159362793,98.56056213378906,31.043182373046875,85.46499633789062
2022-05-12,17.35893440246582,78.28531646728516,146.28057861328125,234.6129608154297,11.062808990478516,67.47358703613281,3.716137647628784,88.11505889892578,649.9979858398438,57.95000076293945,141.4431915283203,113.70858001708984,200.3145751953125,3210.849853515625,173.4499969482422,64.75949096679688,213.18997192382812,70.90677642822266,243.42588806152344,36.66175079345703,97.1019515991211,31.171634674072266,85.08499908447266
2022-05-13,17.83452033996582,77.45446014404297,154.05712890625,253.4048614501953,11.192687034606934,68.52288055419922,3.651014566421509,95.10108184814453,674.9979248046875,59.95000076293945,149.27525329589844,113.70858001708984,210.57327270507812,3294.767333984375,181.10000610351562,67.92525482177734,220.4142303466797,71.52740478515625,248.9888153076172,37.5792121887207,98.35218811035156,31.42854118347168,90.68000030517578
2022-05-16,18.418195724487305,75.7004165649414,158.70094299316406,258.58892822265625,11.090641021728516,69.8002700805664,3.720208168029785,99.84033966064453,674.9979248046875,60.20000076293945,152.72604370117188,113.70858001708984,218.7172393798828,3280.781005859375,184.0500030517578,71.57257843017578,223.45339965820312,71.37224578857422,258.8677978515625,36.698448181152344,96.47682189941406,31.257266998291016,92.8949966430664
2022-05-17,18.612754821777344,78.00836181640625,160.43316650390625,260.72344970703125,11.141664505004883,70.0739974975586,3.7446298599243164,100.22649383544922,677.9979248046875,59.900001525878906,154.47084045410156,113.70858001708984,221.3719024658203,3249.8115234375,185.75,73.2304458618164,229.88047790527344,70.90677642822266,259.9228515625,37.50581741333008,97.31031799316406,31.30008316040039,93.6500015258789
2022-05-19,18.33172607421875,79.39312744140625,156.74761962890625,252.1851348876953,11.062808990478516,69.07032775878906,3.699856758117676,94.64470672607422,660.9979248046875,58.650001525878906,150.5160369873047,113.70858001708984,212.46304321289062,3137.921142578125,180.85000610351562,69.2989273071289,216.67755126953125,69.74310302734375,259.1555480957031,37.065433502197266,95.2265853881836,31.171634674072266,91.26499938964844
2022-05-20,18.07231330871582,80.40861511230469,153.172607421875,250.20303344726562,11.137024879455566,69.34405517578125,3.6835756301879883,92.67880249023438,654.9979858398438,58.75,148.26718139648438,113.70858001708984,217.32240295410156,3057.99951171875,181.1999969482422,70.29364776611328,214.58502197265625,68.26911163330078,251.29071044921875,36.66175079345703,94.18472290039062,31.12881851196289,90.88999938964844
2022-05-23,18.60713005065918,82.99351501464844,159.65921020507812,256.3780517578125,11.266902923583984,70.62144470214844,3.7364895343780518,98.43611145019531,669.4979248046875,59.0,151.9506072998047,113.70858001708984,221.3719024658203,3071.486572265625,185.75,76.49881744384766,221.41067504882812,68.65699768066406,261.6972351074219,37.43241882324219,95.2265853881836,31.12881851196289,93.99500274658203
2022-05-24,19.164230346679688,83.91669464111328,162.0548095703125,270.9008483886719,11.290095329284668,70.39334106445312,3.842316150665283,100.19140625,684.4978637695312,58.0,153.6953582763672,113.70858001708984,221.91183471679688,3071.986083984375,194.85000610351562,74.55673217773438,221.70960998535156,71.294677734375,261.9849548339844,37.726009368896484,95.0182113647461,30.957544326782227,93.20999908447266
2022-05-26,19.944169998168945,85.30144500732422,165.7404022216797,273.45465087890625,11.484912872314453,74.27113342285156,3.899298906326294,106.89657592773438,691.4978637695312,60.599998474121094,155.55648803710938,113.70858001708984,225.4663848876953,3095.463134765625,206.85000610351562,75.59883117675781,227.6384735107422,76.25969696044922,270.3772888183594,40.80867385864258,96.68519592285156,31.08599281311035,96.19499969482422
2022-05-27,19.47620391845703,85.20913696289062,163.97134399414062,267.5846252441406,11.586959838867188,74.63611602783203,3.931861162185669,109.77522277832031,691.9978637695312,61.0,153.8117218017578,113.70858001708984,226.3212890625,3119.93896484375,201.85000610351562,75.31462097167969,231.1758575439453,77.7724838256836,270.0895690917969,41.24905776977539,97.1019515991211,31.000349044799805,97.75499725341797
2022-05-30,19.543060302734375,85.48607635498047,163.8976287841797,268.46124267578125,11.410696983337402,73.86054992675781,3.99698543548584,106.61572265625,688.9978637695312,61.29999923706055,153.5015106201172,113.70858001708984,229.20089721679688,3119.439453125,199.5500030517578,74.27253723144531,229.48190307617188,77.57852935791016,271.81597900390625,41.028865814208984,96.0600814819336,31.214448928833008,97.25
2022-05-31,19.364784240722656,83.08583068847656,156.63705444335938,259.1606140136719,11.313287734985352,74.77296447753906,4.009195804595947,103.10517883300781,686.9978637695312,61.099998474121094,151.21392822265625,113.70858001708984,223.5766143798828,3502.5634765625,200.85000610351562,72.75677490234375,221.56015014648438,74.7081298828125,270.6170654296875,40.00130844116211,96.89356994628906,31.000349044799805,94.58499908447266
2022-06-01,19.231082916259766,84.93217468261719,152.8408966064453,255.92063903808594,11.424612045288086,74.59048461914062,4.021406650543213,100.43714141845703,681.9978637695312,62.900001525878906,147.8406982421875,113.70858001708984,220.112060546875,3440.6240234375,195.60000610351562,71.52520751953125,220.7629852294922,74.63054656982422,266.63671875,41.102264404296875,98.35218811035156,31.214448928833008,91.88999938964844
2022-06-02,19.364784240722656,83.82437133789062,151.58778381347656,255.31077575683594,11.591597557067871,75.91349029541016,4.037687301635742,102.8243179321289,685.9978637695312,63.099998474121094,148.61618041992188,113.70858001708984,229.11093139648438,3482.083251953125,194.75,71.71467590332031,222.50677490234375,76.10453796386719,265.8694152832031,42.05642318725586,97.1019515991211,31.257266998291016,90.26000213623047
2022-06-03,19.231082916259766,84.0090103149414,154.167724609375,255.62640380859375,11.665814399719238,74.45362091064453,3.931861162185669,102.26261901855469,693.9978637695312,62.95000076293945,147.99578857421875,113.70858001708984,229.6058349609375,3497.568115234375,196.64999389648438,71.80941772460938,214.73448181152344,78.35431671142578,262.9920349121094,43.964744567871094,97.1019515991211,31.599824905395508,92.125
2022-06-06,19.07509422302246,82.16265869140625,149.5607147216797,249.03298950195312,11.582321166992188,73.449951171875,3.988844394683838,98.36590576171875,695.9978637695312,61.400001525878906,145.01026916503906,116.02520751953125,226.05130004882812,3446.119140625,193.5500030517578,70.6725845336914,214.28607177734375,75.17359924316406,267.83563232421875,42.05642318725586,95.2265853881836,31.685453414916992,90.79499816894531
2022-06-07,18.451141357421875,82.71654510498047,149.92930603027344,247.75425720214844,11.568405151367188,73.26747131347656,3.9807043075561523,100.15629577636719,688.9978637695312,61.04999923706055,144.93270874023438,116.02520751953125,231.5406036376953,3432.6318359375,196.3000030517578,70.53048706054688,214.88394165039062,74.39781951904297,270.4252624511719,41.983028411865234,96.89356994628906,32.40214538574219,91.25
2022-06-08,18.5402774810791,84.28594970703125,143.84808349609375,238.123779296875,11.484912872314453,72.72001647949219,3.964423418045044,95.03086853027344,691.9978637695312,59.599998474121094,140.43511962890625,116.02520751953125,231.67559814453125,3424.140380859375,193.3000030517578,70.10417175292969,209.5031280517578,71.68256378173828,272.15167236328125,40.882076263427734,97.51869201660156,32.489234924316406,91.29000091552734
2022-06-09,18.161449432373047,83.91669464111328,140.67849731445312,233.52828979492188,11.373588562011719,70.62144470214844,3.9847750663757324,92.5032730102539,682.9978637695312,58.099998474121094,136.1700897216797,123.41796875,226.8162078857422,3359.2041015625,194.6999969482422,70.6725845336914,209.8518829345703,69.74310302734375,268.8426818847656,39.63432693481445,97.1019515991211,32.707000732421875,90.46499633789062
2022-06-10,18.250587463378906,83.45509338378906,143.84808349609375,235.76612854003906,11.345757484436035,69.25281524658203,3.9766337871551514,92.3277359008789,686.9978637695312,57.900001525878906,139.50454711914062,123.41796875,228.70596313476562,3392.172119140625,192.8000030517578,70.909423828125,216.2789764404297,70.75161743164062,267.83563232421875,40.66188430786133,95.64332580566406,32.61989974975586,91.56999969482422
2022-06-13,18.206016540527344,81.97801971435547,141.23133850097656,232.68922424316406,10.993232727050781,69.48091888427734,4.070250034332275,88.39591979980469,652.9979858398438,56.20000076293945,136.0149688720703,123.41796875,227.5811004638672,3342.993896484375,194.5500030517578,68.49368286132812,220.1651153564453,66.01933288574219,259.4432678222656,39.78112030029297,92.93447875976562,32.61989974975586,92.08999633789062
2022-06-14,18.473424911499023,78.9315414428711,145.24859619140625,236.8051300048828,10.983955383300781,67.65607452392578,4.212708473205566,87.86933135986328,654.9979858398438,57.45000076293945,136.86801147460938,123.41796875,227.3111572265625,3370.80908203125,194.4499969482422,65.8410873413086,219.9658203125,67.10543060302734,251.9621124267578,40.221500396728516,91.47586822509766,32.79410934448242,89.94999694824219
2022-06-15,18.5848445892334,78.9315414428711,150.0030059814453,239.60227966308594,11.141664505004883,69.38967895507812,4.2941131591796875,93.24048614501953,676.4979248046875,57.5,139.0780487060547,123.41796875,229.4708709716797,3416.779296875,197.35000610351562,67.26211547851562,222.9053497314453,67.95879364013672,254.83949279785156,39.48752975463867,91.68424224853516,33.186065673828125,89.44000244140625
2022-06-16,18.718551635742188,78.46995544433594,149.6713104248047,235.28656005859375,11.364311218261719,70.25647735595703,4.3348164558410645,88.8522720336914,647.9979858398438,56.75,137.3720703125,123.41796875,219.57212829589844,3376.3056640625,194.39999389648438,64.3726806640625,224.25054931640625,62.916194915771484,244.00135803222656,38.53337478637695,90.22563171386719,32.92475509643555,87.05500030517578
2022-06-21,19.543060302734375,78.562255859375,148.16021728515625,231.29055786132812,11.503466606140137,69.70903015136719,4.538328647613525,86.64063262939453,641.4979858398438,56.5,136.90675354003906,123.41796875,221.23692321777344,3389.796630859375,193.0500030517578,62.714813232421875,228.13668823242188,65.01081085205078,250.5713653564453,38.68016815185547,87.51677703857422,32.92475509643555,86.07499694824219
2022-06-22,19.176050186157227,75.23883056640625,149.41329956054688,228.65322875976562,11.475635528564453,70.25647735595703,4.456923484802246,85.27151489257812,635.498046875,55.29999923706055,136.32516479492188,123.41796875,217.90733337402344,3373.3076171875,193.6999969482422,64.46742248535156,220.71316528320312,61.90766906738281,247.2623748779297,38.019596099853516,86.47490692138672,32.96831130981445,84.20500183105469
2022-06-23,18.258535385131836,73.30016326904297,144.99058532714844,219.8219451904297,11.415335655212402,67.65607452392578,4.192357540130615,82.32263946533203,629.998046875,55.95000076293945,134.03756713867188,123.41796875,215.92758178710938,3242.892333984375,187.5500030517578,62.43061065673828,218.9195556640625,58.183902740478516,235.75289916992188,37.21223068237305,85.22467041015625,33.011863708496094,78.23999786376953
2022-06-24,18.281476974487305,71.54613494873047,141.74732971191406,217.62411499023438,11.317926406860352,67.88418579101562,4.05803918838501,85.4470443725586,614.9981079101562,54.900001525878906,131.74996948242188,123.41796875,215.92758178710938,3184.9296875,186.25,63.52007293701172,215.28253173828125,57.485694885253906,232.68370056152344,36.2580680847168,85.22467041015625,32.83766174316406,78.40499877929688
2022-06-27,18.80904769897461,70.71527099609375,146.09629821777344,224.41741943359375,11.280817985534668,69.5721664428711,4.212708473205566,88.95760345458984,615.9981079101562,54.5,134.7354736328125,123.41796875,224.97145080566406,3156.4482421875,209.60000610351562,65.03583526611328,215.4818115234375,60.04578399658203,245.8716583251953,37.5792121887207,87.72515106201172,32.79410934448242,83.6500015258789
2022-06-28,19.2448673248291,75.51580047607422,151.36666870117188,237.3245849609375,11.46172046661377,69.98274993896484,4.2941131591796875,91.27457427978516,622.498046875,55.20000076293945,137.44956970214844,123.41796875,235.45509338378906,3173.4375,209.5500030517578,66.74107360839844,225.7950439453125,62.062828063964844,258.9637145996094,39.48752975463867,90.85074615478516,32.88121032714844,87.1050033569336
2022-06-29,19.313678741455078,76.34663391113281,150.8138427734375,235.76612854003906,11.350395202636719,68.97909545898438,4.233059883117676,89.06292724609375,629.498046875,54.650001525878906,138.84539794921875,123.41796875,229.87582397460938,3141.4580078125,207.1999969482422,67.92525482177734,224.25054931640625,63.924713134765625,251.29071044921875,39.48752975463867,95.4349594116211,32.576351165771484,85.0199966430664
2022-06-30,19.33661651611328,77.91604614257812,148.16021728515625,227.81399536132812,11.554490089416504,69.70903015136719,4.395870208740234,90.15119171142578,632.498046875,55.29999923706055,136.6353759765625,123.41796875,233.16041564941406,3170.93896484375,206.89999389648438,68.63577270507812,225.69540405273438,64.0022964477539,249.85202026367188,39.04715347290039,98.76893615722656,32.92475509643555,83.66000366210938
2022-07-01,19.657747268676758,78.46995544433594,150.77696228027344,236.9250030517578,11.624067306518555,69.70903015136719,4.680787563323975,88.8522720336914,648.9979858398438,55.20000076293945,141.05543518066406,123.41796875,235.5001220703125,3135.462158203125,216.75,69.63050079345703,233.71681213378906,65.24354553222656,255.3190460205078,39.78112030029297,98.97730255126953,32.96831130981445,84.5999984741211
2022-07-04,19.153114318847656,80.03934478759766,145.46401977539062,226.82656860351562,12.16677188873291,67.83856201171875,4.782543659210205,86.25447082519531,631.998046875,54.95000076293945,135.97622680664062,123.41796875,227.22116088867188,3078.998779296875,218.39999389648438,67.64105987548828,235.5104217529297,62.528297424316406,248.3174285888672,38.31318283081055,99.81079864501953,33.578025817871094,83.29499816894531
2022-07-05,19.153114318847656,81.97801971435547,156.14317321777344,249.56155395507812,12.40797233581543,74.72734832763672,4.8842997550964355,90.50225830078125,665.4979248046875,55.849998474121094,145.0490264892578,123.41796875,246.7487030029297,3122.470947265625,218.85000610351562,71.0988998413086,243.13323974609375,62.373138427734375,256.5179443359375,40.00130844116211,99.81079864501953,34.935081481933594,86.71499633789062
2022-07-06,19.221927642822266,84.0090103149414,159.1270751953125,251.37554931640625,13.530489921569824,78.01206970214844,5.148865699768066,89.48418426513672,687.4978637695312,57.25,144.81640625,123.41796875,262.6316833496094,3172.437744140625,222.5,72.47256469726562,245.82363891601562,63.14892578125,266.972412109375,41.68943786621094,103.35314178466797,36.594505310058594,87.69999694824219
2022-07-07,21.21752166748047,89.45574188232422,174.83163452148438,269.2734069824219,16.14196014404297,84.3533935546875,5.332027435302734,98.2254867553711,716.997802734375,60.5,149.66302490234375,123.41796875,270.4156799316406,3347.324462890625,245.60000610351562,75.12515258789062,255.09060668945312,67.10543060302734,288.8404541015625,44.03813934326172,111.47969818115234,39.78232192993164,92.6500015258789
2022-07-08,21.676280975341797,96.70267486572266,175.65615844726562,272.90130615234375,17.18562126159668,87.09066772460938,5.555891036987305,98.64674377441406,736.9977416992188,63.599998474121094,154.6259307861328,123.41796875,272.6569519042969,3521.7109375,255.6999969482422,76.83038330078125,257.8806457519531,70.59646606445312,299.0071716308594,46.16665267944336,120.43975830078125,40.39369201660156,94.56999969482422
2022-07-11,21.56159019470215,97.6258544921875,175.73463439941406,263.4686584472656,16.489845275878906,86.40634155273438,5.7187018394470215,94.71492004394531,746.9976806640625,63.70000076293945,151.7567138671875,123.41796875,274.1863098144531,3465.521240234375,248.6999969482422,74.65147399902344,251.70269775390625,68.81214904785156,292.72491455078125,45.432682037353516,120.64812469482422,40.262672424316406,92.80500030517578
2022-07-12,21.102832794189453,101.08776092529297,175.38136291503906,257.5833740234375,15.747690200805664,84.85523223876953,5.739051818847656,92.78411102294922,754.9976806640625,62.70000076293945,147.6468048095703,123.41796875,266.4916687011719,3462.85498046875,245.9499969482422,73.08834075927734,246.37168884277344,69.0448989868164,287.64154052734375,44.478519439697266,123.35696411132812,40.39369201660156,89.1449966430664
2022-07-13,21.03401756286621,102.01092529296875,171.25885009765625,250.85150146484375,14.959144592285156,82.20919799804688,5.555891036987305,92.95964050292969,662.9979248046875,62.349998474121094,143.73077392578125,123.41796875,267.6864929199219,3487.8466796875,247.6999969482422,71.76204681396484,247.61724853515625,68.03636932373047,283.8050537109375,44.478519439697266,123.98210144042969,40.437355041503906,89.63500213623047
2022-07-14,20.735828399658203,98.77981567382812,167.52902221679688,245.12747192382812,15.538956642150879,83.3497314453125,5.413432598114014,89.80014038085938,660.4979248046875,62.54999923706055,141.6370391845703,123.41796875,272.0834045410156,3442.86181640625,242.9499969482422,70.34101104736328,236.6563262939453,67.4157485961914,275.1249694824219,44.331729888916016,118.35601806640625,39.738651275634766,88.51000213623047
2022-07-15,21.171646118164062,103.85728454589844,177.54071044921875,253.35073852539062,16.513038635253906,85.63079071044922,5.6779985427856445,93.02985382080078,668.4979248046875,65.69999694824219,147.8406982421875,140.46237182617188,280.97283935546875,3559.3232421875,253.0,72.33045196533203,243.4321746826172,69.43279266357422,281.3592834472656,45.21249008178711,122.52349090576172,40.437355041503906,90.5999984741211
2022-07-18,22.34147834777832,105.70362854003906,183.27288818359375,261.0097351074219,16.21154022216797,87.27313995361328,5.962916374206543,96.50530242919922,671.9979248046875,68.30000305175781,150.36090087890625,140.46237182617188,281.2118225097656,3577.817138671875,256.1000061035156,74.8409423828125,246.12257385253906,70.28614807128906,289.4159240722656,46.53363800048828,120.23137664794922,40.56836700439453,92.98999786376953
2022-07-19,22.272663116455078,110.5503158569336,182.6839599609375,268.305908203125,16.373886108398438,87.77497863769531,5.962916374206543,101.94667053222656,665.4979248046875,69.1500015258789,150.4772186279297,140.46237182617188,282.9323425292969,3574.818115234375,261.5,76.59354400634766,243.78091430664062,73.85476684570312,298.5276184082031,47.634586334228516,123.56535339355469,40.655696868896484,94.49500274658203
2022-07-20,21.951534271240234,115.39697265625,180.6031036376953,257.5833740234375,16.28111457824707,84.2165298461914,6.207131862640381,103.10517883300781,650.4979858398438,70.6500015258789,146.67750549316406,140.46237182617188,285.5609436035156,3584.314697265625,256.8500061035156,76.11986541748047,241.0406951904297,75.8718032836914,286.2028503417969,50.276878356933594,127.94119262695312,40.52470397949219,94.11499786376953
2022-07-21,23.671875,122.3208236694336,186.0211944580078,271.7322998046875,17.00008201599121,86.40634155273438,6.369941234588623,104.89554595947266,668.9979248046875,72.8499984741211,154.58717346191406,140.46237182617188,306.0639953613281,3779.25048828125,270.54998779296875,79.57771301269531,253.44647216796875,77.96642303466797,301.98046875,50.864051818847656,132.73377990722656,42.970149993896484,99.66500091552734
2022-07-22,24.45176124572754,128.55223083496094,184.92185974121094,272.0950927734375,18.252477645874023,88.50491333007812,6.4513468742370605,107.9848403930664,659.9979248046875,74.69999694824219,156.29315185546875,140.46237182617188,301.38031005859375,3861.72314453125,268.25,94.16696166992188,252.40020751953125,80.68168640136719,300.6376953125,51.524620056152344,138.1514892578125,44.97893142700195,96.99500274658203
2022-07-25,24.81876564025879,133.6297149658203,197.76039123535156,289.22705078125,18.971445083618164,94.98311614990234,6.410643577575684,115.77828979492188,685.9978637695312,75.5999984741211,166.21902465820312,140.46237182617188,312.2292175292969,4037.6650390625,280.3500061035156,97.38796997070312,257.93048095703125,83.97876739501953,314.2093200683594,53.28614807128906,143.77755737304688,45.852298736572266,104.83499908447266
2022-07-26,25.59865379333496,128.78305053710938,202.39328002929688,293.6611633300781,19.064212799072266,96.99044036865234,6.227481842041016,122.79939270019531,700.497802734375,75.9000015258789,166.33529663085938,164.07814025878906,313.85418701171875,3991.680419921875,287.20001220703125,94.30907440185547,264.85577392578125,82.42719268798828,314.92864990234375,52.62557601928711,140.02682495117188,46.201637268066406,107.90499877929688
2022-07-27,27.112552642822266,135.24525451660156,215.82073974609375,310.0271911621094,20.59491729736328,107.25518798828125,6.614156723022461,128.83755493164062,707.497802734375,79.0,174.98167419433594,164.07814025878906,328.6698913574219,4107.6416015625,298.1499938964844,100.51423645019531,281.99468994140625,88.0516357421875,336.79669189453125,54.900882720947266,146.06967163085938,47.773719787597656,112.74500274658203
2022-07-28,27.34193229675293,136.16844177246094,213.11166381835938,315.8721923828125,20.270219802856445,111.31546020507812,6.614156723022461,127.15249633789062,710.997802734375,87.05000305175781,178.66505432128906,164.07814025878906,337.4637145996094,4111.64013671875,298.75,102.5984115600586,273.02667236328125,91.15478515625,355.8832702636719,56.589012145996094,147.1115264892578,49.08378982543945,111.04499816894531
2022-07-29,25.59865379333496,133.06362915039062,204.12081909179688,312.3616027832031,19.50486946105957,104.10733032226562,6.430994987487793,118.55162811279297,680.4978637695312,89.0,175.13671875,164.07814025878906,328.23974609375,3994.179443359375,277.75,95.91956329345703,258.3290710449219,87.85768127441406,335.3580017089844,55.63485336303711,139.61009216308594,49.08378982543945,109.26499938964844
2022-08-01,25.50690269470215,130.9402618408203,196.04840087890625,295.1569519042969,18.368436813354492,101.37004852294922,6.247833728790283,112.54857635498047,665.9979248046875,85.05000305175781,169.43714904785156,164.07814025878906,321.1664733886719,3872.7197265625,269.0,92.03541564941406,246.12257385253906,87.66374206542969,317.9978332519531,53.35954284667969,130.23330688476562,48.73443603515625,104.5199966430664
2022-08-02,25.09402084350586,130.46839904785156,201.6622314453125,307.20831298828125,17.974166870117188,98.31344604492188,6.146078109741211,120.02606201171875,677.9979248046875,92.94999694824219,175.13671875,164.07814025878906,319.3025207519531,3835.73193359375,265.6499938964844,92.65119934082031,249.11192321777344,87.08190155029297,315.5520935058594,54.827484130859375,131.27516174316406,49.00027084350586,107.41500091552734
2022-08-03,28.442949295043945,130.23248291015625,203.6388702392578,311.4688720703125,18.182899475097656,101.09632873535156,6.146078109741211,124.41426086425781,676.9979248046875,97.3499984741211,174.94285583496094,164.07814025878906,324.32073974609375,3873.21923828125,276.3999938964844,94.7827377319336,255.63864135742188,87.66374206542969,316.4632568359375,54.24031066894531,132.73377990722656,48.91276931762695,109.44499969482422
2022-08-04,28.167694091796875,128.34506225585938,200.199462890625,306.6808776855469,18.368436813354492,100.68575286865234,6.3292388916015625,125.15147399902344,686.9978637695312,101.30000305175781,173.19808959960938,164.07814025878906,321.59661865234375,3931.699951171875,279.8500061035156,94.7827377319336,254.0941619873047,90.37899017333984,317.9019470214844,56.5156135559082,133.5672607421875,49.5252685546875,108.65499877929688
2022-08-05,29.360464096069336,128.34506225585938,200.8319854736328,300.39141845703125,18.57716941833496,103.83361053466797,6.512399673461914,124.97593688964844,691.4978637695312,100.05000305175781,172.30630493164062,164.07814025878906,327.80963134765625,3980.18408203125,275.25,99.94581604003906,252.00161743164062,100.46420288085938,325.4310607910156,61.2130126953125,134.4134063720703,49.5252685546875,108.88999938964844
2022-08-08,30.415605545043945,132.82769775390625,206.08999633789062,315.2830810546875,18.57716941833496,104.83727264404297,6.512399673461914,125.22168731689453,712.497802734375,98.0,177.07537841796875,164.69419860839844,335.1219177246094,4037.6650390625,284.5,99.04583740234375,259.97320556640625,104.73101043701172,340.15362548828125,63.9286994934082,135.29481506347656,50.050270080566406,115.1050033569336
2022-08-09,30.232101440429688,133.299560546875,200.8319854736328,301.6086730957031,18.020549774169922,101.7806625366211,6.4513468742370605,119.74522399902344,699.997802734375,98.44999694824219,172.92669677734375,164.69419860839844,333.16241455078125,4036.16552734375,280.70001220703125,96.63008117675781,257.08349609375,100.07630157470703,330.13079833984375,61.43320083618164,134.4134063720703,49.78776931762695,114.16999816894531
2022-08-10,30.048599243164062,134.95106506347656,201.62265014648438,294.10198974609375,18.530784606933594,98.8152847290039,6.593804836273193,119.35906982421875,744.9976806640625,98.30000305175781,170.25137329101562,169.2119903564453,339.7099914550781,4296.07958984375,280.0,101.36685180664062,255.5390167236328,100.46420288085938,329.8430480957031,60.40564727783203,133.75234985351562,50.750274658203125,114.37999725341797
2022-08-11,30.002723693847656,134.00733947753906,208.26434326171875,301.6899108886719,19.0178279876709,99.54521179199219,6.512399673461914,122.30792236328125,730.4977416992188,99.25,172.8491668701172,169.2119903564453,328.3353576660156,4364.05712890625,281.04998779296875,99.56687927246094,254.6422119140625,102.40367126464844,345.1410827636719,60.47904968261719,133.53201293945312,51.53778839111328,118.33499908447266
2022-08-12,30.369728088378906,132.82769775390625,215.1432647705078,311.63116455078125,18.855478286743164,103.5142593383789,6.410643577575684,125.88870239257812,747.4976806640625,100.0,178.35491943359375,169.2119903564453,346.7832946777344,4354.060546875,280.45001220703125,102.0773696899414,263.01239013671875,101.4339370727539,362.2135009765625,61.873592376708984,133.53201293945312,52.237789154052734,125.30500030517578
2022-08-16,30.73673439025879,132.5917510986328,213.8386688232422,314.3092956542969,18.484399795532227,98.8152847290039,6.207131862640381,123.99300384521484,719.9977416992188,98.4000015258789,180.21595764160156,169.2119903564453,335.93438720703125,4382.05078125,272.3999938964844,104.06681060791016,254.99095153808594,99.49447631835938,343.51055908203125,60.55244064331055,131.32852172851562,51.88779067993164,129.39999389648438
2022-08-17,30.369728088378906,129.2887725830078,215.4595489501953,317.6366271972656,18.484399795532227,100.2751693725586,6.125725746154785,122.20262908935547,718.497802734375,99.9000015258789,179.51806640625,169.2119903564453,359.8306884765625,4296.57958984375,277.3999938964844,105.10889434814453,260.9696350097656,102.59761810302734,348.54595947265625,60.91942596435547,131.98956298828125,51.80027770996094,132.77999877929688
2022-08-18,31.287242889404297,134.95106506347656,223.2081756591797,332.77178955078125,18.693134307861328,104.74603271484375,6.1867804527282715,130.48753356933594,726.9977416992188,100.25,185.56661987304688,169.2119903564453,378.27862548828125,4294.080078125,297.25,101.3194808959961,269.5888977050781,110.1615219116211,369.50286865234375,63.85530090332031,137.9390106201172,52.50029373168945,141.77999877929688
2022-08-19,31.65424919128418,134.00733947753906,216.17112731933594,324.7781677246094,18.530784606933594,105.65845489501953,6.3292388916015625,127.11739349365234,737.4977416992188,102.55000305175781,183.12393188476562,169.2119903564453,377.1316223144531,4288.08251953125,292.8500061035156,99.37741088867188,270.0373229980469,109.77361297607422,374.0586853027344,63.78190612792969,141.68495178222656,51.7127799987793,140.15499877929688
2022-08-22,31.837753295898438,131.17617797851562,221.7058868408203,332.24432373046875,19.087406158447266,105.24784851074219,6.430994987487793,124.3089599609375,720.4977416992188,100.0999984741211,186.6134490966797,169.2119903564453,370.6318359375,4223.60400390625,290.8999938964844,100.70370483398438,264.75616455078125,107.83416748046875,377.703369140625,62.82774353027344,146.97335815429688,52.41278839111328,142.8300018310547
2022-08-23,32.5258903503418,135.65884399414062,229.96844482421875,346.5273742675781,18.9482479095459,110.53990936279297,6.369941234588623,131.36517333984375,729.4977416992188,101.4000015258789,195.8026580810547,169.2119903564453,373.1648254394531,4209.60791015625,298.3999938964844,106.38782501220703,269.9875183105469,113.45861053466797,397.1736145019531,65.69022369384766,149.83790588378906,54.77530288696289,153.9149932861328
2022-08-24,32.876129150390625,136.6025390625,242.2634735107422,350.4634094238281,18.391633987426758,114.60017395019531,6.308887481689453,138.66714477539062,755.4976806640625,101.75,197.1597137451172,169.2119903564453,380.52490234375,4265.58984375,312.29998779296875,108.56673431396484,277.46087646484375,119.85884094238281,402.5926513671875,68.84629821777344,156.0076904296875,55.21279525756836,158.05499267578125
2022-08-25,32.26904296875,137.07440185546875,245.34713745117188,348.9215087890625,17.88139533996582,123.08570098876953,6.369941234588623,145.96910095214844,777.99755859375,100.4000015258789,199.21463012695312,169.2119903564453,384.2049255371094,4326.0693359375,315.1000061035156,109.51409149169922,290.713623046875,123.34986114501953,405.13433837890625,71.26838684082031,157.1094512939453,55.82530212402344,165.5
2022-08-26,31.61525535583496,138.72592163085938,246.1378173828125,352.2893371582031,17.904586791992188,119.89221954345703,6.308887481689453,137.12249755859375,775.4976196289062,96.69999694824219,198.5942840576172,169.2119903564453,378.326416015625,4273.0869140625,309.54998779296875,106.38782501220703,289.9662780761719,124.12565612792969,405.7098083496094,70.09403991699219,156.6687469482422,56.000308990478516,163.07000732421875
2022-08-29,31.848751068115234,142.02891540527344,250.17027282714844,351.3154602050781,18.438016891479492,121.80831909179688,6.512399673461914,139.89584350585938,802.9974975585938,98.1500015258789,196.65562438964844,169.2119903564453,378.5176086425781,4480.51904296875,306.95001220703125,104.44574737548828,297.78839111328125,126.64696502685547,421.7272033691406,69.80045318603516,159.3129425048828,55.912803649902344,171.7949981689453
2022-08-30,30.63457679748535,145.3319091796875,250.2493133544922,352.0052795410156,18.57716941833496,115.83194732666016,6.512399673461914,131.6109161376953,789.99755859375,96.0999984741211,194.1741943359375,169.2119903564453,366.2348937988281,4427.0361328125,297.6000061035156,106.95623779296875,290.61395263671875,122.57408142089844,392.8095703125,68.33251953125,161.07574462890625,55.56280517578125,163.59500122070312
2022-08-31,30.49448013305664,136.83848571777344,234.6334991455078,337.113525390625,17.835012435913086,113.55088806152344,6.553102970123291,129.9960479736328,754.4976806640625,97.05000305175781,186.07066345214844,169.2119903564453,354.8602600097656,4259.591796875,288.1000061035156,100.94054412841797,276.11566162109375,116.75569152832031,378.4226989746094,65.91041564941406,153.58384704589844,55.47530746459961,160.48500061035156
2022-09-01,31.241662979125977,138.96185302734375,229.53358459472656,340.0321960449219,17.904586791992188,112.13664245605469,6.634507656097412,127.71418762207031,740.9976806640625,97.05000305175781,186.38082885742188,169.2119903564453,350.8934631347656,4184.61669921875,284.0,100.89317321777344,267.54620361328125,115.59201049804688,368.303955078125,64.95626068115234,155.34664916992188,55.56280517578125,164.06500244140625
2022-09-05,32.689334869384766,136.3666229248047,241.85763549804688,341.1346130371094,17.44074058532715,114.96514892578125,6.654858589172363,138.0703582763672,741.9976806640625,97.19999694824219,189.0173797607422,169.2119903564453,347.3567810058594,4213.10693359375,294.70001220703125,99.75634765625,271.4323425292969,120.24671936035156,391.131103515625,67.08476257324219,151.6007080078125,55.829063415527344,171.5800018310547
2022-09-06,34.043609619140625,136.6025390625,237.08413696289062,343.9111022949219,17.57989501953125,116.78999328613281,6.675210952758789,127.85460662841797,731.9977416992188,96.0,191.11114501953125,169.2119903564453,353.1875305175781,4147.62841796875,288.0,98.90373229980469,264.0586242675781,121.41040802001953,382.6908264160156,65.98381805419922,146.3123016357422,55.91670608520508,173.84500122070312
2022-09-07,35.67807388305664,132.11993408203125,247.7847442626953,362.69287109375,16.86092758178711,124.81929779052734,6.492049217224121,128.73223876953125,756.4976806640625,96.94999694824219,197.39231872558594,169.2119903564453,359.5439147949219,4139.13134765625,295.54998779296875,102.88261413574219,270.68499755859375,130.13800048828125,413.52667236328125,70.46102142333984,143.44775390625,56.35493087768555,187.5850067138672
2022-09-08,35.5379753112793,130.23248291015625,248.34161376953125,362.89697265625,16.67538833618164,119.75537872314453,6.3495893478393555,125.22168731689453,752.9976806640625,95.8499984741211,197.90408325195312,169.2119903564453,367.9076232910156,4047.162109375,295.3500061035156,102.45630645751953,268.09423828125,128.58641052246094,400.43463134765625,69.58026885986328,146.97335815429688,56.88079071044922,193.83999633789062
2022-09-09,35.1176872253418,132.11993408203125,257.37158203125,385.516845703125,16.837736129760742,123.17695617675781,6.410643577575684,131.54071044921875,745.4976806640625,95.3499984741211,207.58375549316406,169.2119903564453,368.09881591796875,4083.14990234375,300.6000061035156,106.0562515258789,271.2330627441406,131.30166625976562,409.88201904296875,69.2132797241211,148.2954559326172,57.581939697265625,197.16000366210938
2022-09-12,35.58467483520508,133.06362915039062,251.36489868164062,382.20965576171875,17.092851638793945,124.45433044433594,6.3292388916015625,129.50457763671875,746.9976806640625,96.05000305175781,203.3121337890625,169.2119903564453,372.25677490234375,4079.1513671875,300.5,105.77204895019531,277.012451171875,131.30166625976562,430.7909240722656,70.16743469238281,147.85476684570312,58.020145416259766,198.36000061035156
2022-09-13,35.16438674926758,131.8839874267578,243.76702880859375,372.6145935058594,17.18562126159668,122.26451873779297,6.1867804527282715,123.18555450439453,746.4976806640625,95.5,196.92437744140625,169.2119903564453,356.5329895019531,4091.147216796875,291.95001220703125,104.30364990234375,266.3504638671875,130.33193969726562,418.849853515625,68.03892517089844,149.6175537109375,58.10779571533203,201.01499938964844
2022-09-14,34.97758483886719,128.81690979003906,250.84774780273438,389.1915283203125,17.835012435913086,129.74636840820312,6.288536071777344,126.3099594116211,762.4976196289062,96.44999694824219,201.6270294189453,169.2119903564453,366.6172180175781,4100.64404296875,303.29998779296875,107.09834289550781,275.11920166015625,133.6290283203125,452.27532958984375,70.46102142333984,149.83790588378906,58.10779571533203,207.89500427246094
2022-09-15,33.903507232666016,126.69356536865234,247.6654052734375,392.9886779785156,17.88139533996582,129.56390380859375,6.390292644500732,122.90473175048828,774.9976196289062,95.69999694824219,202.1757049560547,169.2119903564453,370.4884338378906,4070.154296875,301.1499938964844,107.3351821899414,272.1298828125,135.18060302734375,447.4797058105469,71.19499206542969,144.54949951171875,58.10779571533203,198.97999572753906
2022-09-16,33.57661437988281,126.2217025756836,251.96156311035156,400.6240234375,17.25520133972168,127.00910186767578,6.3292388916015625,122.1675033569336,776.9976196289062,97.19999694824219,203.27296447753906,169.2119903564453,367.7642822265625,4036.665283203125,304.1499938964844,107.714111328125,264.7063293457031,134.79269409179688,446.4726257324219,75.23182678222656,142.5663604736328,57.143714904785156,210.71499633789062
2022-09-19,32.1756477355957,125.98578643798828,270.0610656738281,423.8970947265625,17.278392791748047,135.31214904785156,6.207131862640381,130.8737030029297,778.99755859375,97.80000305175781,212.2080535888672,169.2119903564453,384.49169921875,4095.645751953125,316.70001220703125,108.85094451904297,278.20819091796875,137.12005615234375,471.31396484375,74.49785614013672,141.02391052246094,57.05608367919922,220.0500030517578
2022-09-20,32.08224868774414,125.27799224853516,274.11859130859375,414.0978698730469,17.278392791748047,131.34310913085938,6.105374813079834,126.5556869506836,749.9976806640625,97.0999984741211,210.67967224121094,169.2119903564453,383.8703918457031,4065.156005859375,307.3999938964844,108.99304962158203,271.0835876464844,133.6290283203125,455.9200134277344,74.13086700439453,137.0576171875,56.793148040771484,218.5850067138672
2022-09-21,31.755352020263672,126.4576416015625,271.2942810058594,412.95465087890625,17.417545318603516,125.86859130859375,6.064672470092773,123.15045928955078,739.9976806640625,97.25,210.79727172851562,169.2119903564453,380.4293212890625,4037.6650390625,308.0,109.13514709472656,266.9981689453125,128.78036499023438,455.104736328125,73.17670440673828,139.9221649169922,56.35493087768555,211.69000244140625
2022-09-22,31.848751068115234,127.16541290283203,275.0335693359375,417.4050598144531,17.78862762451172,128.78831481933594,6.1867804527282715,128.4864959716797,766.4976196289062,96.55000305175781,211.5417938232422,169.2119903564453,383.2968444824219,4042.16357421875,311.75,107.572021484375,278.1583557128906,128.78036499023438,467.5733642578125,73.17670440673828,143.44775390625,56.17964553833008,218.02999877929688
2022-09-23,31.47515869140625,128.34506225585938,254.50743103027344,398.9499206542969,17.76543426513672,122.17327117919922,6.003618240356445,120.93880462646484,738.4976806640625,94.0999984741211,201.9013671875,169.2119903564453,363.1283874511719,3890.2138671875,294.8500061035156,107.3351821899414,260.1226501464844,123.73776245117188,432.1336975097656,69.06648254394531,143.88845825195312,56.617855072021484,196.1750030517578
2022-09-26,30.961469650268555,127.40132904052734,244.64215087890625,378.8207092285156,17.25520133972168,115.9231948852539,5.555891036987305,116.02401733398438,703.997802734375,95.4000015258789,190.10548400878906,169.2119903564453,353.04412841796875,3744.26171875,279.8500061035156,102.21946716308594,244.1296844482422,115.97991180419922,410.4574890136719,65.5434341430664,142.34600830078125,55.12791442871094,195.38999938964844
2022-09-27,30.58787727355957,125.27799224853516,242.61349487304688,362.9378662109375,16.582616806030273,115.14762878417969,5.291325092315674,116.55061340332031,696.9978637695312,95.1500015258789,179.52450561523438,169.2119903564453,348.0736999511719,3735.7646484375,275.25,101.60369110107422,245.77381896972656,116.56175231933594,410.5533752441406,63.70851516723633,142.1256561279297,54.25148010253906,191.93499755859375
2022-09-28,31.335060119628906,125.27799224853516,249.45545959472656,361.2637939453125,16.420272827148438,117.83927154541016,5.454135417938232,120.1664810180664,717.497802734375,102.5,182.8163604736328,167.56915283203125,363.1283874511719,3722.76904296875,285.20001220703125,102.78787994384766,251.9019775390625,118.30725860595703,428.4890441894531,67.0113754272461,141.90530395507812,54.25148010253906,197.60499572753906
2022-09-29,32.54923629760742,126.2217025756836,247.9040985107422,361.2637939453125,16.0955753326416,121.21524047851562,5.596594333648682,117.04208374023438,694.9978637695312,102.55000305175781,181.17037963867188,167.56915283203125,365.13568115234375,3736.2646484375,284.8999938964844,99.94581604003906,251.0051727294922,118.69515991210938,434.43560791015625,68.18572235107422,146.0919647216797,54.16383743286133,192.83999633789062
2022-09-30,33.06292724609375,128.58099365234375,251.28536987304688,359.1890869140625,15.886846542358398,126.4160385131836,5.779755115509033,119.25373840332031,713.997802734375,105.0,183.48255920410156,167.56915283203125,372.7347106933594,3813.239013671875,283.45001220703125,101.2721176147461,251.30410766601562,118.11331939697266,439.80670166015625,67.52515411376953,145.430908203125,53.90089416503906,194.0449981689453
2022-10-03,32.73603439331055,131.41212463378906,260.6791687011719,390.0729675292969,16.67538833618164,129.88327026367188,6.085024356842041,122.1675033569336,727.9977416992188,106.5999984741211,195.90542602539062,167.56915283203125,391.0870666503906,3806.241455078125,298.20001220703125,109.13514709472656,261.0693054199219,120.24671936035156,455.3924865722656,68.11231994628906,143.2274169921875,54.60205841064453,211.33999633789062
2022-10-04,32.08224868774414,129.99656677246094,262.43951416015625,394.17987060546875,17.116044998168945,128.42337036132812,5.983266830444336,123.36109924316406,720.9977416992188,106.5999984741211,196.1013641357422,167.56915283203125,396.6310119628906,3797.744384765625,295.54998779296875,111.21932983398438,261.9162902832031,119.85884094238281,461.1951904296875,68.84629821777344,138.60006713867188,54.4298210144043,213.97000122070312
2022-10-05,32.642635345458984,125.51390838623047,265.39990234375,394.7137451171875,16.86092758178711,133.03111267089844,6.105374813079834,122.5185546875,736.4977416992188,106.0999984741211,194.02438354492188,167.56915283203125,398.6383056640625,3773.25244140625,300.04998779296875,111.12459564208984,266.49993896484375,122.57408142089844,488.0027160644531,67.67193603515625,136.17620849609375,53.63970947265625,230.76499938964844
2022-10-06,32.54923629760742,126.4576416015625,262.7594909667969,382.3930358886719,16.837736129760742,127.37409210205078,6.146078109741211,116.936767578125,740.9976806640625,105.19999694824219,189.08656311035156,167.56915283203125,401.0279235839844,3758.757080078125,300.0,107.9035873413086,265.2045593261719,123.93170166015625,490.5923767089844,67.0113754272461,135.29481506347656,53.9908561706543,223.3000030517578
2022-10-11,31.61525535583496,119.6156997680664,243.95669555664062,360.0926513671875,16.373886108398438,119.48163604736328,5.840809345245361,111.6709213256836,725.9977416992188,102.0,181.40553283691406,167.56915283203125,381.5285339355469,3638.297119140625,279.8500061035156,103.26155853271484,251.15464782714844,115.59201049804688,457.7423400878906,63.48832321166992,130.22677612304688,53.28854751586914,205.57000732421875
2022-10-12,31.148265838623047,120.323486328125,239.3159637451172,357.42315673828125,16.536231994628906,119.52725982666016,5.739051818847656,113.77725219726562,739.9976806640625,100.0,176.70286560058594,167.56915283203125,387.1202697753906,3644.794921875,274.3500061035156,103.02471923828125,245.9232940673828,113.07071685791016,460.6197204589844,62.82774353027344,131.32852172851562,53.9908561706543,203.6999969482422
2022-10-13,31.4284610748291,120.55941772460938,250.0775909423828,370.4420166015625,16.652198791503906,123.49630737304688,5.861159324645996,117.46336364746094,754.9976806640625,101.94999694824219,181.4447479248047,167.56915283203125,398.3993225097656,3688.7802734375,288.20001220703125,107.714111328125,252.6991424560547,114.62228393554688,475.9656982421875,66.05720520019531,133.09132385253906,54.078643798828125,217.25999450683594
2022-10-14,30.6812744140625,119.37977600097656,244.71681213378906,362.3924865722656,16.55942726135254,119.43601989746094,5.698349952697754,114.33895874023438,739.4976806640625,100.19999694824219,176.9380340576172,167.56915283203125,378.27862548828125,3597.310546875,280.95001220703125,106.1036148071289,242.5353546142578,110.93730163574219,456.4954833984375,64.88285827636719,131.32852172851562,53.81528091430664,210.5
2022-10-17,30.774673461914062,117.96420288085938,248.2373504638672,367.48504638671875,16.420272827148438,122.21890258789062,5.820457458496094,117.56866455078125,728.9977416992188,100.1500015258789,179.60284423828125,167.56915283203125,371.6354675292969,3594.3115234375,284.1499938964844,106.1036148071289,250.10836791992188,110.1615219116211,452.65899658203125,64.29568481445312,133.31166076660156,53.72748947143555,218.14500427246094
2022-10-18,30.774673461914062,115.60492706298828,242.75650024414062,367.0333251953125,16.16515350341797,118.75169372558594,5.698349952697754,114.02300262451172,727.4977416992188,100.19999694824219,178.27041625976562,167.56915283203125,382.3888244628906,3596.81103515625,282.79998779296875,106.5299301147461,245.67417907714844,107.83416748046875,455.2006530761719,64.4424819946289,131.98956298828125,53.025169372558594,213.77499389648438
2022-10-19,30.167585372924805,113.4815673828125,240.7161407470703,365.1851806640625,15.794075012207031,115.14762878417969,5.6779985427856445,110.2315902709961,703.497802734375,99.44999694824219,179.01499938964844,167.56915283203125,372.3045654296875,3555.32470703125,282.25,103.78260803222656,244.27914428710938,103.95523071289062,452.4192199707031,62.75434875488281,133.09132385253906,52.23506164550781,214.0500030517578
2022-10-20,29.8406925201416,112.7737808227539,240.15615844726562,362.6799621582031,15.701303482055664,113.55088806152344,5.616945266723633,108.51143646240234,693.9978637695312,98.55000305175781,182.69882202148438,162.84600830078125,368.9590759277344,3558.323486328125,282.1499938964844,104.20890808105469,240.19371032714844,102.59761810302734,458.4137268066406,61.65339279174805,132.2099151611328,51.79610824584961,213.2899932861328
2022-10-21,29.8406925201416,113.71748352050781,248.75738525390625,368.67608642578125,15.770882606506348,118.34110260009766,5.596594333648682,112.26773834228516,704.497802734375,101.0999984741211,187.16632080078125,162.84600830078125,375.2198791503906,3611.8056640625,287.04998779296875,104.966796875,248.31475830078125,102.79155731201172,471.0262145996094,63.047935485839844,134.63375854492188,51.62052917480469,219.0800018310547
2022-10-24,29.934091567993164,117.25642395019531,244.95681762695312,363.3781433105469,15.747690200805664,114.91952514648438,5.5355401039123535,109.28375244140625,706.497802734375,101.8499984741211,186.3433074951172,162.84600830078125,382.86669921875,3638.297119140625,285.70001220703125,108.04570007324219,248.0158233642578,107.4462661743164,456.447509765625,64.4424819946289,137.71865844726562,51.9716796875,225.53500366210938
2022-10-25,30.214284896850586,119.85163879394531,251.3177947998047,373.8507385253906,15.886846542358398,122.40138244628906,5.7187018394470215,112.65389251708984,709.997802734375,112.30000305175781,190.26220703125,162.84600830078125,387.1202697753906,3667.287353515625,301.1000061035156,110.79301452636719,258.0799560546875,115.20411682128906,462.6338806152344,69.36007690429688,140.5832061767578,51.35715866088867,235.2449951171875
2022-10-26,30.238094329833984,123.86241149902344,245.79696655273438,369.99029541015625,15.747690200805664,125.50362396240234,5.861159324645996,114.19853210449219,710.997802734375,109.1500015258789,187.16632080078125,162.84600830078125,383.5836181640625,3704.275146484375,300.95001220703125,110.98249053955078,258.1297607421875,119.08304595947266,478.9869384765625,68.91968536376953,144.99021911621094,50.128108978271484,239.22999572753906
2022-10-27,30.14285659790039,128.34506225585938,251.15769958496094,380.87347412109375,15.817267417907715,131.5255889892578,5.861159324645996,111.91667938232422,714.997802734375,112.80000305175781,188.34201049804688,162.84600830078125,383.2012939453125,3743.26220703125,310.6499938964844,110.4614486694336,260.72052001953125,125.87117004394531,501.09478759765625,70.3142318725586,152.70245361328125,48.284515380859375,242.9600067138672
2022-10-28,30.761903762817383,130.9402618408203,244.95681762695312,374.0580749511719,16.18834686279297,133.85227966308594,5.922213554382324,111.9517593383789,722.9977416992188,113.0,184.69740295410156,162.84600830078125,389.8444519042969,3794.245361328125,312.04998779296875,108.7088394165039,257.08349609375,129.16824340820312,501.5743713378906,72.29594421386719,155.1262969970703,46.879878997802734,235.4550018310547
2022-10-31,30.857141494750977,135.65884399414062,250.74403381347656,379.63427734375,16.0491886138916,139.23558044433594,6.064672470092773,114.44427490234375,716.997802734375,110.94999694824219,187.2447052001953,162.84600830078125,406.33294677734375,3927.701416015625,312.25,111.45616912841797,257.93048095703125,132.8532257080078,514.8102416992188,73.10330963134766,156.6687469482422,46.70429229736328,236.11000061035156
2022-11-01,30.4761905670166,134.95106506347656,259.7983093261719,389.7539978027344,16.0491886138916,137.36509704589844,6.125725746154785,115.04106140136719,739.9976806640625,110.5,194.69058227539062,180.7118377685547,396.00970458984375,3993.679443359375,318.75,113.63507843017578,261.8664245605469,134.9866485595703,534.0886840820312,75.96578979492188,157.55014038085938,47.05544662475586,250.9499969482422
2022-11-02,30.380952835083008,134.95106506347656,252.83653259277344,376.7430114746094,16.0028076171875,137.5932159423828,5.942565441131592,112.19751739501953,726.9977416992188,109.5999984741211,187.36224365234375,180.7118377685547,380.7160339355469,3932.199951171875,308.3999938964844,111.21932983398438,255.28990173339844,130.9137725830078,529.6287841796875,74.13086700439453,153.58384704589844,46.967655181884766,243.27499389648438
2022-11-03,30.4761905670166,132.11993408203125,253.7620849609375,375.6277770996094,15.840461730957031,140.4673309326172,5.901862621307373,114.51448059082031,722.9977416992188,108.94999694824219,189.16494750976562,172.7030029296875,392.8553771972656,3858.224365234375,312.6499938964844,112.16667938232422,260.5710754394531,130.9137725830078,538.7883911132812,72.88312530517578,151.6007080078125,46.97101593017578,249.97999572753906
2022-11-04,30.14285659790039,131.17617797851562,256.4985046386719,379.67559814453125,15.91003704071045,143.06776428222656,5.942565441131592,119.18352508544922,724.9977416992188,109.55000305175781,190.30145263671875,172.7030029296875,403.8954772949219,3870.220458984375,316.45001220703125,114.15612030029297,258.7774658203125,136.92611694335938,551.7845458984375,74.49785614013672,150.4989471435547,47.4987678527832,246.96499633789062
2022-11-07,29.66666603088379,129.98829650878906,249.8988800048828,361.83184814453125,15.817267417907715,136.86325073242188,5.820457458496094,119.5696792602539,711.997802734375,105.75,186.3433074951172,177.42616271972656,399.5463562011719,3766.2548828125,310.0,113.44561004638672,250.10836791992188,129.75010681152344,535.6712646484375,72.36933898925781,147.6343994140625,47.41081237792969,243.10499572753906
2022-11-08,29.80952262878418,129.0146026611328,251.30735778808594,357.7427062988281,15.678109169006348,133.57855224609375,5.861159324645996,122.37812805175781,716.997802734375,104.75,184.9717254638672,177.42616271972656,391.4216003417969,3738.763916015625,318.79998779296875,112.877197265625,252.10125732421875,130.33193969726562,517.9274291992188,71.8555679321289,150.71929931640625,47.4987678527832,237.6999969482422
2022-11-09,29.190475463867188,133.63963317871094,240.44219970703125,339.1141052246094,15.492572784423828,127.73905944824219,5.739051818847656,115.85179901123047,715.497802734375,103.5999984741211,178.30963134765625,177.42616271972656,370.58404541015625,3662.788818359375,307.0,110.08250427246094,246.12257385253906,125.67721557617188,489.1057434082031,69.9472427368164,152.9228057861328,46.79507827758789,220.0
2022-11-10,28.904760360717773,139.23838806152344,233.8828582763672,339.444580078125,15.863652229309082,128.74273681640625,5.922213554382324,115.85179901123047,703.497802734375,102.19999694824219,181.248779296875,177.42616271972656,364.8489074707031,3643.794921875,313.0,107.99832916259766,249.11192321777344,127.22879028320312,485.3651123046875,72.29594421386719,157.32980346679688,47.85061264038086,223.58999633789062
2022-11-11,28.333332061767578,142.6463165283203,237.5448455810547,350.1012268066406,16.32750129699707,134.1260223388672,6.146078109741211,121.28236389160156,686.9978637695312,105.75,187.32305908203125,177.42616271972656,377.561767578125,3732.265869140625,321.95001220703125,110.36670684814453,244.8271942138672,132.27139282226562,505.5546875,74.86483764648438,162.8385467529297,50.04962921142578,239.27999877929688
2022-11-14,28.095237731933594,144.59371948242188,235.29129028320312,347.7881774902344,16.88412094116211,137.31948852539062,6.288536071777344,125.98883819580078,699.997802734375,110.05000305175781,185.3636474609375,177.42616271972656,380.4293212890625,3833.732421875,336.0,109.94039916992188,251.1048126220703,140.61109924316406,529.4369506835938,76.51626586914062,157.99085998535156,51.1931266784668,249.2550048828125
2022-11-15,27.95237922668457,146.78453063964844,234.6072540283203,350.2664794921875,17.324777603149414,139.6005401611328,6.512399673461914,125.51819610595703,691.4978637695312,113.5,188.06764221191406,177.42616271972656,378.0397033691406,3818.7373046875,345.0,109.89302825927734,256.8841857910156,149.33868408203125,546.701171875,78.1677017211914,156.22805786132812,51.36904525756836,260.54998779296875
2022-11-16,27.190475463867188,145.56739807128906,233.4804229736328,346.9621276855469,17.835012435913086,137.7757110595703,6.593804836273193,122.36846160888672,709.997802734375,114.0,187.16632080078125,177.42616271972656,387.88494873046875,3797.744384765625,341.5,109.84566497802734,265.0550842285156,155.5449676513672,546.701171875,83.6724624633789,155.787353515625,51.6329231262207,249.5
2022-11-17,26.904760360717773,149.46217346191406,239.75808715820312,351.092529296875,17.626279830932617,138.50563049316406,6.593804836273193,124.54067993164062,699.497802734375,114.0,189.04742431640625,177.42616271972656,389.031982421875,3747.760986328125,345.0,105.62994384765625,264.0586242675781,153.99337768554688,546.701171875,85.1404037475586,159.0926055908203,51.720882415771484,248.0
2022-11-18,27.14285659790039,150.43588256835938,240.64341735839844,352.78607177734375,17.997356414794922,144.3907470703125,6.695560455322266,124.9027328491211,723.4977416992188,118.0,189.3608856201172,177.42616271972656,400.8845520019531,3742.262939453125,351.0,105.72467041015625,268.54266357421875,160.9754638671875,552.4559326171875,88.07627868652344,162.8385467529297,51.98475646972656,248.49000549316406
2022-11-22,27.333332061767578,148.24505615234375,242.65550231933594,353.7773742675781,17.672664642333984,144.61886596679688,7.122937202453613,127.074951171875,718.497802734375,117.5999984741211,189.20416259765625,177.42616271972656,409.8695373535156,3718.7705078125,348.0,105.48783874511719,280.4003601074219,167.95753479003906,573.556640625,87.3423080444336,165.70309448242188,51.720882415771484,250.47500610351562
2022-11-23,26.904760360717773,144.1068572998047,257.5447692871094,356.875244140625,17.603086471557617,151.23390197753906,7.285747528076172,132.50550842285156,732.4977416992188,116.25,191.39869689941406,176.60475158691406,401.45806884765625,3695.278076171875,346.0,106.1036148071289,282.5925598144531,166.21200561523438,561.0880737304688,85.50738525390625,161.73680114746094,51.457000732421875,250.9949951171875
2022-11-24,26.714284896850586,147.0279541015625,262.77618408203125,367.2015380859375,17.81182098388672,155.7960205078125,7.529962539672852,136.12586975097656,739.9976806640625,115.5,193.358154296875,176.60475158691406,409.58282470703125,3783.748779296875,347.0,107.52465057373047,285.9804992675781,164.85438537597656,570.6793212890625,88.99374389648438,164.8217010498047,51.1931266784668,257.70001220703125
2022-11-25,27.14285659790039,148.48849487304688,277.2630310058594,374.42987060546875,17.695858001708984,160.5862274169922,7.468908309936523,138.298095703125,751.9976806640625,117.0,197.747314453125,176.60475158691406,401.45806884765625,3758.757080078125,355.95001220703125,110.69828033447266,288.4217834472656,172.80618286132812,581.709228515625,90.27819061279297,162.61819458007812,51.54496765136719,268.0
2022-11-28,27.571428298950195,153.35696411132812,283.7016296386719,365.3840637207031,17.39435577392578,162.86729431152344,7.570664882659912,136.12586975097656,757.9976806640625,118.0,196.7284393310547,176.60475158691406,392.42523193359375,3772.752685546875,360.5,108.47200775146484,278.0089111328125,176.29721069335938,577.3931884765625,90.09468841552734,163.49960327148438,51.01719665527344,271.8999938964844
2022-11-29,30.857141494750977,159.6859893798828,280.2811584472656,368.85369873046875,18.066936492919922,166.9731903076172,7.529962539672852,137.6464080810547,752.9976806640625,118.0,199.863525390625,176.60475158691406,413.8841552734375,3850.226806640625,376.0,108.47200775146484,291.95916748046875,187.54611206054688,617.6763916015625,94.6820068359375,165.70309448242188,51.720882415771484,278.4599914550781
2022-11-30,33.19047546386719,161.87681579589844,282.4139404296875,387.44097900390625,19.0178279876709,165.6501922607422,7.3875041007995605,140.68753051757812,776.9976196289062,117.30000305175781,204.17428588867188,176.60475158691406,415.79583740234375,3858.724365234375,375.0,110.84038543701172,288.9698181152344,193.55844116210938,623.43115234375,96.14994049072266,162.39784240722656,51.89680099487305,276.1000061035156
2022-12-01,32.095237731933594,163.5807647705078,284.9089050292969,382.69091796875,19.087406158447266,168.25057983398438,7.285747528076172,143.72865295410156,791.99755859375,118.75,206.13372802734375,194.67593383789062,421.5309753417969,3937.697998046875,380.0,114.58242797851562,286.9769287109375,200.92840576171875,630.14501953125,104.04010009765625,162.39784240722656,54.183773040771484,275.635009765625
2022-12-02,32.095237731933594,159.6859893798828,277.4592590332031,381.714111328125,18.90186309814453,163.2322540283203,7.326450347900391,142.85975646972656,829.9974365234375,118.0,209.9351043701172,194.67593383789062,408.1490173339844,4298.07861328125,375.1000061035156,112.924560546875,306.9058837890625,203.25576782226562,618.6834716796875,108.99439239501953,163.05889892578125,54.62358474731445,273.0
2022-12-05,30.4761905670166,161.3899383544922,264.5165100097656,365.5151672363281,18.50759506225586,156.02413940429688,7.204342365264893,137.57400512695312,816.4974975585938,116.0,198.8837890625,194.67593383789062,397.6346740722656,4713.44140625,362.8500061035156,112.73509979248047,301.92364501953125,190.8431854248047,600.4121704101562,102.5721664428711,160.19435119628906,52.86478042602539,261.1000061035156
2022-12-06,30.4761905670166,163.09390258789062,266.9432678222656,377.9758605957031,18.832286834716797,158.30519104003906,7.326450347900391,138.298095703125,804.9974975585938,117.5,202.9986572265625,194.67593383789062,411.1121826171875,4948.36376953125,366.79998779296875,113.68244934082031,306.8560791015625,193.75238037109375,599.9326171875,105.69153594970703,161.9571533203125,52.68856430053711,262.20001220703125
2022-12-07,30.95237922668457,169.4229278564453,277.5401611328125,389.60589599609375,18.925058364868164,165.14834594726562,7.672421455383301,141.0857696533203,852.9973754882812,118.5,209.97427368164062,194.67593383789062,412.92828369140625,4828.40380859375,377.0,118.89289093017578,313.63189697265625,205.58311462402344,615.2306518554688,111.37979888916016,165.26239013671875,53.129093170166016,265.0
2022-12-12,30.571428298950195,172.83087158203125,264.597412109375,375.06842041015625,18.809093475341797,163.9165802001953,7.59101676940918,139.0221710205078,824.9974365234375,118.5,201.43104553222656,194.67593383789062,402.6528625488281,4727.43701171875,352.5,114.10874938964844,305.4610290527344,211.0136260986328,600.8917236328125,111.37979888916016,163.94029235839844,52.33613204956055,252.3000030517578
2022-12-13,30.190475463867188,175.0216827392578,262.4942321777344,371.57940673828125,18.623554229736328,161.90927124023438,7.936987400054932,143.11318969726562,833.9974365234375,119.0,200.177001953125,194.67593383789062,405.2814636230469,4753.427734375,349.0,115.482421875,294.9485168457031,214.8925323486328,584.1070556640625,114.4991683959961,163.94029235839844,52.60045623779297,253.8699951171875
2022-12-14,30.238094329833984,172.1005859375,260.0675048828125,363.4383544921875,18.553977966308594,163.32350158691406,8.018392562866211,141.19436645507812,812.9974975585938,120.5,198.1392059326172,194.67593383789062,410.06072998046875,4787.91650390625,341.5,114.62979888916016,291.95916748046875,217.99566650390625,571.638427734375,114.4991683959961,162.39784240722656,51.8074836730957,248.5
2022-12-15,30.28571319580078,169.4229278564453,262.00885009765625,363.7706298828125,18.414823532104492,164.1446990966797,8.14050006866455,140.83233642578125,819.4974365234375,122.5999984741211,201.35269165039062,194.67593383789062,411.8768615722656,4852.8955078125,341.0,113.82455444335938,287.973388671875,212.1772918701172,568.281494140625,116.51757049560547,162.8385467529297,52.24802017211914,247.9499969482422
2022-12-16,30.333332061767578,169.4229278564453,264.1929931640625,362.93994140625,18.669939041137695,164.1446990966797,8.242257118225098,146.1180877685547,807.9974975585938,123.80000305175781,200.92161560058594,194.67593383789062,411.8768615722656,4777.419921875,346.0,113.20877075195312,284.68511962890625,212.1772918701172,579.3114013671875,114.86614990234375,160.85540771484375,52.15990447998047,247.5
2022-12-19,30.571428298950195,166.9886932373047,273.4146728515625,372.3685302734375,18.50759506225586,166.060791015625,8.486472129821777,147.023193359375,804.9974975585938,125.25,206.525634765625,194.67593383789062,411.0166015625,4871.38916015625,365.79998779296875,116.5245132446289,288.9698181152344,218.3835906982422,600.4121704101562,117.98551177978516,163.94029235839844,52.424232482910156,261.6000061035156
2022-12-20,30.28571319580078,169.90977478027344,276.8526306152344,381.9633483886719,18.530784606933594,167.52064514160156,8.567875862121582,149.44882202148438,820.9974365234375,126.5999984741211,211.6201934814453,194.67593383789062,415.7480773925781,4909.37646484375,382.75,115.7192611694336,286.47869873046875,223.81405639648438,613.6480712890625,121.65535736083984,160.85540771484375,52.60045623779297,275.135009765625
2022-12-21,30.380952835083008,172.83087158203125,306.58026123046875,414.52734375,18.832286834716797,168.34182739257812,8.99525260925293,148.94198608398438,864.997314453125,128.0,233.56605529785156,194.67593383789062,419.6670227050781,4978.35400390625,385.0,126.47171783447266,305.6105041503906,237.00241088867188,659.3983154296875,123.3067855834961,167.4658966064453,54.45071792602539,288.20001220703125
2022-12-22,30.190475463867188,171.857177734375,314.588623046875,425.49285888671875,18.9482479095459,172.81268310546875,8.581198692321777,147.3489990234375,854.9973754882812,133.89999389648438,230.4308319091797,212.74710083007812,417.2296142578125,4902.37939453125,397.0,131.91900634765625,311.93792724609375,238.94189453125,675.223876953125,121.83885192871094,170.9915008544922,54.62694549560547,291.989990234375
2022-12-23,31.66666603088379,176.23880004882812,325.1854248046875,439.4488830566406,18.925058364868164,179.9752197265625,8.731369972229004,149.9918670654297,923.9971313476562,134.0,241.795654296875,212.74710083007812,416.751708984375,4967.857421875,400.25,139.071533203125,331.81707763671875,246.69972229003906,697.2837524414062,124.04075622558594,182.44967651367188,55.33179473876953,303.8999938964844
2022-12-26,31.904760360717773,179.64674377441406,331.5758972167969,445.2639465332031,19.3193302154541,187.4114227294922,8.709917068481445,150.78836059570312,927.9971313476562,134.1999969482422,244.53887939453125,212.74710083007812,431.0895080566406,5048.3310546875,413.0,146.83982849121094,338.7922058105469,250.19081115722656,722.7005615234375,127.16012573242188,188.3991241455078,55.24368667602539,308.4949951171875
2022-12-27,34.0,180.6204376220703,334.8924865722656,449.0020751953125,20.038297653198242,195.16702270507812,8.838634490966797,163.27862548828125,982.9969482421875,131.85000610351562,247.28211975097656,226.71121215820312,443.1332702636719,5603.1474609375,418.5,144.23460388183594,358.6713562011719,266.0943603515625,750.9468383789062,126.42615509033203,196.99278259277344,55.860450744628906,300.3800048828125
2022-12-28,34.71428680419922,184.02833557128906,358.3511047363281,475.1696472167969,20.78045654296875,197.83242797851562,8.688464164733887,169.1436309814453,1009.9968872070312,135.3000030517578,261.0374450683594,226.71121215820312,459.76507568359375,5578.15576171875,427.0,146.83982849121094,370.9276428222656,266.8701477050781,759.5789184570312,128.26107788085938,202.06082153320312,58.41557693481445,313.0
2022-12-29,32.61904525756836,177.7642364501953,353.9021301269531,464.9518737792969,20.409374237060547,192.83807373046875,8.53829288482666,167.985107421875,999.9968872070312,134.5,257.3536682128906,226.71121215820312,447.6735534667969,5398.21533203125,429.95001220703125,144.8977508544922,357.8243713378906,269.1975402832031,770.17724609375,127.71060180664062,198.3148651123047,59.737205505371094,311.1499938964844
2022-12-30,32.761905670166016,176.30316162109375,367.97723388671875,461.87811279296875,20.386184692382812,197.00006103515625,8.581198692321777,168.70919799804688,1079.9967041015625,138.25,260.2144775390625,229.9968719482422,452.1182556152344,5543.1669921875,438.25,147.31350708007812,373.966796875,280.8343200683594,779.672607421875,137.252197265625,201.84046936035156,59.649078369140625,316.8450012207031
2023-01-02,33.238094329833984,181.1734161376953,380.111083984375,475.7926330566406,20.502145767211914,199.54348754882812,8.624104499816895,171.60548400878906,1104.99658203125,146.0,264.2901611328125,229.9968719482422,471.23529052734375,5555.6630859375,457.0,150.1555633544922,382.5362548828125,294.02264404296875,804.7057495117188,139.4541015625,200.95907592773438,60.00150680541992,329.5
2023-01-03,32.0,179.95587158203125,351.07086181640625,454.4018249511719,20.502145767211914,186.59510803222656,8.431029319763184,157.77566528320312,1029.996826171875,149.8000030517578,257.47125244140625,229.9968719482422,443.80230712890625,5363.2265625,433.0,143.5240936279297,362.208740234375,298.6773681640625,764.4225463867188,138.72015380859375,202.7218780517578,57.71071243286133,299.79998779296875
2023-01-04,32.095237731933594,181.6604461669922,356.12664794921875,464.370361328125,20.91961097717285,189.04605102539062,8.516840934753418,165.4508514404297,1034.996826171875,150.5,264.0157470703125,229.9968719482422,442.5597229003906,5298.24853515625,438.0,146.3661651611328,367.3404235839844,311.8656921386719,758.09228515625,142.75697326660156,205.36607360839844,58.679901123046875,300.0
2023-01-05,32.61904525756836,185.06961059570312,376.1473693847656,497.18359375,21.47623062133789,191.45074462890625,8.431029319763184,170.15733337402344,1104.99658203125,154.0,283.6526184082031,229.9968719482422,439.79638671875,5508.1787109375,451.0,158.20806884765625,372.67144775390625,321.950927734375,803.7466430664062,150.83062744140625,212.41725158691406,59.82529067993164,318.04998779296875
2023-01-06,32.47618865966797,188.9658203125,385.04547119140625,507.1522521972656,21.893695831298828,198.84982299804688,8.366668701171875,170.44696044921875,1060.9967041015625,157.3000030517578,294.3191833496094,229.9968719482422,458.38958740234375,5398.21533203125,458.95001220703125,157.73439025878906,371.67498779296875,307.21099853515625,794.6349487304688,146.79379272460938,223.43475341796875,61.058834075927734,323.70001220703125
2023-01-09,33.0,192.61851501464844,378.978515625,512.552001953125,22.079233169555664,198.84982299804688,8.559745788574219,170.15733337402344,1064.9967041015625,165.9499969482422,297.40057373046875,229.9968719482422,460.47161865234375,5408.2119140625,452.6499938964844,160.102783203125,372.4721374511719,305.659423828125,799.91015625,149.9131622314453,226.96035766601562,61.675567626953125,327.29998779296875
2023-01-10,32.095237731933594,196.7582244873047,376.9562683105469,520.8590698242188,22.12561798095703,195.10403442382812,8.53829288482666,166.60935974121094,1020.996826171875,167.0,300.79815673828125,229.9968719482422,455.58123779296875,5334.23681640625,452.75,163.2290496826172,367.19097900390625,314.9688415527344,765.141845703125,149.9131622314453,234.45223999023438,61.14692306518555,324.3999938964844
2023-01-11,32.095237731933594,196.02767944335938,411.53753662109375,549.2694702148438,22.93735694885254,201.1157684326172,8.409574508666992,170.15733337402344,1060.4967041015625,173.5,324.8177185058594,229.9968719482422,480.3236999511719,5394.216796875,484.5,176.3025360107422,394.0950622558594,311.0899353027344,755.7904052734375,153.03253173828125,243.26625061035156,62.116092681884766,331.5
2023-01-12,31.333332061767578,201.62847900390625,425.8958435058594,584.8657836914062,23.099702835083008,205.78643798828125,8.752822875976562,172.32955932617188,1088.99658203125,172.39999389648438,349.0743713378906,229.9968719482422,511.3123474121094,5508.1787109375,487.0,189.13917541503906,408.5435485839844,312.6415100097656,791.2300415039062,153.76651000976562,249.43601989746094,64.31880950927734,360.5
2023-01-13,31.380952835083008,216.23922729492188,448.1411437988281,605.13525390625,24.12017250061035,209.48597717285156,9.13897705078125,177.1808624267578,1159.9964599609375,172.0,361.08416748046875,229.9968719482422,522.9330444335938,5658.12939453125,487.0,196.57591247558594,426.4796142578125,308.7625732421875,796.0736083984375,152.66555786132812,256.0465393066406,69.1647720336914,387.0
2023-01-16,31.80952262878418,220.13543701171875,469.1729736328125,627.1907348632812,25.697261810302734,214.8040313720703,9.332054138183594,184.63880920410156,1188.996337890625,173.9499969482422,367.8001403808594,229.9968719482422,550.048095703125,5848.06640625,503.0,204.2494659423828,443.4192199707031,307.98675537109375,836.3568725585938,154.1334991455078,266.1826477050781,75.7728500366211,402.79998779296875
2023-01-17,33.904762268066406,219.40489196777344,477.99017333984375,660.41943359375,26.439420700073242,225.3014678955078,9.546584129333496,193.32769775390625,1287.9959716796875,173.5,390.71356201171875,229.9968719482422,548.0145263671875,5861.0615234375,508.79998779296875,215.9966583251953,470.32330322265625,301.7804870605469,813.337890625,159.27127075195312,262.65704345703125,80.00203704833984,435.0050048828125
2023-01-18,30.904760360717773,202.6025390625,431.35614013671875,622.2063598632812,25.604490280151367,205.78643798828125,9.010258674621582,171.89511108398438,1149.9964599609375,157.0,346.862060546875,279.28192138671875,495.3338317871094,5495.1826171875,471.0,186.62869262695312,417.5115661621094,280.8343200683594,746.1991577148438,151.19761657714844,230.92665100097656,76.65393829345703,401.6000061035156
2023-01-19,29.619047164916992,198.21929931640625,436.0073547363281,638.3639526367188,24.398481369018555,193.99417114257812,8.64555835723877,175.18963623046875,1127.9964599609375,150.5,359.8594665527344,279.28192138671875,486.1340637207031,5264.25927734375,472.5,182.8392791748047,413.5257873535156,275.4037780761719,703.51806640625,141.8395233154297,222.9940643310547,74.89176940917969,401.0
2023-01-20,30.95237922668457,202.35903930664062,467.55523681640625,682.01806640625,25.140640258789062,204.39910888671875,9.074618339538574,181.38047790527344,1199.996337890625,161.8000030517578,391.977783203125,279.28192138671875,505.5019836425781,5395.2158203125,498.0,200.3653106689453,441.42633056640625,304.4957275390625,730.8531494140625,152.29856872558594,231.3673553466797,77.62311553955078,428.5
2023-01-23,32.0476188659668,204.55062866210938,459.4660339355469,661.997802734375,25.558103561401367,208.09864807128906,9.203336715698242,183.19065856933594,1279.99609375,162.39999389648438,388.89642333984375,279.28192138671875,523.6593627929688,5428.205078125,497.29998779296875,194.01803588867188,454.7289123535156,312.25360107421875,761.4971923828125,159.6382598876953,241.062744140625,79.73770141601562,436.6000061035156
2023-01-24,31.28571319580078,204.06361389160156,456.5134582519531,658.1763916015625,26.439420700073242,218.1798553466797,8.945900917053223,185.72491455078125,1259.99609375,164.0,382.4173278808594,279.28192138671875,517.02587890625,5471.19140625,502.0,187.52867126464844,464.3446350097656,314.9688415527344,783.6050415039062,163.67507934570312,251.19883728027344,78.76852416992188,437.3999938964844
2023-01-25,31.857141494750977,205.52468872070312,474.6736145019531,689.9512939453125,26.624958038330078,228.44607543945312,9.18188190460205,188.98326110839844,1304.9959716796875,177.14999389648438,400.5111389160156,279.28192138671875,532.6170043945312,5492.1845703125,519.0,198.2337646484375,491.5476379394531,325.0540466308594,826.765625,178.35446166992188,252.9616241455078,77.00635528564453,440.8999938964844
2023-01-26,32.19047546386719,206.98574829101562,474.8354187011719,694.437255859375,27.135194778442383,233.0704803466797,9.224788665771484,196.22398376464844,1279.49609375,179.0,402.96044921875,279.28192138671875,532.6170043945312,5488.18505859375,517.0,198.94427490234375,498.1241760253906,342.8971252441406,823.3607788085938,185.6941680908203,255.16513061523438,78.06365203857422,441.6000061035156
2023-01-27,31.714284896850586,207.95980834960938,464.44085693359375,672.8801879882812,27.135194778442383,221.97186279296875,9.13897705078125,198.0341796875,1243.99609375,178.25,389.8840026855469,293.24603271484375,517.1226806640625,5322.23974609375,504.0,192.78648376464844,485.6187744140625,339.0181884765625,799.046875,183.49224853515625,250.31744384765625,77.18258666992188,428.29998779296875
2023-01-30,31.333332061767578,204.06361389160156,441.7506408691406,643.88818359375,27.784582138061523,210.41085815429688,8.79572868347168,183.91473388671875,1215.4962158203125,171.4499969482422,369.6964416503906,293.24603271484375,502.3062744140625,5250.2646484375,480.5,187.10235595703125,459.3623962402344,332.0361328125,763.9429321289062,175.78558349609375,244.14764404296875,77.09447479248047,414.69500732421875
2023-01-31,31.714284896850586,204.55062866210938,461.08392333984375,671.2186889648438,27.64542579650879,214.15663146972656,9.13897705078125,183.9871368408203,1218.9962158203125,174.85000610351562,387.1581115722656,293.24603271484375,506.9545593261719,5308.2451171875,498.0,196.14959716796875,472.216552734375,342.8971252441406,796.0736083984375,178.35446166992188,241.062744140625,77.00635528564453,439.3999938964844
2023-02-01,32.0476188659668,205.52468872070312,445.71435546875,650.9076538085938,27.69181251525879,210.17962646484375,9.117524147033691,186.81103515625,1186.996337890625,169.0,379.25689697265625,293.24603271484375,507.4387512207031,5288.251953125,498.70001220703125,191.36544799804688,469.8250732421875,341.34552001953125,777.8502807617188,180.55638122558594,245.9104461669922,74.80365753173828,428.70001220703125
2023-02-02,31.571428298950195,204.55062866210938,441.62933349609375,656.0166625976562,27.877351760864258,207.17373657226562,9.267695426940918,181.7425079345703,1164.996337890625,164.0,379.25689697265625,293.24603271484375,507.2934875488281,5288.251953125,491.5,185.25503540039062,457.5189514160156,330.48455810546875,771.1364135742188,179.45542907714844,244.5883331298828,74.45123291015625,413.0
2023-02-03,32.238094329833984,205.2811737060547,422.33660888671875,632.5902709960938,27.088809967041016,202.54933166503906,9.096070289611816,175.1172332763672,1107.99658203125,159.75,359.5038757324219,293.24603271484375,482.74468994140625,5189.28466796875,475.5,180.94456481933594,425.483154296875,314.1930847167969,739.4852905273438,171.19827270507812,234.45223999023438,72.6890869140625,411.8999938964844
2023-02-06,32.85714340209961,201.62847900390625,423.0646667480469,623.8678588867188,27.413501739501953,201.57821655273438,9.096070289611816,172.32955932617188,1075.9967041015625,161.0,360.6890869140625,293.24603271484375,483.7131042480469,5268.25830078125,478.3999938964844,176.49200439453125,425.8817443847656,330.8724060058594,742.3626708984375,171.0147705078125,240.62205505371094,71.98419952392578,416.5
2023-02-07,33.14285659790039,201.87200927734375,427.10919189453125,630.5136108398438,29.222515106201172,210.31834411621094,9.267695426940918,173.5966796875,1111.99658203125,163.0,367.4050598144531,279.6926574707031,490.0076599121094,5281.25439453125,480.70001220703125,181.60769653320312,434.94940185546875,360.7402038574219,767.68359375,174.31764221191406,246.79183959960938,73.12962341308594,423.5
2023-02-08,33.61904525756836,205.2811737060547,436.0073547363281,630.5966186523438,28.758668899536133,210.873291015625,9.246241569519043,172.69158935546875,1135.9964599609375,165.75,373.72607421875,279.6926574707031,489.5718688964844,5326.2392578125,492.5,184.49713134765625,453.8819274902344,397.9779052734375,806.1444702148438,177.25350952148438,255.6058349609375,73.65824127197266,425.0
2023-02-09,34.523807525634766,206.4987335205078,432.77178955078125,623.3694458007812,28.94420623779297,211.47445678710938,9.696754455566406,167.3334503173828,1124.9964599609375,161.89999389648438,371.355712890625,279.6926574707031,485.98883056640625,5351.73046875,479.0,179.99720764160156,433.4547424316406,407.2872619628906,776.89111328125,180.92335510253906,255.6058349609375,74.18689727783203,418.25
2023-02-10,35.71428680419922,202.6025390625,433.1761474609375,624.449462890625,29.03697395324707,213.1855010986328,9.82547378540039,169.65048217773438,1130.9964599609375,164.9499969482422,373.3309631347656,279.6926574707031,487.8287658691406,5399.71435546875,484.95001220703125,183.54977416992188,433.9529724121094,404.5720520019531,800.8692626953125,181.29034423828125,247.67323303222656,74.80365753173828,428.29998779296875
2023-02-13,39.71428680419922,202.6025390625,459.3042297363281,655.8504638671875,29.315284729003906,216.42259216308594,9.782567977905273,183.91473388671875,1134.9964599609375,169.75,393.8740539550781,279.6926574707031,499.15899658203125,5463.193359375,503.5,195.62855529785156,449.8961181640625,395.6505126953125,822.9291381835938,182.75827026367188,255.16513061523438,76.65393829345703,450.30499267578125
2023-02-14,38.57142639160156,203.5765838623047,475.2400207519531,670.9696044921875,29.129743576049805,216.42259216308594,9.782567977905273,191.87954711914062,1137.9964599609375,170.6999969482422,410.0715637207031,279.6926574707031,501.5315856933594,5504.6796875,502.8999938964844,202.73370361328125,439.2839660644531,397.20208740234375,839.2342529296875,182.75827026367188,245.9104461669922,77.62311553955078,449.69500732421875
2023-02-15,37.380950927734375,203.3330841064453,465.12847900390625,657.0965576171875,29.408056259155273,213.64794921875,9.782567977905273,188.76602172851562,1119.99658203125,171.5,400.7876281738281,279.6926574707031,483.2288818359375,5492.6845703125,505.5,198.94427490234375,429.3692932128906,399.9173583984375,832.0887451171875,185.6941680908203,235.77435302734375,76.65393829345703,442.0
2023-02-16,36.904762268066406,204.30711364746094,478.88006591796875,663.07763671875,29.68636703491211,216.88502502441406,9.8040189743042,187.7523193359375,1134.9964599609375,179.0,406.9110412597656,279.6926574707031,495.8180236816406,5683.12060546875,505.25,207.9441375732422,445.91033935546875,395.6505126953125,839.2342529296875,184.59320068359375,238.8592529296875,77.887451171875,441.5
2023-02-17,35.238094329833984,197.73228454589844,457.1606140136719,628.2291870117188,28.758668899536133,213.7866668701172,9.610941886901855,185.68870544433594,1117.99658203125,174.9499969482422,392.2938232421875,279.6926574707031,478.3869323730469,5612.14453125,493.0,193.26016235351562,422.4938049316406,385.17742919921875,804.7537231445312,179.82240295410156,229.16384887695312,75.4204330444336,420.5
2023-02-22,34.761905670166016,192.8620147705078,451.78131103515625,618.094482421875,28.52674102783203,209.02352905273438,10.08290958404541,187.5351104736328,1090.99658203125,168.0,383.2864990234375,279.6926574707031,464.82940673828125,5418.2080078125,477.0,188.90232849121094,406.5506591796875,384.7895202636719,791.757568359375,175.23509216308594,221.6719512939453,75.4204330444336,417.0199890136719
2023-02-23,34.761905670166016,192.61851501464844,473.2176208496094,638.2808227539062,28.758668899536133,213.1855010986328,10.254533767700195,197.67213439941406,1079.4967041015625,168.0,392.6888732910156,279.6926574707031,482.30889892578125,5485.18603515625,486.0,197.99691772460938,418.5080261230469,370.8254089355469,815.256103515625,168.8128662109375,215.50216674804688,74.7155532836914,432.3999938964844
2023-02-24,35.0,193.83607482910156,491.82275390625,630.5136108398438,28.758668899536133,211.33572387695312,10.168722152709961,194.81204223632812,1044.9967041015625,168.0,389.5284118652344,270.246337890625,495.3338317871094,5492.1845703125,485.0,194.20751953125,407.04888916015625,370.0495910644531,805.6648559570312,163.67507934570312,214.8411102294922,73.7463607788086,435.1000061035156
2023-02-27,34.761905670166016,193.3490447998047,505.61480712890625,643.5142822265625,28.294816970825195,210.5958251953125,10.125814437866211,206.72305297851562,1034.996826171875,168.0,395.849365234375,270.246337890625,490.9760437011719,5458.19482421875,493.25,203.68106079101562,409.5400085449219,368.498046875,805.6648559570312,164.4090576171875,217.70565795898438,73.12962341308594,446.5
2023-02-28,34.28571319580078,193.83607482910156,505.5744323730469,640.8975830078125,27.830965042114258,209.9484100341797,10.297438621520996,204.26119995117188,1011.9968872070312,166.0500030517578,387.47418212890625,270.246337890625,483.2288818359375,5426.2060546875,488.0,202.87579345703125,409.5400085449219,359.5765075683594,800.4376220703125,161.10618591308594,215.94285583496094,72.24851989746094,435.8500061035156
2023-03-01,34.47618865966797,187.5047607421875,506.78778076171875,629.6829833984375,27.64542579650879,216.42259216308594,10.683592796325684,210.4882354736328,994.9968872070312,171.0500030517578,387.23712158203125,270.246337890625,490.0076599121094,5426.2060546875,494.0,199.65480041503906,403.5613098144531,352.9823303222656,802.7875366210938,166.2439727783203,215.06146240234375,72.6890869140625,443.79998779296875
2023-03-02,35.71428680419922,187.26124572753906,495.05859375,609.0811767578125,27.830965042114258,209.39346313476562,10.790858268737793,201.58212280273438,974.9969482421875,170.0,371.355712890625,270.246337890625,486.1340637207031,5397.21533203125,483.1000061035156,193.7338409423828,385.625244140625,333.58770751953125,772.0955200195312,177.62049865722656,215.94285583496094,71.54365539550781,434.5
2023-03-03,37.33333206176758,191.6444549560547,496.27178955078125,611.4071655273438,27.738195419311523,205.97140502929688,11.005387306213379,202.99407958984375,969.9970092773438,165.3000030517578,376.096435546875,270.246337890625,484.342529296875,5360.22802734375,485.0,201.3126678466797,383.03448486328125,331.6482238769531,768.83447265625,179.08843994140625,224.75686645507812,71.98419952392578,443.0050048828125
2023-03-06,35.9523811340332,196.27120971679688,508.40570068359375,631.1782836914062,27.459888458251953,211.33572387695312,11.241371154785156,211.7915802001953,978.9969482421875,165.0,386.1705017089844,270.246337890625,488.07086181640625,5328.23876953125,503.6499938964844,204.62841796875,382.63592529296875,332.8119201660156,802.7875366210938,177.62049865722656,215.28179931640625,72.42473602294922,474.0
2023-03-07,35.523807525634766,187.9917755126953,497.2829284667969,619.7142944335938,27.088809967041016,214.8040313720703,11.28427791595459,209.61936950683594,974.9969482421875,164.39999389648438,376.2544860839844,270.246337890625,477.9027099609375,5264.25927734375,494.5,201.78634643554688,379.6465759277344,328.54510498046875,772.3832397460938,174.31764221191406,217.70565795898438,70.75068664550781,445.79998779296875
2023-03-08,35.61904525756836,183.85206604003906,524.1796264648438,650.4507446289062,26.90326690673828,214.57281494140625,11.670430183410645,210.05380249023438,1004.9968872070312,162.5,390.9506530761719,270.246337890625,487.586669921875,5328.23876953125,496.1000061035156,206.99679565429688,386.17327880859375,320.3993225097656,778.329833984375,168.26239013671875,211.53585815429688,69.78150939941406,454.5
2023-03-09,35.61904525756836,192.8620147705078,509.6190185546875,649.6200561523438,27.181577682495117,210.41085815429688,11.09119987487793,202.7406463623047,980.9969482421875,163.1999969482422,385.577880859375,270.246337890625,496.7864074707031,5248.26513671875,497.0,201.3126678466797,378.6501159667969,307.21099853515625,765.3816528320312,166.79444885253906,209.77305603027344,69.60528564453125,453.489990234375
2023-03-10,34.0476188659668,188.9658203125,484.7852783203125,622.2063598632812,25.836414337158203,196.76882934570312,10.59778118133545,195.49990844726562,989.9969482421875,154.0,367.1680908203125,270.246337890625,489.1361083984375,5119.306640625,473.6499938964844,194.20751953125,378.1518859863281,287.04058837890625,749.1724243164062,155.60142517089844,197.4334716796875,67.75502014160156,421.0
2023-03-13,32.28571319580078,178.00775146484375,464.0364074707031,610.1195068359375,24.723176956176758,184.97657775878906,9.9756441116333,188.76602172851562,962.9970092773438,149.8000030517578,351.6421813964844,266.1392517089844,494.5591125488281,4881.38623046875,456.6000061035156,188.66549682617188,361.0129699707031,264.1549072265625,709.8482666015625,142.38998413085938,186.63633728027344,67.93124389648438,392.3299865722656
2023-03-14,29.857141494750977,174.8420867919922,453.843994140625,596.4127807617188,24.12017250061035,178.7798614501953,9.782567977905273,191.0830841064453,946.4970703125,148.5,341.2127380371094,266.1392517089844,494.2685852050781,4977.3544921875,455.95001220703125,179.19195556640625,352.09478759765625,247.47552490234375,685.726318359375,138.3531494140625,178.0426788330078,66.52149963378906,387.4200134277344
2023-03-15,28.66666603088379,159.50079345703125,415.6225891113281,556.2059936523438,22.334354400634766,178.17868041992188,9.28914737701416,185.32666015625,896.9971923828125,137.85000610351562,322.60540771484375,266.1392517089844,473.9807434082031,4783.91845703125,434.5,165.7869110107422,331.0697326660156,233.12350463867188,638.4414672851562,130.646484375,177.16128540039062,62.02799606323242,368.625
2023-03-16,30.14285659790039,174.35507202148438,443.9347839355469,601.7708129882812,23.98101806640625,193.30052185058594,9.696754455566406,191.84335327148438,958.9970092773438,144.5500030517578,343.93853759765625,266.1392517089844,496.3022155761719,5043.83203125,459.75,177.06040954589844,351.197998046875,251.35443115234375,681.7459106445312,136.88522338867188,193.02647399902344,65.64043426513672,384.2950134277344
2023-03-17,30.4761905670166,186.77420043945312,421.48724365234375,575.9356689453125,24.12017250061035,193.62423706054688,9.546584129333496,189.7797393798828,949.4970703125,142.0,333.39044189453125,266.1392517089844,507.97137451171875,4983.3525390625,461.6499938964844,166.30795288085938,343.12677001953125,275.79168701171875,678.9645385742188,139.08712768554688,200.95907592773438,66.0809555053711,368.2449951171875
2023-03-20,30.571428298950195,195.54066467285156,412.54876708984375,565.0947265625,23.28524398803711,186.78009033203125,9.718208312988281,191.5175018310547,919.4971313476562,137.0,327.1090087890625,266.1392517089844,507.4387512207031,5013.34228515625,455.75,164.7921905517578,338.7922058105469,281.2221984863281,664.6735229492188,137.252197265625,208.6713104248047,66.16907501220703,369.04998779296875
2023-03-21,30.238094329833984,199.43685913085938,436.77587890625,595.6649169921875,23.656322479248047,196.02891540527344,9.653848648071289,188.47640991210938,901.9971923828125,152.9499969482422,348.2052001953125,266.1392517089844,511.4091491699219,5117.80810546875,471.04998779296875,177.01304626464844,350.2513732910156,285.4889831542969,694.4063720703125,141.8395233154297,204.70501708984375,67.75502014160156,394.6700134277344
2023-03-22,29.5238094329834,201.38494873046875,433.3379211425781,573.7342529296875,23.84186553955078,193.11553955078125,9.13897705078125,177.28945922851562,874.997314453125,155.0,337.0250244140625,266.1392517089844,509.37554931640625,5184.78564453125,452.20001220703125,166.97109985351562,347.112548828125,287.81640625,695.125732421875,140.55506896972656,206.4678192138672,65.7285385131836,388.79998779296875
2023-03-23,28.95237922668457,201.87200927734375,407.4525451660156,551.1386108398438,24.21294403076172,184.83782958984375,9.0531644821167,168.0213165283203,876.4972534179688,151.8000030517578,326.9510192871094,266.1392517089844,508.2134704589844,5235.26953125,438.1000061035156,164.36587524414062,333.16229248046875,283.549560546875,679.1563110351562,135.7842559814453,203.82362365722656,63.26152038574219,375.70001220703125
2023-03-27,30.14285659790039,203.5765838623047,436.0073547363281,589.5592651367188,25.511720657348633,201.1157684326172,9.482224464416504,177.9773406982422,909.9971923828125,155.10000610351562,346.5459899902344,266.1392517089844,541.0904541015625,5288.251953125,482.6000061035156,172.3710174560547,355.7816467285156,304.4957275390625,735.74462890625,145.8763427734375,217.0446014404297,63.87828063964844,404.8800048828125
2023-03-28,31.0,211.12548828125,442.236083984375,596.1218872070312,26.99603843688965,208.0061492919922,9.696754455566406,180.1857452392578,965.9970092773438,158.85000610351562,354.60516357421875,266.1392517089844,547.1913452148438,5379.22119140625,509.3999938964844,174.92886352539062,387.16973876953125,326.60565185546875,754.9271850585938,151.74807739257812,228.28244018554688,64.14258575439453,425.6449890136719
2023-03-29,32.47618865966797,220.37896728515625,453.8843994140625,613.3591918945312,27.830965042114258,207.63619995117188,9.911285400390625,183.55271911621094,956.4970092773438,158.35000610351562,363.6125793457031,266.1392517089844,545.593505859375,5342.7333984375,517.7999877929688,176.06568908691406,399.0274963378906,335.9150695800781,781.3031005859375,155.2344512939453,238.8592529296875,67.31448364257812,444.2900085449219
2023-03-30,32.80952453613281,222.0835418701172,456.998779296875,623.2864379882812,27.69181251525879,205.04652404785156,9.99709701538086,183.3354949951172,963.9970092773438,169.0,362.5458984375,266.1392517089844,561.4751586914062,5346.23193359375,524.2000122070312,179.3340606689453,402.61468505859375,320.0114440917969,797.3204956054688,151.01412963867188,239.7406463623047,70.31015014648438,459.29998779296875
2023-03-31,31.857141494750977,212.58656311035156,434.95574951171875,598.7387084960938,27.69181251525879,202.4568634033203,9.932737350463867,187.02825927734375,941.9970703125,166.14999389648438,349.9040222167969,266.1392517089844,543.6082763671875,5277.7548828125,532.9500122070312,174.31309509277344,404.9563293457031,301.0047302246094,791.0382080078125,146.6103057861328,228.72315979003906,69.60528564453125,444.43499755859375
2023-04-03,32.380950927734375,219.89193725585938,448.1411437988281,621.5003051757812,28.43397331237793,206.34136962890625,10.125814437866211,194.3776092529297,955.9970092773438,171.4499969482422,364.28411865234375,266.1392517089844,550.629150390625,5204.77978515625,561.2000122070312,180.99192810058594,411.2339782714844,320.0114440917969,826.7177124023438,149.72967529296875,233.5708465576172,70.31015014648438,472.44000244140625
2023-04-04,32.761905670166016,226.46676635742188,445.3504333496094,612.404052734375,29.639982223510742,202.96554565429688,10.08290958404541,195.24649047851562,962.9970092773438,169.35000610351562,356.7384948730469,297.2392883300781,539.1052856445312,5183.2861328125,544.9500122070312,177.06040954589844,399.4260559082031,310.3141174316406,802.0681762695312,147.7112579345703,230.92665100097656,70.31015014648438,463.5799865722656
2023-04-05,32.80952453613281,236.6942901611328,444.2584533691406,610.078125,29.361669540405273,208.19113159179688,9.696754455566406,188.15057373046875,968.4970092773438,164.9499969482422,357.0151062011719,297.2392883300781,527.0487670898438,5177.7880859375,551.0499877929688,177.10777282714844,414.9208068847656,317.29620361328125,796.3613891601562,146.6103057861328,234.45223999023438,70.31015014648438,467.6050109863281
2023-04-10,33.61904525756836,234.01565551757812,456.0685729980469,603.390625,28.805051803588867,219.33596801757812,9.73966121673584,189.4539031982422,970.9970092773438,170.9499969482422,353.85467529296875,297.2392883300781,526.7098388671875,5151.79638671875,560.3499755859375,181.22877502441406,430.913818359375,334.3634948730469,810.0768432617188,154.3169708251953,235.77435302734375,69.78150939941406,494.32501220703125
2023-04-11,32.71428680419922,234.25917053222656,485.7154846191406,622.2063598632812,28.5731258392334,224.60780334472656,10.040003776550293,189.52630615234375,981.4969482421875,175.9499969482422,366.57550048828125,297.2392883300781,527.2908325195312,5098.81396484375,553.7999877929688,184.2129364013672,435.2981872558594,344.4486999511719,830.8898315429688,166.2439727783203,236.65576171875,69.42906951904297,496.4949951171875
2023-04-12,33.19047546386719,232.55459594726562,501.4892883300781,647.3771362304688,28.5731258392334,227.1974639892578,10.619233131408691,198.5048065185547,1002.4968872070312,177.9499969482422,389.6074523925781,297.2392883300781,545.15771484375,5114.80908203125,581.0499877929688,189.8970489501953,442.7216796875,348.3276062011719,859.5676879882812,166.06048583984375,239.7406463623047,69.5171890258789,499.95001220703125
2023-04-13,33.523807525634766,235.4767303466797,511.0751037597656,670.6372680664062,28.52674102783203,230.2958221435547,10.769405364990234,203.10269165039062,1032.496826171875,186.25,395.0987548828125,297.2392883300781,550.1449584960938,5176.2880859375,596.75,190.51283264160156,440.38006591796875,345.61236572265625,871.4608154296875,172.4827117919922,245.029052734375,69.5171890258789,496.2699890136719
2023-04-14,34.14285659790039,237.1813201904297,537.4862670898438,693.7725830078125,30.032575607299805,236.8625030517578,11.048293113708496,206.32481384277344,1061.4967041015625,194.6999969482422,404.26416015625,297.2392883300781,551.3070068359375,5243.7666015625,604.25,199.89163208007812,458.1168212890625,358.0249328613281,879.8052368164062,176.15255737304688,247.23252868652344,69.95772552490234,502.2149963378906
2023-04-17,35.71428680419922,243.8939971923828,551.2378540039062,714.0005493164062,30.460254669189453,245.27894592285156,11.155558586120605,206.94027709960938,1088.49658203125,197.39999389648438,418.17022705078125,297.2392883300781,547.1429443359375,5486.685546875,617.75,206.09681701660156,462.1524353027344,374.31640625,896.4461059570312,186.42811584472656,249.87673950195312,73.9225845336914,504.6400146484375
2023-04-18,37.19047546386719,248.12049865722656,557.2238159179688,708.7672119140625,31.268095016479492,241.48692321777344,11.370088577270508,205.7817840576172,1071.4967041015625,195.39999389648438,414.8517150878906,297.2392883300781,563.3151245117188,5453.697265625,625.7999877929688,201.5968780517578,462.2520751953125,378.19537353515625,909.0105590820312,189.73098754882812,255.16513061523438,76.56581115722656,519.469970703125
2023-04-19,35.0476188659668,250.60667419433594,523.4515991210938,659.2147827148438,30.412736892700195,234.18032836914062,11.069746971130371,199.2650909423828,1021.496826171875,186.8000030517578,396.718505859375,297.2392883300781,545.7871704101562,5304.24658203125,608.9500122070312,191.64967346191406,435.3479919433594,359.9643859863281,856.4984741210938,182.20779418945312,255.6058349609375,71.80799865722656,505.42498779296875
2023-04-20,35.19047546386719,253.59010314941406,539.4681396484375,673.3370971679688,31.933372497558594,242.13433837890625,11.241371154785156,202.01657104492188,1041.496826171875,188.0,409.08380126953125,297.2392883300781,559.489990234375,5442.7001953125,614.9000244140625,196.57591247558594,442.6220703125,383.2379455566406,857.6015014648438,178.72145080566406,267.50469970703125,73.9225845336914,507.82000732421875
2023-04-21,35.19047546386719,275.9656982421875,543.5935668945312,682.3087158203125,33.834163665771484,252.77047729492188,11.58461856842041,208.89529418945312,1052.9967041015625,194.89999389648438,418.80224609375,297.2392883300781,576.1947631835938,5540.16748046875,622.2999877929688,203.16000366210938,453.8819274902344,396.0384216308594,900.2825927734375,177.43701171875,280.7257385253906,75.15608978271484,518.5650024414062
2023-04-24,35.666664123535156,296.35235595703125,553.7052612304688,694.8526000976562,32.97880935668945,266.1350402832031,12.056585311889648,217.982421875,1068.4967041015625,208.85000610351562,426.54534912109375,297.2392883300781,576.969482421875,5657.1298828125,648.0499877929688,202.26002502441406,459.4620361328125,417.3725280761719,952.123291015625,179.82240295410156,286.8955078125,75.50853729248047,537.6799926757812
2023-04-25,36.238094329833984,310.7721862792969,553.0578002929688,699.0891723632812,33.454010009765625,267.5223388671875,12.142395973205566,215.0499267578125,1046.4967041015625,204.3000030517578,427.41455078125,297.2392883300781,570.0938720703125,5607.14599609375,647.0,199.9863739013672,466.23785400390625,416.2088317871094,968.476318359375,179.82240295410156,302.76068115234375,76.83013916015625,540.1799926757812
2023-04-26,35.80952453613281,320.21966552734375,553.7052612304688,700.875244140625,33.69160842895508,262.8517150878906,12.52855110168457,215.81021118164062,1056.4967041015625,202.0,424.8862609863281,297.2392883300781,561.0878295898438,5566.6591796875,649.75,197.94955444335938,483.5262451171875,419.3119812011719,993.0299072265625,180.92335510253906,320.8293762207031,75.9490737915039,522.780029296875
2023-04-27,35.095237731933594,308.2860107421875,527.7792358398438,671.0941772460938,34.0717658996582,251.15191650390625,12.271114349365234,207.1212921142578,1016.996826171875,198.85000610351562,417.2616271972656,297.2392883300781,551.1618041992188,5533.17041015625,627.9500122070312,191.83912658691406,466.18804931640625,419.3119812011719,966.0305786132812,179.82240295410156,312.015380859375,75.4204330444336,511.364990234375
2023-04-28,35.666664123535156,313.7555847167969,525.9995727539062,670.3049926757812,33.549049377441406,255.45263671875,12.421286582946777,201.98037719726562,1028.996826171875,201.8000030517578,412.9554443359375,297.2392883300781,540.7030639648438,5622.640625,625.7000122070312,192.26544189453125,468.62933349609375,444.91290283203125,995.4757080078125,181.8408203125,319.06658935546875,75.59663391113281,510.17498779296875
2023-05-02,34.85714340209961,312.2638854980469,513.7039794921875,659.5054931640625,32.93129348754883,245.7413787841797,12.206755638122559,201.83555603027344,1034.496826171875,201.39999389648438,411.5331726074219,297.2392883300781,531.3580932617188,5646.63330078125,624.7999877929688,185.11289978027344,455.87481689453125,435.60345458984375,984.3499145507812,183.49224853515625,326.9420471191406,74.62745666503906,500.6499938964844
2023-05-03,34.14285659790039,291.8772277832031,487.73779296875,641.1466674804688,31.60073471069336,241.3019256591797,12.12094497680664,193.5811309814453,1081.9967041015625,205.25,399.8789367675781,297.2392883300781,530.5834350585938,5663.62744140625,595.5999755859375,178.19725036621094,459.2627258300781,411.5541076660156,942.1962890625,182.75827026367188,333.1924133300781,72.95340728759766,479.5400085449219
2023-05-04,33.80952453613281,269.9988708496094,477.343017578125,631.344482421875,30.840417861938477,238.57354736328125,12.134441375732422,205.6194610595703,1087.99658203125,202.1999969482422,390.2395324707031,297.2392883300781,523.9014892578125,5596.6494140625,588.3499755859375,174.26571655273438,449.7964782714844,404.18414306640625,931.5020751953125,179.08843994140625,310.5949401855469,72.33663177490234,476.875
2023-05-05,35.14285659790039,271.98779296875,506.1811828613281,674.0847778320312,31.88585090637207,253.18667602539062,12.396334648132324,222.1290283203125,1013.9968872070312,204.0,422.6044616699219,297.2392883300781,555.5679931640625,5675.62353515625,623.4500122070312,183.64453125,462.9495849609375,424.7424621582031,1031.2989501953125,183.85923767089844,311.5565490722656,74.45123291015625,520.2550048828125
2023-05-08,35.42856979370117,281.9325256347656,523.249267578125,684.6763305664062,32.12344741821289,256.23876953125,12.374510765075684,225.32827758789062,1037.996826171875,209.39999389648438,432.9361267089844,297.2392883300781,547.046142578125,5727.94677734375,621.9500122070312,194.30226135253906,468.52972412109375,449.9554748535156,1057.1954345703125,189.364013671875,333.1924133300781,75.68472290039062,531.2550048828125
2023-05-09,36.19047546386719,300.82745361328125,526.0401000976562,693.4403686523438,31.933372497558594,261.37188720703125,12.570931434631348,216.24404907226562,1046.4967041015625,210.75,434.5543212890625,301.9928894042969,544.2861328125,5837.42724609375,626.3499755859375,192.73912048339844,468.1809387207031,464.3075256347656,1066.259033203125,194.13479614257812,340.8851623535156,75.86095428466797,534.0499877929688
2023-05-10,36.14285659790039,303.3136291503906,535.1808471679688,688.5391235351562,31.980894088745117,264.5165100097656,12.98559856414795,215.2171173095703,1031.496826171875,208.1999969482422,440.7783203125,301.9928894042969,535.8126831054688,6494.306640625,635.3499755859375,197.4285125732422,483.9746398925781,467.79852294921875,1056.811767578125,198.171630859375,348.0971374511719,75.86095428466797,528.0700073242188
2023-05-11,36.9523811340332,298.34130859375,554.4331665039062,702.702880859375,31.88585090637207,263.3603820800781,12.85465145111084,210.9119873046875,1051.4967041015625,210.0,458.45416259765625,301.9928894042969,535.4254150390625,6857.2392578125,658.9500122070312,201.3600311279297,475.75396728515625,467.02276611328125,1105.9189453125,203.6763916015625,333.6732177734375,79.03282928466797,537.5
2023-05-12,37.71428680419922,304.30810546875,572.6337280273438,717.3648681640625,32.83625030517578,271.08319091796875,12.701878547668457,216.4415283203125,1047.9967041015625,213.75,460.40447998046875,301.9928894042969,574.887451171875,6815.24755859375,700.9500122070312,207.470458984375,478.6934509277344,486.0295104980469,1180.8265380859375,209.18116760253906,348.0971374511719,79.91393280029297,531.1199951171875
2023-05-15,40.0476188659668,304.8053283691406,587.3157348632812,714.665283203125,32.361053466796875,273.0716552734375,12.723703384399414,222.5635223388672,1023.996826171875,210.75,450.65362548828125,301.9928894042969,579.0031127929688,6870.73779296875,695.8499755859375,206.14418029785156,477.4479064941406,496.8905029296875,1148.1204833984375,208.81417846679688,349.5395202636719,81.23551940917969,528.39501953125
2023-05-16,41.33333206176758,317.73345947265625,559.0035400390625,688.1237182617188,31.69577407836914,272.47052001953125,12.920125007629395,227.06610107421875,1036.496826171875,202.75,435.6746826171875,301.9928894042969,592.0764770507812,6825.74560546875,682.2000122070312,196.0548553466797,465.0919494628906,517.4487915039062,1119.15478515625,208.81417846679688,362.0402526855469,80.88311004638672,521.2849731445312
2023-05-17,42.666664123535156,332.6505126953125,580.0355224609375,716.2434692382812,31.60073471069336,284.0777587890625,13.618510246276855,235.0049285888672,1080.9967041015625,211.0,453.5165710449219,301.9928894042969,595.0300903320312,6809.748046875,692.1500244140625,203.30210876464844,477.04931640625,531.80078125,1162.411376953125,219.08975219726562,368.7713928222656,82.29283142089844,535.885009765625
2023-05-18,41.761905670166016,340.10906982421875,575.181884765625,714.6236572265625,32.59865188598633,280.60943603515625,13.83675479888916,237.4537353515625,1150.9964599609375,213.5500030517578,456.1307067871094,301.9928894042969,592.8511962890625,6873.736328125,700.1500244140625,205.85997009277344,475.85357666015625,535.6797485351562,1173.72900390625,216.15386962890625,380.7913513183594,82.2047348022461,538.9450073242188
2023-05-19,42.904762268066406,353.0372009277344,576.4762573242188,726.5028076171875,35.44984436035156,285.6963195800781,13.771281242370605,249.06578063964844,1224.9962158203125,215.14999389648438,456.5041198730469,301.9928894042969,594.5458374023438,7410.6376953125,717.2000122070312,207.99151611328125,478.0955810546875,572.529541015625,1190.8974609375,223.49356079101562,400.0232238769531,86.16959381103516,533.4299926757812
2023-05-22,42.904762268066406,367.45703125,571.0564575195312,710.677734375,36.16264343261719,299.7082824707031,13.334790229797363,253.6868438720703,1208.4962158203125,211.6999969482422,444.55419921875,264.7098083496094,603.5035400390625,7734.07861328125,709.5,203.06527709960938,465.390869140625,594.6394653320312,1163.6102294921875,226.7964324951172,401.9464111328125,87.66741943359375,530.635009765625
2023-05-23,44.28571319580078,360.4957275390625,583.3924560546875,723.055419921875,36.020084381103516,302.575439453125,13.531210899353027,260.4407653808594,1198.996337890625,217.5500030517578,452.4378662109375,264.7098083496094,601.373046875,7843.05859375,718.6500244140625,204.62841796875,473.41229248046875,554.2986450195312,1182.6009521484375,214.68594360351562,386.0801086425781,89.64984893798828,550.8350219726562
2023-05-24,45.761905670166016,361.49017333984375,591.2389526367188,728.0812377929688,35.78248596191406,302.11297607421875,13.400263786315918,257.123046875,1170.496337890625,220.6999969482422,460.40447998046875,264.7098083496094,605.4887084960938,7640.09619140625,724.5499877929688,202.11793518066406,471.0208435058594,551.9712524414062,1209.360595703125,210.6490936279297,380.310546875,89.19408416748047,557.135009765625
2023-05-29,46.33333206176758,364.4736022949219,590.34912109375,723.9691162109375,36.970481872558594,307.5235595703125,13.443913459777832,268.85357666015625,1246.49609375,222.75,471.0682067871094,264.7098083496094,609.07177734375,7694.5859375,740.1500244140625,201.12319946289062,478.19525146484375,572.91748046875,1202.9822998046875,217.98878479003906,383.6761169433594,91.63471221923828,562.7249755859375
2023-05-30,44.61904525756836,365.46807861328125,597.063232421875,725.2567138671875,36.637840270996094,307.2923278808594,13.182019233703613,255.58270263671875,1239.4962158203125,225.39999389648438,473.1426696777344,264.7098083496094,583.1188354492188,7576.607421875,730.75,201.97581481933594,488.8074035644531,555.8501586914062,1179.196044921875,216.52085876464844,381.7529296875,91.63471221923828,551.4500122070312
2023-05-31,43.61904525756836,371.9321594238281,585.6978149414062,713.585205078125,36.49528503417969,300.4482116699219,13.225666999816895,246.26144409179688,1319.995849609375,232.0500030517578,483.432861328125,264.7098083496094,588.5418090820312,7545.61328125,726.0999755859375,203.39683532714844,474.1596374511719,548.8681030273438,1152.0528564453125,219.08975219726562,384.15692138671875,91.85658264160156,539.0
2023-06-01,43.904762268066406,382.37408447265625,611.7046508789062,756.6578369140625,36.780399322509766,318.80712890625,13.640334129333496,255.6616668701172,1318.9959716796875,245.14999389648438,495.6733093261719,264.7098083496094,616.0442504882812,7575.10791015625,761.9500122070312,211.59146118164062,504.8502197265625,569.4264526367188,1222.1649169921875,228.9983367919922,381.7529296875,94.07532501220703,560.9299926757812
2023-06-02,44.19047546386719,369.9432067871094,609.2374877929688,759.0254516601562,36.637840270996094,322.0442199707031,13.443913459777832,262.7710876464844,1314.4959716796875,263.6000061035156,484.8851318359375,264.7098083496094,608.9749145507812,7563.6103515625,767.5999755859375,208.46517944335938,511.17767333984375,559.3412475585938,1220.582275390625,224.59451293945312,382.71453857421875,92.522216796875,569.0900268554688
2023-06-05,43.9523811340332,367.9542541503906,629.541259765625,768.7864379882812,36.970481872558594,328.84210205078125,13.640334129333496,268.02410888671875,1364.9957275390625,290.70001220703125,504.2207946777344,264.7098083496094,617.9325561523438,7578.607421875,779.5499877929688,216.84925842285156,543.11376953125,565.9353637695312,1225.4259033203125,230.83323669433594,391.3688659667969,92.96597290039062,581.2750244140625
2023-06-06,44.9523811340332,367.9542541503906,705.458251953125,864.235595703125,38.01591873168945,329.3970031738281,14.076825141906738,282.5193786621094,1405.99560546875,292.8999938964844,565.879150390625,264.7098083496094,635.8963012695312,7695.0859375,811.4000244140625,248.30142211914062,590.0963134765625,568.2628173828125,1231.6121826171875,236.33802795410156,411.5623474121094,97.62535858154297,613.9149780273438
2023-06-07,44.33333206176758,358.50677490234375,731.5054321289062,901.5347900390625,37.54071807861328,330.3681640625,13.98952579498291,278.0167541503906,1367.4957275390625,289.1000061035156,588.7003173828125,264.7098083496094,637.1552124023438,7648.5947265625,795.5,249.8645477294922,585.9112548828125,554.6865234375,1231.1326904296875,228.9983367919922,397.138427734375,96.73785400390625,617.77001953125
2023-06-08,43.47618865966797,360.9929504394531,714.8822631835938,890.4030151367188,36.87543869018555,330.7843017578125,14.054999351501465,278.17474365234375,1464.4954833984375,293.3999938964844,602.3450317382812,264.7098083496094,639.1888427734375,7658.59228515625,789.5,246.69090270996094,579.8329467773438,541.4981689453125,1242.5462646484375,230.46627807617188,393.29205322265625,94.96285247802734,627.6099853515625
2023-06-09,44.9523811340332,365.46807861328125,728.9168701171875,892.5213623046875,36.780399322509766,329.3507995605469,14.011351585388184,277.2663269042969,1419.49560546875,288.8500061035156,607.8881225585938,264.7098083496094,634.2984619140625,7692.0859375,779.0,245.9803924560547,570.46630859375,536.8434448242188,1223.939208984375,229.36529541015625,401.9464111328125,95.4066162109375,626.2449951171875
2023-06-12,46.238094329833984,362.98187255859375,729.8472900390625,916.9860229492188,36.40024185180664,323.8014831542969,13.98952579498291,279.7941589355469,1396.9957275390625,284.6499938964844,605.8304443359375,264.7098083496094,620.2567138671875,7638.59619140625,777.75,244.98568725585938,591.0927734375,534.9039306640625,1221.685302734375,228.9983367919922,408.6775817871094,95.85034942626953,619.9550170898438
2023-06-13,54.404762268066406,359.99847412109375,738.6239013671875,940.4124755859375,36.16264343261719,313.9977111816406,14.076825141906738,279.8336181640625,1351.995849609375,278.20001220703125,630.8582763671875,264.7098083496094,613.3811645507812,7603.1025390625,770.5499877929688,255.02764892578125,565.5836791992188,522.4913940429688,1182.121337890625,222.7595977783203,406.75439453125,96.95523834228516,618.5999755859375
2023-06-14,53.21428680419922,348.0648193359375,745.9852294921875,927.7022094726562,35.592411041259766,311.1768493652344,14.142298698425293,278.80670166015625,1347.995849609375,271.1000061035156,638.458984375,264.7098083496094,611.3474731445312,7394.64111328125,768.75,253.84344482421875,574.2030029296875,506.9757385253906,1167.302978515625,215.78688049316406,390.8880615234375,94.72126007080078,623.72998046875
2023-06-15,60.595237731933594,347.0703430175781,770.89990234375,977.919189453125,35.83000183105469,322.22918701171875,14.491490364074707,286.7060241699219,1347.995849609375,287.3999938964844,670.7094116210938,264.8497009277344,625.9702758789062,7496.12255859375,781.0,271.1326599121094,609.3277587890625,504.260498046875,1211.27880859375,222.02561950683594,390.8880615234375,96.28504943847656,677.02001953125
2023-06-16,61.904762268066406,348.0648193359375,806.8563232421875,1036.9000244140625,36.30520248413086,340.033203125,14.687911033630371,297.6070861816406,1377.9957275390625,301.5,720.1771240234375,264.8497009277344,639.9635620117188,7648.0947265625,831.0999755859375,288.9429016113281,616.7512817382812,518.224609375,1300.1417236328125,222.02561950683594,382.71453857421875,98.96585083007812,737.385009765625
2023-06-21,64.4047622680664,363.4791259765625,853.9759521484375,1127.406494140625,35.78248596191406,339.3857727050781,14.862508773803711,336.3138122558594,1485.495361328125,353.6000061035156,760.8681030273438,264.8497009277344,688.1896362304688,8287.4775390625,891.2000122070312,314.7582702636719,685.0079956054688,559.3412475585938,1357.7371826171875,237.43898010253906,381.7529296875,100.30623626708984,780.760009765625
2023-06-22,62.85714340209961,373.4238586425781,810.13232421875,1071.0426025390625,35.06968688964844,322.1829528808594,14.906156539916992,334.4969482421875,1425.99560546875,356.3500061035156,708.125,264.8497009277344,667.8048706054688,8224.98828125,861.5,288.13763427734375,658.7017211914062,539.1707763671875,1285.3712158203125,234.13612365722656,380.310546875,96.73184967041016,754.4650268554688
2023-06-23,63.21428680419922,367.45703125,817.4935913085938,1093.803955078125,35.35480880737305,328.7033386230469,14.92798137664795,339.0390625,1433.99560546875,366.79998779296875,727.2317504882812,264.8497009277344,673.760498046875,8789.384765625,872.0999755859375,294.1533508300781,657.2568969726562,558.1775512695312,1314.62451171875,251.01739501953125,378.3873596191406,96.50845336914062,764.4099731445312
2023-06-26,64.52381134033203,377.4017028808594,870.6798095703125,1172.5560302734375,35.16472625732422,335.1313171386719,15.386297225952148,340.1844482421875,1460.9954833984375,428.45001220703125,756.4586791992188,264.8497009277344,676.9562377929688,9304.2900390625,868.0999755859375,307.0846862792969,643.9542846679688,555.8501586914062,1364.4510498046875,257.2561340332031,386.0801086425781,97.17864227294922,788.9199829101562
2023-06-27,61.78571319580078,354.5289001464844,830.7192993164062,1120.96875,34.21432876586914,320.4718933105469,14.687911033630371,324.622802734375,1374.9957275390625,384.20001220703125,718.0352172851562,264.8497009277344,702.715576171875,9144.8203125,853.75,294.9585876464844,627.2139892578125,523.2672119140625,1289.927001953125,239.2738800048828,368.7713928222656,94.0510482788086,765.5850219726562
2023-06-28,60.47618865966797,345.5786437988281,808.6763916015625,1109.5462646484375,33.786643981933594,311.5467529296875,14.535140037536621,309.89056396484375,1373.9957275390625,384.20001220703125,717.9092407226562,264.8497009277344,701.3598022460938,9095.328125,840.5999755859375,293.5375671386719,627.463134765625,520.552001953125,1246.6705322265625,235.60403442382812,363.96343994140625,92.93405151367188,743.0
2023-06-29,60.9523811340332,348.5620422363281,792.0126953125,1107.9678955078125,34.9271240234375,321.2580871582031,14.64426326751709,312.3788146972656,1399.99560546875,378.1499938964844,725.1741333007812,264.8497009277344,719.4203491210938,9076.3310546875,861.3499755859375,303.1058349609375,632.5947875976562,525.5945434570312,1295.0103759765625,249.91644287109375,365.40582275390625,93.38086700439453,767.7999877929688
2023-06-30,64.04762268066406,361.49017333984375,825.6234130859375,1189.710205078125,37.018001556396484,327.50103759765625,14.7752103805542,316.9999084472656,1404.49560546875,391.1499938964844,743.9449462890625,264.8497009277344,703.75,9186.3115234375,889.7999877929688,308.6478576660156,624.9221801757812,541.8860473632812,1356.7779541015625,253.9532928466797,375.0217590332031,95.16806030273438,764.7249755859375
2023-07-03,63.4523811340332,372.42938232421875,861.3369140625,1252.80322265625,37.82583999633789,324.0789489746094,15.189876556396484,317.5923767089844,1402.49560546875,393.45001220703125,771.8700561523438,264.8497009277344,732.5999755859375,9168.814453125,885.25,320.20556640625,633.74072265625,540.722412109375,1366.08154296875,270.4675598144531,399.0616149902344,97.40203857421875,770.280029296875
2023-07-04,62.85714340209961,372.9266357421875,873.5921020507812,1250.2694091796875,37.63575744628906,331.3392639160156,15.82278823852539,332.3641052246094,1393.9957275390625,404.3500061035156,778.7149658203125,264.8497009277344,729.2999877929688,9187.8115234375,897.8499755859375,324.98968505859375,619.391845703125,552.3591918945312,1398.8836669921875,275.2383728027344,398.10003662109375,98.29563903808594,786.9099731445312
2023-07-05,61.42856979370117,371.9321594238281,857.3326416015625,1204.6632080078125,36.68535614013672,328.4259033203125,16.324750900268555,328.532958984375,1406.49560546875,405.8999938964844,772.8359375,264.8497009277344,715.0499877929688,9189.3115234375,893.8499755859375,315.8951110839844,632.893798828125,543.4376220703125,1365.8896484375,278.5412292480469,396.65765380859375,98.742431640625,772.9949951171875
2023-07-06,59.28571319580078,367.45703125,800.6276245117188,1136.959716796875,34.879608154296875,315.80126953125,16.171977996826172,311.5098876953125,1380.9957275390625,396.8999938964844,722.9497680664062,264.8497009277344,709.3499755859375,9062.3349609375,842.2999877929688,288.27972412109375,622.5805053710938,522.8793334960938,1298.94287109375,268.6326599121094,395.2152404785156,95.8382339477539,727.8200073242188
2023-07-07,59.64285659790039,370.4404296875,824.9356689453125,1123.83447265625,34.78456497192383,318.3446960449219,16.73941993713379,326.9136047363281,1398.49560546875,391.3999938964844,728.5864868164062,264.8497009277344,702.7999877929688,9192.3115234375,863.5499877929688,293.6322937011719,655.66259765625,518.224609375,1366.3692626953125,275.6053466796875,397.138427734375,97.40203857421875,742.7150268554688
2023-07-10,58.69047546386719,375.9100036621094,818.8281860351562,1120.3038330078125,34.35688781738281,316.44866943359375,16.78306770324707,319.4091796875,1455.4954833984375,384.0,707.607421875,264.8497009277344,697.2999877929688,9094.328125,850.9500122070312,290.1270751953125,645.1002807617188,519.7761840820312,1337.547607421875,267.16473388671875,400.98480224609375,95.8382339477539,751.39501953125
2023-07-11,65.71428680419922,381.8768615722656,823.1558837890625,1146.9696044921875,34.26184844970703,319.2695617675781,16.542997360229492,316.1310119628906,1479.495361328125,379.8999938964844,714.6427001953125,264.8497009277344,690.25,9017.34375,856.6500244140625,292.6375427246094,649.9329833984375,510.8546142578125,1319.5640869140625,265.32977294921875,409.63916015625,96.06165313720703,745.4450073242188
2023-07-12,65.11904907226562,388.838134765625,825.825439453125,1174.217529296875,34.21432876586914,326.8998718261719,17.415979385375977,320.0016784667969,1561.9951171875,381.6499938964844,733.121337890625,264.8497009277344,696.5999755859375,9112.3251953125,893.6500244140625,295.1954345703125,661.890380859375,510.46673583984375,1337.2117919921875,269.7336120605469,411.5623474121094,95.82453155517578,767.364990234375
2023-07-13,65.71428680419922,409.7220458984375,859.2338256835938,1262.896240234375,34.40441131591797,337.3972473144531,18.72545051574707,339.2365417480469,1655.994873046875,418.5,777.9189453125,264.8497009277344,734.3499755859375,9276.294921875,921.7999877929688,321.01080322265625,670.2605590820312,518.224609375,1378.7900390625,273.77044677734375,430.79425048828125,97.62403106689453,797.5050048828125
2023-07-14,65.71428680419922,407.7330627441406,839.7388305664062,1248.4005126953125,35.11720657348633,335.73248291015625,18.659976959228516,335.1288757324219,1659.994873046875,414.70001220703125,750.8369140625,264.8497009277344,734.6500244140625,9161.31640625,925.8499755859375,310.8267822265625,649.534423828125,504.260498046875,1340.5687255859375,271.2015686035156,412.5239562988281,96.72428894042969,783.75
2023-07-17,65.95237731933594,415.1916198730469,864.8558959960938,1272.283447265625,36.020084381103516,349.3282775878906,20.36229133605957,346.0694580078125,1686.4947509765625,442.79998779296875,779.9532470703125,264.8497009277344,729.3499755859375,9160.81640625,957.1500244140625,317.3634948730469,648.5379638671875,506.9757385253906,1389.5321044921875,278.17425537109375,421.17828369140625,98.97367858886719,813.5700073242188
2023-07-18,69.88095092773438,427.6225280761719,864.0064086914062,1304.224609375,36.21016311645508,343.0853271484375,19.81667709350586,343.1861877441406,1662.994873046875,438.20001220703125,779.3175048828125,264.8497009277344,720.9000244140625,9094.828125,946.4000244140625,321.8634338378906,634.0894775390625,511.24249267578125,1392.265625,274.87139892578125,419.73590087890625,97.84896850585938,821.0850219726562
2023-07-19,70.23809814453125,436.07550048828125,867.5252075195312,1289.2713623046875,36.020084381103516,335.91748046875,19.66390609741211,332.1666564941406,1629.9949951171875,431.25,767.78955078125,264.8497009277344,711.9000244140625,9079.3310546875,926.25,315.9424743652344,624.3740844726562,524.4308471679688,1355.3873291015625,277.07330322265625,426.9478759765625,96.04946899414062,814.4199829101562
2023-07-20,75.95237731933594,449.5008544921875,871.407958984375,1283.041259765625,36.352725982666016,345.4437255859375,19.620256423950195,338.36761474609375,1613.9949951171875,433.79998779296875,784.4031982421875,264.8497009277344,709.5999755859375,9272.796875,934.4500122070312,320.67926025390625,623.0787353515625,534.9039306640625,1370.205810546875,275.97235107421875,442.3333740234375,95.37464141845703,812.0349731445312
2023-07-21,80.5952377319336,459.9428405761719,888.7190551757812,1346.5079345703125,36.352725982666016,357.6522216796875,20.034923553466797,346.02996826171875,1704.4947509765625,446.1499938964844,811.1461791992188,264.8497009277344,729.75,9850.6884765625,957.0999755859375,336.4053039550781,638.9720458984375,565.9353637695312,1420.991455078125,280.37615966796875,461.56524658203125,96.72428894042969,828.02001953125
2023-07-24,81.19047546386719,451.9870300292969,863.1570434570312,1304.1829833984375,36.067604064941406,352.4728698730469,19.707555770874023,348.5972595214844,1697.9947509765625,436.75,792.6254272460938,264.8497009277344,748.4000244140625,9978.1650390625,950.3499755859375,329.6791076660156,641.313720703125,567.09912109375,1381.1878662109375,277.07330322265625,442.8141784667969,96.2743911743164,837.9000244140625
2023-07-25,81.78571319580078,454.4732360839844,877.4749755859375,1346.258544921875,35.972564697265625,354.8775329589844,19.88214874267578,350.6905517578125,1730.99462890625,438.5,812.5872192382812,264.8497009277344,749.7999877929688,9938.1728515625,955.2999877929688,341.2841796875,665.5772705078125,567.4869995117188,1387.7578125,280.37615966796875,438.9678039550781,96.49933624267578,846.5349731445312
2023-07-26,79.88095092773438,449.99810791015625,889.3659057617188,1376.87060546875,35.212242126464844,361.9991455078125,19.903976440429688,350.80902099609375,1753.4945068359375,434.1000061035156,818.1392211914062,264.8497009277344,748.75,9717.7138671875,950.4000244140625,345.5946350097656,685.4563598632812,562.8322143554688,1379.365478515625,279.27520751953125,428.8710632324219,97.39909362792969,838.7999877929688
2023-07-27,76.19047546386719,455.4676818847656,818.8687133789062,1277.55859375,34.879608154296875,340.4031066894531,19.66390609741211,342.47528076171875,1694.4947509765625,410.6499938964844,764.4414672851562,264.8497009277344,727.0,9595.7373046875,898.0499877929688,324.3265686035156,671.0576782226562,539.9465942382812,1284.4599609375,266.7977294921875,430.79425048828125,95.59956359863281,785.9199829101562
2023-07-28,77.26190185546875,463.9206848144531,848.192138671875,1320.3404541015625,35.06968688964844,343.4552307128906,20.144044876098633,352.3099060058594,1704.4947509765625,423.3500061035156,778.3851318359375,264.8497009277344,733.5499877929688,9778.7021484375,903.7000122070312,335.8369140625,693.577392578125,550.8075561523438,1306.7596435546875,266.43072509765625,431.2750244140625,97.39909362792969,803.3300170898438
2023-07-31,74.76190185546875,459.9428405761719,839.9007568359375,1255.5858154296875,34.879608154296875,335.3625183105469,19.96944808959961,342.7517395019531,1695.9947509765625,408.54998779296875,790.4639282226562,264.8497009277344,733.4000244140625,9576.2392578125,929.8499755859375,334.03692626953125,681.6199951171875,548.480224609375,1310.739990234375,266.43072509765625,419.2550964355469,98.07390594482422,822.030029296875
2023-08-01,74.88095092773438,449.99810791015625,813.9747924804688,1200.09423828125,34.59449005126953,332.032958984375,19.40201187133789,346.02996826171875,1634.994873046875,410.0,777.8341674804688,264.8497009277344,734.2000122070312,9481.7578125,959.9500122070312,329.1106872558594,672.2035522460938,531.0250854492188,1280.767333984375,257.9900817871094,413.9663391113281,97.84896850585938,820.72998046875
2023-08-02,72.85713958740234,450.9925537109375,789.34326171875,1159.1815185546875,33.786643981933594,330.5531311035156,18.76909828186035,336.3138122558594,1609.9949951171875,407.1499938964844,761.8560791015625,264.8497009277344,722.1500244140625,9140.3203125,942.5999755859375,315.61090087890625,667.420654296875,509.69097900390625,1255.4464111328125,250.65040588378906,410.1199645996094,96.49933624267578,808.1849975585938
2023-08-03,74.88095092773438,434.58380126953125,776.8453979492188,1153.1171875,33.834163665771484,327.50103759765625,18.419906616210938,330.9027404785156,1629.9949951171875,425.3999938964844,768.3406372070312,522.23876953125,746.3499755859375,9153.318359375,923.4000244140625,321.3423767089844,665.8761596679688,506.1999816894531,1272.61474609375,242.9437255859375,392.811279296875,97.17416381835938,805.8350219726562
2023-08-04,76.07142639160156,428.1197509765625,805.2789306640625,1206.5738525390625,33.834163665771484,334.6688537597656,17.961591720581055,331.8111877441406,1659.994873046875,423.75,807.2252807617188,522.23876953125,762.2000122070312,9157.81640625,943.75,331.8580017089844,675.541748046875,521.3277587890625,1300.381591796875,248.44850158691406,398.5808410644531,96.94923400878906,825.1900024414062
2023-08-07,77.02381134033203,428.6169738769531,798.2008056640625,1203.2093505859375,33.02633285522461,333.9751892089844,17.306856155395508,333.90447998046875,1697.4947509765625,412.70001220703125,812.82958984375,522.23876953125,765.9000244140625,8956.353515625,969.0,330.53173828125,668.5167846679688,502.32098388671875,1304.457763671875,238.5399169921875,398.10003662109375,94.92477416992188,831.5399780273438
2023-08-08,75.11904907226562,441.0478515625,824.0863037109375,1249.231201171875,33.88168716430664,354.23016357421875,17.37232780456543,345.3584899902344,1697.4947509765625,419.8500061035156,843.9736328125,522.23876953125,788.0,8954.853515625,980.2999877929688,343.5578308105469,697.5631713867188,500.3816223144531,1335.2457275390625,238.90692138671875,415.8895263671875,96.04946899414062,851.39501953125
2023-08-09,73.45237731933594,437.56719970703125,815.2689819335938,1226.76025390625,34.16680908203125,350.39190673828125,17.001312255859375,337.6567077636719,1689.9947509765625,412.1499938964844,828.3587036132812,522.23876953125,762.2999877929688,8869.369140625,989.0,339.4368591308594,673.2996826171875,500.7694396972656,1356.586181640625,244.4116668701172,404.8312072753906,95.37464141845703,849.14501953125
2023-08-10,71.42857360839844,431.1031799316406,849.8908081054688,1289.47900390625,34.451927185058594,365.05126953125,17.263206481933594,345.0030517578125,1749.99462890625,407.0,861.2141723632812,522.23876953125,755.2000122070312,8985.8486328125,1030.699951171875,350.0945739746094,672.7516479492188,505.4241027832031,1401.760986328125,244.04470825195312,396.1768493652344,94.0250015258789,861.1300048828125
2023-08-11,70.95237731933594,445.0257568359375,859.8404541015625,1277.890869140625,36.16264343261719,377.81463623046875,17.459627151489258,350.80902099609375,1722.99462890625,405.79998779296875,853.0857543945312,522.23876953125,781.7999877929688,9102.3271484375,1082.5999755859375,358.0997009277344,659.6483764648438,510.8546142578125,1429.479736328125,249.18246459960938,423.582275390625,94.92477416992188,867.114990234375
2023-08-14,76.19047546386719,471.37921142578125,829.2633056640625,1283.331787109375,38.34855651855469,392.3815612792969,18.354433059692383,384.0652160644531,1791.4945068359375,428.3500061035156,830.7971801757812,522.23876953125,814.1500244140625,8812.880859375,1147.9000244140625,354.4050598144531,678.431396484375,527.5340576171875,1461.5623779296875,249.18246459960938,441.8525695800781,99.44290924072266,929.4000244140625
2023-08-15,81.19047546386719,506.6829528808594,869.2239990234375,1343.9327392578125,40.581993103027344,429.97802734375,18.96552085876465,407.36822509765625,1800.494384765625,460.79998779296875,857.4495239257812,522.23876953125,858.25,8826.3779296875,1259.949951171875,366.72064208984375,710.3176879882812,577.5721435546875,1610.37060546875,274.1374206542969,470.7004089355469,102.84072875976562,986.4299926757812
2023-08-16,92.97618865966797,550.9368286132812,951.8956298828125,1371.346435546875,42.8154296875,451.759033203125,20.558712005615234,439.3605041503906,1906.494140625,496.54998779296875,974.9673461914062,522.23876953125,908.9000244140625,9029.8408203125,1298.050048828125,378.75201416015625,771.7985229492188,632.2650756835938,1730.3092041015625,282.2110900878906,487.5282897949219,107.5976791381836,1057.3499755859375
2023-08-17,99.04762268066406,604.1411743164062,948.4576416015625,1385.634765625,44.05094909667969,459.2968444824219,21.89000701904297,467.7585754394531,1984.493896484375,516.5999755859375,948.0586547851562,522.23876953125,942.8499755859375,9364.779296875,1332.5,382.9203796386719,824.759765625,680.7516479492188,1877.774658203125,315.23968505859375,524.5496826171875,111.22201538085938,1103.22998046875
2023-08-18,94.16666412353516,595.6881103515625,982.14892578125,1403.2459716796875,43.05302810668945,460.63787841796875,21.60628890991211,474.4729919433594,2085.49365234375,501.29998779296875,941.769775390625,522.23876953125,971.4000244140625,9408.2705078125,1344.1500244140625,389.3150329589844,832.0836181640625,668.7269897460938,1851.3507080078125,321.4784240722656,541.3775634765625,109.86289978027344,1095.1600341796875
2023-08-22,90.5952377319336,609.1134643554688,1000.2692260742188,1443.9093017578125,44.241024017333984,472.43017578125,21.45351791381836,476.3293151855469,2107.493408203125,499.1000061035156,966.9675903320312,522.23876953125,974.0999755859375,9143.3203125,1404.699951171875,382.9203796386719,819.5782470703125,653.59912109375,1867.9915771484375,329.55206298828125,548.1087646484375,110.08942413330078,1097.6300048828125
2023-08-23,98.80952453613281,645.4116821289062,1052.2825927734375,1501.768798828125,46.854618072509766,489.0780334472656,21.562641143798828,490.78509521484375,2094.993408203125,520.0999755859375,1034.4752197265625,522.23876953125,990.0999755859375,9021.341796875,1426.449951171875,398.9306640625,840.9520263671875,651.2718505859375,1919.92822265625,326.24920654296875,565.8982543945312,112.12809753417969,1128.1650390625
2023-08-24,107.38095092773438,645.4116821289062,1050.462158203125,1553.64697265625,47.94757843017578,498.789306640625,21.32257080078125,478.5411682128906,2089.493408203125,534.25,1017.7908935546875,522.23876953125,991.8499755859375,9072.3330078125,1417.0999755859375,409.3041687011719,856.9450073242188,644.2897338867188,1888.18115234375,323.6803283691406,554.359130859375,116.20549011230469,1120.60498046875
2023-08-25,114.16666412353516,644.9143676757812,1125.9345703125,1592.1507568359375,50.51365661621094,513.4024047851562,21.671762466430664,491.1405944824219,2078.49365234375,542.0999755859375,1076.357421875,522.23876953125,1014.0999755859375,9167.314453125,1422.449951171875,431.4248962402344,861.5286254882812,678.036376953125,1914.461181640625,323.3133239746094,574.07177734375,122.54808807373047,1144.1650390625
2023-08-28,122.85713958740234,656.350830078125,1223.9752197265625,1723.1962890625,52.0342903137207,545.4033813476562,23.221303939819336,517.6427612304688,2158.493408203125,558.0999755859375,1194.8165283203125,524.110595703125,1045.449951171875,9721.7138671875,1500.949951171875,476.4241638183594,928.4899291992188,724.9713745117188,1984.477294921875,350.8371887207031,576.95654296875,131.60897827148438,1173.6199951171875
2023-08-29,132.85714721679688,652.3729248046875,1301.9149169921875,1838.831787109375,52.08180618286133,547.2993774414062,23.985164642333984,523.6067504882812,2246.992919921875,570.25,1252.998046875,524.110595703125,1074.699951171875,10100.1435546875,1551.9000244140625,499.9659118652344,956.3905029296875,723.8076782226562,1990.951416015625,360.3787536621094,588.4957275390625,135.6863555908203,1190.9000244140625
2023-08-30,128.8095245361328,642.9254760742188,1253.6629638671875,1807.513916015625,53.269805908203125,544.7097778320312,23.91969108581543,515.4310302734375,2176.9931640625,548.5499877929688,1241.1478271484375,524.110595703125,1079.5999755859375,10103.642578125,1507.4000244140625,471.64007568359375,925.0023803710938,702.4736328125,1943.18701171875,355.9749755859375,602.9196166992188,135.23326110839844,1170.0699462890625
2023-08-31,120.47618865966797,619.0581665039062,1205.85546875,1772.8314208984375,51.32149124145508,519.3217163085938,22.872112274169922,489.12628173828125,2114.493408203125,530.0,1208.591796875,524.110595703125,1038.0999755859375,9744.208984375,1429.0999755859375,456.6244812011719,903.0307006835938,672.9937744140625,1896.4296875,340.19464111328125,591.3804931640625,131.3824005126953,1135.635009765625
2023-09-01,124.76190185546875,603.6438598632812,1149.1099853515625,1700.8499755859375,50.371089935302734,509.4254455566406,22.85028839111328,471.66876220703125,2068.49365234375,529.7999877929688,1157.8968505859375,524.110595703125,1004.5,9755.70703125,1409.949951171875,432.7038269042969,881.3579711914062,653.2113037109375,1846.1715087890625,332.4879455566406,584.6493530273438,128.2111358642578,1088.6650390625
2023-09-04,119.04762268066406,598.6715087890625,1138.9580078125,1668.576416015625,49.61077880859375,501.5177307128906,23.505023956298828,487.8228454589844,2019.9937744140625,533.2000122070312,1158.5814208984375,524.110595703125,1025.699951171875,9644.2275390625,1430.1500244140625,432.3248596191406,875.3792724609375,653.9869995117188,1821.1383056640625,335.423828125,577.9181518554688,129.34376525878906,1078.699951171875
2023-09-05,112.38095092773438,576.2959594726562,1075.255615234375,1568.7659912109375,45.85670471191406,470.5341491699219,22.47926902770996,450.02459716796875,1954.493896484375,499.04998779296875,1095.137939453125,524.110595703125,956.9000244140625,9481.7578125,1344.0,411.6725769042969,833.1298828125,637.6956176757812,1753.855712890625,320.3774719238281,532.242431640625,123.6806869506836,1036.300048828125
2023-09-06,113.33333587646484,582.7599487304688,1058.510986328125,1509.5775146484375,44.241024017333984,463.0888671875,21.89000701904297,431.0661926269531,1941.4940185546875,483.04998779296875,1080.250244140625,524.110595703125,919.3499755859375,9192.3115234375,1307.800048828125,398.4095764160156,807.1226196289062,623.7313842773438,1704.8924560546875,320.0104675292969,505.798583984375,117.7911605834961,1024.594970703125
2023-09-07,107.38095092773438,557.4009399414062,990.319091796875,1412.5084228515625,41.53239059448242,425.5848693847656,20.53688621520996,401.7992248535156,1847.4942626953125,454.29998779296875,1007.0740356445312,524.110595703125,870.2000122070312,8887.8662109375,1210.25,375.81524658203125,774.3394775390625,586.1057739257812,1613.2960205078125,299.0923767089844,483.2011413574219,109.18333435058594,961.530029296875
2023-09-08,109.04762268066406,561.3788452148438,918.2039794921875,1342.47900390625,40.296875,411.8966064453125,20.122220993041992,395.67724609375,1844.9942626953125,445.25,976.7535400390625,524.110595703125,867.0999755859375,8551.4287109375,1155.550048828125,361.8891296386719,769.8056640625,555.0744018554688,1545.8695068359375,295.7895202636719,483.6819152832031,105.10594177246094,929.1849975585938
2023-09-11,103.92857360839844,528.561279296875,920.3073120117188,1310.662353515625,39.77415466308594,400.0580749511719,19.57660675048828,393.7814025878906,1790.4945068359375,430.3999938964844,948.8019409179688,622.3814086914062,875.5,8163.9990234375,1117.8499755859375,345.0262451171875,765.81982421875,535.6797485351562,1485.49267578125,288.8168029785156,451.468505859375,104.87942504882812,885.4749755859375
2023-09-12,109.4047622680664,536.5170288085938,976.4866943359375,1400.0477294921875,42.24519729614258,417.9545593261719,20.034923553466797,421.2710266113281,1789.9945068359375,455.6499938964844,1005.0497436523438,622.3814086914062,884.6500244140625,8437.44921875,1189.199951171875,349.95245361328125,776.8804321289062,556.6259765625,1599.4366455078125,296.8904724121094,468.2964172363281,104.86707305908203,920.4550170898438
2023-09-13,112.61904907226562,571.82080078125,958.1240234375,1392.2802734375,46.28438186645508,426.1860046386719,20.886079788208008,429.09136962890625,1789.9945068359375,465.04998779296875,1010.433349609375,622.3814086914062,909.7000122070312,8565.92578125,1215.5999755859375,358.76287841796875,776.78076171875,594.2515258789062,1637.1781005859375,307.1660461425781,497.1442565917969,108.74259185791016,954.4349975585938
2023-09-14,109.52381134033203,610.1079711914062,980.4907836914062,1451.1781005859375,49.753334045410156,442.093994140625,21.017026901245117,430.2367858886719,1842.9942626953125,484.8500061035156,1029.2972412109375,622.3814086914062,910.25,8770.388671875,1232.0,371.2205810546875,792.7737426757812,629.1619262695312,1682.496826171875,315.606689453125,542.8199462890625,114.89783477783203,964.8350219726562
2023-09-15,107.02381134033203,635.4669189453125,969.0850219726562,1414.5850830078125,51.32149124145508,428.9143981933594,20.929729461669922,425.49713134765625,1849.4942626953125,486.0,1005.2648315429688,622.3814086914062,887.2000122070312,8727.396484375,1198.949951171875,365.53643798828125,766.5173950195312,622.9556274414062,1613.0562744140625,314.5057373046875,572.1486206054688,117.63349914550781,941.5499877929688
2023-09-18,107.14286041259766,650.8812255859375,979.8840942382812,1455.0408935546875,51.464054107666016,444.3600158691406,21.235271453857422,429.7232971191406,1848.9942626953125,493.8999938964844,1026.3685302734375,622.3814086914062,928.0,8701.4013671875,1242.0,365.110107421875,784.154541015625,650.8839111328125,1728.582763671875,338.7266845703125,604.8428344726562,121.96495056152344,964.0549926757812
2023-09-19,105.83333587646484,636.4613647460938,966.537109375,1408.1470947265625,50.75125503540039,435.7122802734375,20.689659118652344,421.9819641113281,1915.9940185546875,489.70001220703125,1004.8342895507812,622.3814086914062,915.9000244140625,8590.9208984375,1229.4000244140625,353.4103088378906,793.919677734375,619.8524780273438,1682.688720703125,322.9463806152344,605.8043823242188,117.4055404663086,957.8099975585938
2023-09-20,102.61904907226562,625.0249633789062,952.7046508789062,1394.9384765625,50.18101119995117,419.66558837890625,19.729379653930664,415.46502685546875,1889.494140625,471.3999938964844,968.4412231445312,622.3814086914062,906.4000244140625,8576.9248046875,1200.199951171875,343.17889404296875,793.3218383789062,582.2269287109375,1609.9869384765625,311.2028503417969,579.3605346679688,114.44190216064453,950.9450073242188
2023-09-21,100.5952377319336,590.218505859375,919.7408447265625,1381.1490478515625,46.90214157104492,425.4923400878906,18.790925979614258,404.6429748535156,1827.994384765625,473.75,944.4949951171875,622.3814086914062,900.25,8236.486328125,1212.050048828125,334.8421630859375,783.1580810546875,559.7291259765625,1564.9560546875,293.95458984375,557.7246704101562,110.5663833618164,983.9149780273438
2023-09-22,101.54762268066406,600.6604614257812,928.7603149414062,1357.7640380859375,48.8504638671875,419.66558837890625,19.096467971801758,404.24798583984375,1818.494384765625,468.6499938964844,946.9931640625,622.3814086914062,898.8499755859375,8315.4716796875,1212.800048828125,336.73687744140625,783.8057250976562,570.9779663085938,1566.8262939453125,295.0555419921875,558.686279296875,110.5663833618164,964.0349731445312
2023-09-25,102.38095092773438,602.1521606445312,897.6575927734375,1350.9937744140625,47.8525390625,410.60174560546875,18.790925979614258,405.7883605957031,1806.994384765625,462.1499938964844,932.6942749023438,622.3814086914062,904.1500244140625,8392.4580078125,1188.8499755859375,327.6896667480469,782.4605712890625,581.8390502929688,1527.454345703125,291.0187072753906,566.3790283203125,110.5663833618164,954.0700073242188
2023-09-26,98.45237731933594,616.07470703125,871.407958984375,1271.2452392578125,46.61702346801758,408.2432861328125,18.332609176635742,406.02532958984375,1841.4942626953125,478.8500061035156,919.515380859375,622.3814086914062,907.3499755859375,8238.486328125,1189.199951171875,323.4265441894531,759.542236328125,578.347900390625,1547.356201171875,297.6244201660156,558.2055053710938,109.42650604248047,938.9199829101562
2023-09-27,106.78571319580078,622.0415649414062,851.3873901367188,1258.8673095703125,45.76166915893555,418.2320251464844,18.46355628967285,421.0340576171875,1841.9942626953125,491.1499938964844,935.4505004882812,622.3814086914062,959.7999877929688,8202.4921875,1230.5999755859375,328.0685729980469,777.0797119140625,579.8995361328125,1610.37060546875,314.5057373046875,569.74462890625,109.19854736328125,1000.0999755859375
2023-09-28,111.9047622680664,656.350830078125,902.0255737304688,1301.93994140625,46.71206283569336,456.4296875,18.943696975708008,449.59014892578125,1889.494140625,504.6000061035156,971.6715087890625,594.3040161132812,1007.0499877929688,8436.94921875,1282.0999755859375,347.34722900390625,813.001708984375,604.3367919921875,1677.605224609375,325.5152587890625,598.5924682617188,111.02230834960938,1026.43994140625
2023-09-29,107.02381134033203,653.367431640625,828.6970825195312,1219.11767578125,46.56949996948242,437.42333984375,18.659976959228516,439.0840148925781,1879.494140625,481.75,921.3241577148438,594.3040161132812,999.0999755859375,8350.9658203125,1209.4000244140625,339.9579162597656,779.0227661132812,589.9847412109375,1606.198486328125,325.5152587890625,590.4188842773438,110.33839416503906,1002.1799926757812
2023-10-02,111.19047546386719,661.3231811523438,835.5728149414062,1203.167724609375,45.429019927978516,432.7989501953125,18.747276306152344,429.8813171386719,1874.994140625,479.95001220703125,898.6268920898438,594.3040161132812,992.0,8651.4091796875,1226.75,329.5843811035156,770.552978515625,591.9241943359375,1587.0638427734375,329.9190673828125,566.8598022460938,108.28663635253906,1001.0700073242188
2023-10-03,109.16666412353516,672.2623291015625,844.9967651367188,1206.615478515625,44.858787536621094,432.61395263671875,18.17983627319336,425.1022033691406,1849.4942626953125,460.20001220703125,896.30126953125,594.3040161132812,1021.25,8428.451171875,1245.1500244140625,316.9371643066406,774.3394775390625,581.063232421875,1606.006591796875,337.625732421875,594.74609375,108.51461791992188,996.385009765625
2023-10-04,108.69047546386719,715.024658203125,921.6824340820312,1283.664306640625,45.999263763427734,458.5106506347656,18.747276306152344,458.35833740234375,1844.9942626953125,470.8999938964844,949.8355712890625,595.9934692382812,1088.4000244140625,8441.44921875,1310.550048828125,333.5632629394531,833.5285034179688,597.354736328125,1762.1041259765625,345.3324279785156,640.902587890625,111.02230834960938,1030.6300048828125
2023-10-05,107.73809814453125,758.7813720703125,962.532958984375,1294.795654296875,46.56949996948242,466.649658203125,19.140117645263672,506.0307922363281,1897.494140625,495.8999938964844,969.9055786132812,595.9934692382812,1088.199951171875,8471.9423828125,1317.0,345.2630920410156,897.7495727539062,614.4219970703125,1818.5966796875,354.1400451660156,701.9638061523438,112.61811828613281,1029.47998046875
2023-10-06,105.0,836.35009765625,968.9635009765625,1343.6834716796875,47.70998001098633,496.3846435546875,20.078571319580078,509.6250305175781,1908.494140625,521.25,951.6445922851562,595.9934692382812,1056.949951171875,8625.4140625,1336.300048828125,343.13153076171875,890.8740234375,664.072265625,1829.0511474609375,370.287353515625,768.3138427734375,117.4055404663086,995.5150146484375
2023-10-09,112.02381134033203,909.94091796875,954.2815551757812,1310.3717041015625,48.8504638671875,496.1071472167969,21.08249855041504,566.9346313476562,2001.9937744140625,538.6500244140625,933.2112426757812,595.9934692382812,1089.949951171875,8667.90625,1367.9000244140625,337.7789611816406,872.3401489257812,669.890625,1872.7392578125,383.86578369140625,815.9127197265625,119.68524932861328,1054.344970703125
2023-10-10,128.8095245361328,988.5040893554688,975.5157470703125,1349.9139404296875,55.7408447265625,543.1836547851562,23.24312973022461,629.3240966796875,2099.493408203125,573.2000122070312,988.0806884765625,595.9934692382812,1205.300048828125,9087.8291015625,1521.25,349.57354736328125,937.1590576171875,724.195556640625,2066.770263671875,407.71978759765625,834.663818359375,124.4726791381836,1156.885009765625
2023-10-11,129.76190185546875,1078.006591796875,977.3765869140625,1336.9132080078125,54.41028594970703,561.033935546875,24.530776977539062,636.8184814453125,2131.493408203125,573.3499755859375,982.3524169921875,595.9934692382812,1224.4000244140625,9377.7763671875,1524.550048828125,351.705078125,971.3870239257812,712.9467163085938,2180.378662109375,397.0772399902344,888.0323486328125,124.68944549560547,1184.989990234375
2023-10-12,134.04762268066406,1164.0283203125,1032.180908203125,1372.8416748046875,59.637474060058594,606.168212890625,24.618074417114258,638.165771484375,2207.4931640625,590.6500244140625,991.999755859375,595.9934692382812,1304.050048828125,9759.2060546875,1570.6500244140625,355.06817626953125,997.4441528320312,752.5117797851562,2251.49755859375,416.8944091796875,1032.271484375,126.52311706542969,1229.425048828125
2023-10-17,137.14285278320312,1269.4420166015625,1101.7882080078125,1573.7503662109375,64.72210693359375,671.0487670898438,25.4692325592041,695.0479125976562,2341.99267578125,604.9000244140625,1045.87841796875,595.9934692382812,1338.0999755859375,9909.6787109375,1744.25,377.1415100097656,1100.1280517578125,785.8705444335938,2463.08056640625,416.8944091796875,1100.544677734375,130.8780975341797,1361.81005859375
2023-10-18,129.5238037109375,1209.276611328125,1036.1849365234375,1491.0108642578125,64.48450469970703,646.0769653320312,24.465303421020508,697.40576171875,2368.49267578125,606.6500244140625,1014.9122924804688,595.9934692382812,1272.050048828125,9863.1875,1673.0,388.6045227050781,1179.3955078125,772.6821899414062,2502.2607421875,426.0690002441406,1066.888916015625,129.7320098876953,1304.6500244140625
2023-10-19,122.61904907226562,1074.52587890625,964.352783203125,1396.6832275390625,64.57954406738281,607.8330078125,23.592321395874023,656.775634765625,2413.992431640625,561.4500122070312,971.025390625,595.9934692382812,1282.5,9429.7666015625,1622.9000244140625,353.83660888671875,1143.174560546875,721.8682861328125,2431.76513671875,405.15087890625,1061.60009765625,130.1904296875,1215.64501953125
2023-10-20,129.76190185546875,1114.3046875,1040.4720458984375,1463.9296875,66.62289428710938,650.9788208007812,24.727197647094727,725.1099853515625,2479.492431640625,588.7000122070312,995.96240234375,595.9934692382812,1393.050048828125,9724.712890625,1738.8499755859375,392.6781311035156,1196.3848876953125,742.0386962890625,2488.641357421875,438.17950439453125,1079.870361328125,136.14988708496094,1292.5550537109375
2023-10-23,117.5,898.5045166015625,1060.6143798828125,1498.52880859375,59.780033111572266,552.0162963867188,23.00305938720703,616.7350463867188,2359.99267578125,567.2000122070312,972.9636840820312,595.9934692382812,1149.050048828125,11453.89453125,1534.6500244140625,374.0626220703125,1139.0892333984375,682.3031616210938,2177.21337890625,411.7566223144531,833.221435546875,126.75230407714844,1126.56494140625
2023-10-24,110.83333587646484,919.8856811523438,955.5357055664062,1346.96484375,55.21812057495117,520.9865112304688,21.60628890991211,593.07275390625,2149.993408203125,539.5999755859375,870.976806640625,750.8578491210938,1071.5999755859375,10582.5546875,1455.5,337.6368713378906,1009.8997192382812,638.8591918945312,1998.096923828125,409.5547180175781,778.891357421875,123.77257537841797,1028.4300537109375
2023-10-25,112.14286041259766,973.5870971679688,1042.4537353515625,1410.8885498046875,56.40612030029297,546.1895141601562,22.522920608520508,615.0509033203125,2161.493408203125,551.1500244140625,933.4695434570312,750.8578491210938,1123.199951171875,10137.1376953125,1483.4000244140625,366.5785217285156,1097.487548828125,680.36376953125,2104.75146484375,411.3896179199219,856.2996826171875,123.54338836669922,1029.719970703125
2023-10-26,114.28571319580078,1013.3659057617188,1021.7051391601562,1437.5960693359375,53.174766540527344,520.8939819335938,22.26102638244629,591.0939331054688,2173.4931640625,548.6500244140625,920.2045288085938,750.8578491210938,1082.5999755859375,10063.650390625,1443.0,356.44183349609375,1039.942626953125,688.12158203125,2019.005859375,418.3623352050781,836.106201171875,121.93895721435547,1003.030029296875
2023-10-27,110.35713958740234,1037.2332763671875,994.0807495117188,1381.481201171875,52.414451599121094,502.9512939453125,21.169797897338867,548.1060180664062,2048.49365234375,514.5999755859375,882.4332275390625,750.8578491210938,1065.800048828125,9957.669921875,1354.3499755859375,337.5895080566406,996.3978881835938,679.5879516601562,1917.9140625,405.8848571777344,848.60693359375,121.48053741455078,962.5800170898438
2023-10-30,105.71428680419922,887.068115234375,874.8055419921875,1238.6395263671875,48.99301528930664,452.77642822265625,20.296817779541016,517.4966430664062,1924.4940185546875,460.0,819.3377075195312,750.8578491210938,990.75,9239.8017578125,1273.550048828125,290.4112854003906,911.3012084960938,632.6528930664062,1707.86572265625,349.7362365722656,726.4844970703125,113.91664123535156,888.0599975585938
2023-10-31,98.0952377319336,804.5270385742188,926.2931518554688,1261.608642578125,51.178932189941406,443.0188903808594,20.2531681060791,482.0452880859375,1912.4940185546875,441.5,846.2555541992188,750.8578491210938,976.8499755859375,9884.1826171875,1275.550048828125,287.90081787109375,857.144287109375,617.9130249023438,1680.0989990234375,353.0390930175781,679.3663330078125,110.93693542480469,861.1400146484375
2023-11-01,108.57142639160156,805.521484375,1021.0175170898438,1401.8336181640625,57.118919372558594,483.5287170410156,21.518991470336914,514.1282958984375,1951.493896484375,465.8999938964844,917.4052734375,750.8578491210938,1040.199951171875,10142.1357421875,1353.5,318.02667236328125,933.6216430664062,655.53857421875,1844.30126953125,381.66387939453125,689.9439086914062,119.18844604492188,927.4949951171875
2023-11-02,120.0,899.001708984375,1048.3184814453125,1497.199951171875,63.011390686035156,510.8127746582031,23.046709060668945,532.0223388671875,1989.9937744140625,479.95001220703125,945.0550537109375,750.8578491210938,1092.9000244140625,11282.92578125,1374.9000244140625,331.5264587402344,975.5222778320312,668.7269897460938,1864.44287109375,386.06768798828125,789.94970703125,120.79290771484375,958.655029296875
2023-11-03,13.928570747375488,901.985107421875,990.9257202148438,1468.706298828125,59.16227722167969,490.1878967285156,22.653867721557617,562.5054321289062,1914.4940185546875,493.0,930.2824096679688,753.6842041015625,1070.0,11296.9248046875,1333.8499755859375,337.2579345703125,956.5897827148438,657.0902099609375,1755.198486328125,377.9940185546875,767.3522338867188,118.50081634521484,940.0
2023-11-07,27.0,843.8086547851562,961.4406127929688,1380.359375,55.17060089111328,476.86956787109375,22.217376708984375,569.9157104492188,1875.994140625,462.20001220703125,891.6068115234375,753.6842041015625,1072.449951171875,11279.427734375,1260.4000244140625,323.0476379394531,918.0770263671875,647.0049438476562,1678.6124267578125,380.1959228515625,737.06201171875,113.68743896484375,873.5599975585938
2023-11-08,24.149999618530273,801.0463256835938,907.2028198242188,1302.646240234375,52.12933349609375,422.2552795410156,21.540813446044922,527.4751586914062,1837.4942626953125,436.29998779296875,864.4305419921875,753.6842041015625,1004.0999755859375,11145.4521484375,1221.4000244140625,306.1373596191406,860.5321655273438,632.6528930664062,1611.6175537109375,362.2137145996094,703.8870239257812,111.39533996582031,851.1199951171875
2023-11-09,23.100000381469727,928.8358764648438,956.6277465820312,1354.89794921875,52.461971282958984,460.0367126464844,22.370147705078125,557.7898559570312,1894.994140625,450.3500061035156,890.5302124023438,753.6842041015625,1049.050048828125,11508.884765625,1248.9000244140625,308.8373107910156,919.9205322265625,653.59912109375,1666.4794921875,388.26959228515625,812.5471801757812,116.43793487548828,874.010009765625
2023-11-10,24.100000381469727,994.470947265625,998.2058715820312,1425.0106201171875,55.93092346191406,500.9165344238281,22.653867721557617,556.5267944335938,1992.9937744140625,463.79998779296875,920.376708984375,753.6842041015625,1093.449951171875,11941.8056640625,1303.4000244140625,313.9056701660156,973.7286987304688,677.6484985351562,1746.3265380859375,410.2886657714844,883.7051391601562,119.18844604492188,939.9400024414062
2023-11-13,23.0,956.6810913085938,950.0350341796875,1386.54833984375,53.93508529663086,484.1299133300781,22.937583923339844,547.5165405273438,1989.4937744140625,460.95001220703125,895.612060546875,753.6842041015625,1053.0,11943.3037109375,1264.25,310.49517822265625,929.3369750976562,648.1686401367188,1690.0260009765625,398.545166015625,839.95263671875,117.8132095336914,895.6950073242188
2023-11-14,22.049999237060547,921.3773193359375,959.539794921875,1361.8759765625,54.22020721435547,501.8414001464844,22.741165161132812,547.0112915039062,1943.9940185546875,470.3999938964844,890.87451171875,753.6842041015625,1048.699951171875,11567.8740234375,1294.3499755859375,317.3634948730469,925.849365234375,631.1013793945312,1733.906005859375,384.5997619628906,806.2968139648438,115.06269836425781,917.7449951171875
2023-11-15,21.600000381469727,902.482421875,949.387939453125,1375.3753662109375,54.0776481628418,500.8702697753906,22.370147705078125,543.1377563476562,1946.9940185546875,482.0,907.111572265625,753.6842041015625,1037.300048828125,11745.8408203125,1279.5999755859375,314.9951171875,923.70703125,626.8345336914062,1717.0732421875,399.2791442871094,782.2569580078125,112.08297729492188,911.4450073242188
2023-11-16,21.049999237060547,851.7643432617188,922.0059204101562,1296.457275390625,55.02804183959961,472.3376770019531,21.126150131225586,533.074951171875,1899.494140625,473.75,878.341796875,772.5263671875,1029.300048828125,11386.408203125,1232.0,307.2742004394531,900.9381713867188,601.6215209960938,1668.3497314453125,369.5533752441406,721.676513671875,110.02010345458984,876.1950073242188
2023-11-17,21.75,897.510009765625,992.745849609375,1435.062255859375,56.643714904785156,518.7205200195312,21.540813446044922,562.5475463867188,1929.4940185546875,513.4500122070312,958.6217651367188,772.5263671875,1077.75,11156.9501953125,1326.949951171875,345.5946350097656,937.9063720703125,603.173095703125,1816.4385986328125,373.2232360839844,760.62109375,111.62455749511719,965.2449951171875
2023-11-21,26.75,1016.8465576171875,1162.133544921875,1673.1456298828125,68.76129150390625,653.8922729492188,25.949371337890625,759.256103515625,2556.4921875,680.7999877929688,1139.0360107421875,772.5263671875,1197.4000244140625,10807.013671875,1613.8499755859375,424.55657958984375,1335.8875732421875,840.5634155273438,2384.048583984375,522.2189331054688,892.8402709960938,129.9612274169922,1337.9749755859375
2023-11-22,30.600000381469727,1073.0340576171875,1115.297119140625,1721.90869140625,70.61457061767578,678.3554077148438,27.477088928222656,907.9663696289062,2799.9912109375,708.6500244140625,1130.42236328125,772.5263671875,1270.699951171875,10806.513671875,1687.800048828125,444.6878356933594,1467.319091796875,851.0365600585938,2476.076904296875,550.1097412109375,972.652587890625,132.71176147460938,1492.02001953125
2023-11-23,33.29999923706055,1104.857177734375,1136.9761962890625,1753.2679443359375,72.46784210205078,740.0450439453125,28.590139389038086,943.1651611328125,3147.990234375,790.3499755859375,1175.94580078125,781.9473876953125,1334.5,11152.9501953125,1806.550048828125,472.2558288574219,1632.1314697265625,904.1778564453125,2708.136962890625,573.5967407226562,985.1533203125,139.35879516601562,1578.0250244140625
2023-11-24,36.650001525878906,1032.2608642578125,1370.066162109375,2109.85302734375,70.42448425292969,813.943115234375,28.502843856811523,892.8932495117188,3304.48974609375,917.7999877929688,1309.889404296875,781.9473876953125,1280.75,11050.96875,1871.5,567.275390625,1562.429931640625,963.137451171875,3086.70361328125,614.3320922851562,910.1489868164062,151.96527099609375,1739.635009765625
2023-11-27,34.0,907.4547729492188,1367.80126953125,2117.828125,63.344024658203125,691.4887084960938,26.82235336303711,715.762939453125,3075.490478515625,744.4500122070312,1378.6700439453125,810.2105712890625,1184.3499755859375,9969.1689453125,1710.300048828125,580.585693359375,1571.995849609375,887.1105346679688,2532.37744140625,560.3853149414062,799.0848388671875,157.4662628173828,1572.8199462890625
2023-11-28,31.350000381469727,829.3887939453125,1235.4620361328125,1910.3153076171875,60.58787536621094,649.730224609375,25.491056442260742,671.048828125,3014.99072265625,680.5999755859375,1239.3861083984375,895.0,1071.5999755859375,10094.6455078125,1566.75,539.8021850585938,1366.5283203125,834.7450561523438,2301.56396484375,561.4862670898438,728.4076538085938,149.4439697265625,1440.780029296875
2023-11-29,34.5,890.5487060546875,1238.333740234375,1995.920166015625,61.063072204589844,655.0945434570312,27.062423706054688,697.8688354492188,3022.49072265625,668.6500244140625,1275.0035400390625,895.0,1085.949951171875,10632.0458984375,1574.550048828125,568.3649291992188,1416.649658203125,880.516357421875,2265.405029296875,582.7713623046875,759.6594848632812,149.90240478515625,1430.14501953125
2023-11-30,36.54999923706055,951.21142578125,1285.3721923828125,1980.053955078125,63.676666259765625,688.529052734375,27.49891471862793,711.5525512695312,3221.989990234375,736.0,1296.3658447265625,895.0,1163.050048828125,10668.0400390625,1633.4000244140625,571.7279663085938,1489.6893310546875,889.0499877929688,2311.490966796875,584.2393188476562,794.27685546875,149.6731719970703,1445.0
2023-12-01,38.95000076293945,1044.1943359375,1358.7008056640625,2187.940185546875,67.62081909179688,708.2290649414062,28.368515014648438,725.1099853515625,3489.9892578125,771.1500244140625,1378.49755859375,895.0,1260.050048828125,11164.9482421875,1738.5,599.9117431640625,1551.568603515625,937.5365600585938,2455.791259765625,630.8463134765625,883.7051391601562,153.34048461914062,1529.68994140625
2023-12-04,39.0,1020.3271484375,1331.723388671875,2058.1826171875,69.23648834228516,670.4476318359375,27.54848861694336,711.42626953125,3490.9892578125,756.7000122070312,1310.535400390625,895.0,1215.949951171875,10791.017578125,1693.25,579.5436401367188,1531.0418701171875,962.7496337890625,2317.101806640625,674.1505126953125,884.666748046875,154.48655700683594,1466.4549560546875
2023-12-05,39.45000076293945,980.5484008789062,1401.775634765625,2120.528076171875,72.51537322998047,739.9987182617188,28.656633377075195,756.4772338867188,3589.48876953125,816.5999755859375,1413.8140869140625,950.0,1267.75,10922.4931640625,1806.8499755859375,615.2589111328125,1590.7291259765625,1074.462646484375,2391.817626953125,753.7861328125,848.1261596679688,165.48858642578125,1614.925048828125
2023-12-06,39.95000076293945,1018.83544921875,1397.326904296875,2079.489990234375,73.32321166992188,779.0750732421875,28.257701873779297,739.6357421875,3381.489501953125,810.4000244140625,1405.200439453125,950.0,1272.6500244140625,10759.0224609375,1800.199951171875,621.2745971679688,1590.38037109375,1143.8955078125,2408.41064453125,751.9512329101562,905.3410034179688,171.44796752929688,1580.030029296875
2023-12-07,43.70000076293945,1090.9346923828125,1415.7701416015625,2185.572509765625,78.8830337524414,800.469970703125,30.407503128051758,807.5911254882812,3466.9892578125,853.0999755859375,1427.2945556640625,950.0,1310.9000244140625,11730.8447265625,1901.0999755859375,697.8681640625,1624.8076171875,1153.5927734375,2659.173583984375,768.8325805664062,965.440673828125,176.71978759765625,1648.9100341796875
2023-12-11,48.400001525878906,1112.81298828125,1517.28955078125,2303.368408203125,84.68046569824219,843.4541625976562,30.762109756469727,797.6124877929688,3382.989501953125,926.5499877929688,1512.87158203125,950.0,1313.699951171875,11726.3447265625,1938.5999755859375,743.6253662109375,1692.01806640625,1182.6846923828125,2777.913330078125,841.4954223632812,952.93994140625,191.8475799560547,1749.5350341796875
2023-12-12,58.5,1109.332275390625,1501.1920166015625,2254.397705078125,89.6225357055664,905.7742309570312,31.183204650878906,859.1260375976562,3541.489013671875,1038.0,1533.975341796875,950.0,1409.9000244140625,11935.8076171875,2061.35009765625,724.1098022460938,1746.2247314453125,1324.6534423828125,2920.391357421875,878.1939086914062,964.4790649414062,203.7664031982422,1821.7149658203125
2023-12-13,61.29999923706055,1038.7249755859375,1527.7650146484375,2355.95263671875,83.77758026123047,931.3699951171875,31.316181182861328,860.2628784179688,3575.489013671875,1041.8499755859375,1573.9862060546875,950.0,1397.75,11942.8037109375,2060.35009765625,768.3038330078125,1677.9183349609375,1443.3486328125,2957.365478515625,888.1024780273438,893.3211059570312,206.05850219726562,1819.1650390625
2023-12-14,57.0,1020.8244018554688,1503.861083984375,2393.3349609375,82.06685638427734,951.8187255859375,31.005901336669922,851.7158203125,3488.4892578125,1024.300048828125,1540.8665771484375,950.0,1399.1500244140625,11844.8232421875,2029.5999755859375,757.3619384765625,1576.5794677734375,1438.3060302734375,3003.211669921875,871.5881958007812,848.1261596679688,207.66294860839844,1799.5450439453125
2023-12-15,52.599998474121094,917.8966674804688,1380.3800048828125,2240.234130859375,78.45535278320312,858.7559814453125,29.919919967651367,812.3067626953125,3404.989501953125,963.6500244140625,1423.418212890625,950.0,1315.5999755859375,11979.298828125,1950.550048828125,691.4735107421875,1514.7000732421875,1317.6712646484375,2914.87646484375,818.0084838867188,778.891357421875,199.640625,1701.5899658203125
2023-12-18,51.20000076293945,946.2391357421875,1383.898681640625,2141.960205078125,76.60208129882812,851.800537109375,29.653963088989258,803.1281127929688,3354.989501953125,1037.5999755859375,1418.422119140625,950.0,1301.1500244140625,11619.8642578125,1944.300048828125,686.8788452148438,1522.970703125,1321.938232421875,2863.323486328125,828.2839965820312,784.1801147460938,194.13963317871094,1689.969970703125
2023-12-19,57.900001525878906,984.0289916992188,1337.7901611328125,2093.65380859375,77.6950454711914,818.0902709960938,29.74261474609375,786.918212890625,3517.989013671875,1004.25,1379.1871337890625,950.0,1304.5999755859375,11637.361328125,1939.9000244140625,673.5685424804688,1515.397705078125,1344.43603515625,2731.2998046875,816.9075317382812,804.8544311523438,198.0361785888672,1671.4449462890625
2023-12-20,62.400001525878906,947.2335815429688,1415.931884765625,2185.572509765625,79.40576171875,802.41748046875,29.67612648010254,776.4765014648438,3739.988525390625,951.75,1442.756103515625,950.0,1305.1500244140625,11102.958984375,1912.1500244140625,742.4884643554688,1549.9244384765625,1342.8843994140625,2756.476806640625,802.2281494140625,793.3153076171875,199.86984252929688,1678.875
2023-12-21,62.20000076293945,943.7529296875,1471.908935546875,2331.529541015625,84.44285583496094,831.0271606445312,30.119386672973633,767.1294555664062,3696.488525390625,938.4000244140625,1484.2313232421875,950.0,1347.699951171875,11095.4609375,1919.5,815.7189331054688,1546.38720703125,1299.4404296875,2763.046875,842.2294311523438,825.0479125976562,205.82928466796875,1712.989990234375
2023-12-22,58.20000076293945,936.29443359375,1500.180908203125,2392.794677734375,84.72798156738281,855.6425170898438,32.224857330322266,784.265625,3569.989013671875,938.4000244140625,1512.69970703125,950.0,1320.300048828125,10669.5400390625,1949.050048828125,800.419189453125,1491.3831787109375,1317.6712646484375,2810.283935546875,860.9456787109375,813.0279541015625,207.8921356201172,1686.6600341796875
2023-12-26,53.70000076293945,882.095703125,1444.850830078125,2264.906005859375,82.87469482421875,825.15185546875,32.31351089477539,756.8140869140625,3363.489501953125,935.5,1433.453125,950.0,1299.949951171875,10280.111328125,1881.25,772.6616821289062,1427.760009765625,1312.240966796875,2752.49658203125,855.807861328125,769.2754516601562,204.91244506835938,1642.5150146484375
2023-12-27,49.29999923706055,835.3556518554688,1407.07421875,2120.98486328125,77.6950454711914,761.4786987304688,31.050228118896484,714.836669921875,3325.98974609375,892.75,1378.49755859375,950.0,1304.4000244140625,10211.1240234375,1826.0999755859375,737.799072265625,1322.834228515625,1252.117431640625,2634.90771484375,837.4586181640625,739.4660034179688,195.74411010742188,1569.68505859375
2023-12-28,52.099998474121094,865.346435546875,1418.1966552734375,2270.388916015625,77.50496673583984,805.1031494140625,32.09188461303711,754.456298828125,3642.48876953125,931.1500244140625,1433.8839111328125,950.0,1326.5999755859375,10252.1162109375,1864.050048828125,750.5883178710938,1333.4462890625,1330.8597412109375,2742.137939453125,880.7628173828125,785.1417236328125,205.82928466796875,1596.8499755859375
2023-12-29,52.599998474121094,915.5762939453125,1436.0335693359375,2218.0126953125,80.16606903076172,835.9186401367188,32.53514099121094,775.2975463867188,3613.48876953125,942.0,1444.52197265625,895.0,1393.550048828125,10388.5908203125,1931.5999755859375,738.4149169921875,1378.087158203125,1399.5167236328125,2835.31689453125,888.1024780273438,816.3935546875,206.5168914794922,1668.8199462890625
2024-01-02,53.599998474121094,897.672607421875,1427.7825927734375,2316.451904296875,83.01726531982422,832.5772705078125,32.756771087646484,783.5919799804688,3399.989501953125,993.9500122070312,1452.231201171875,895.0,1393.5999755859375,10079.6484375,1915.3499755859375,735.7622680664062,1406.884521484375,1512.3935546875,2920.822998046875,905.7177734375,793.3153076171875,204.91244506835938,1653.06494140625
2024-01-03,52.400001525878906,939.9452514648438,1440.2802734375,2369.53466796875,85.53582000732422,866.1309814453125,33.532470703125,800.8544921875,3394.489501953125,1043.3499755859375,1526.0938720703125,895.0,1438.9000244140625,10075.1484375,2047.0999755859375,736.7096557617188,1439.1195068359375,1561.6558837890625,3023.4013671875,890.3043212890625,831.779052734375,204.22482299804688,1776.0
2024-01-04,51.20000076293945,1011.0628051757812,1471.6663818359375,2408.70361328125,88.05437469482422,899.034912109375,34.551963806152344,838.3268432617188,3370.489501953125,1042.9000244140625,1550.94482421875,895.0,1453.25,10393.08984375,2140.5,725.8624267578125,1516.3941650390625,1626.046142578125,3080.996826171875,868.6522827148438,897.16748046875,203.30801391601562,1808.5
2024-01-05,52.29999923706055,1077.7044677734375,1541.233642578125,2480.51904296875,92.56876373291016,965.5390625,35.15036392211914,873.020263671875,3444.4892578125,1034.300048828125,1627.3052978515625,895.0,1536.75,12249.7490234375,2208.60009765625,746.6568603515625,1641.59765625,1649.319580078125,3105.838134765625,869.7532348632812,972.652587890625,206.74609375,1901.405029296875
2024-01-08,56.5,1077.7044677734375,1650.0330810546875,2615.59326171875,100.78971099853516,1053.06640625,36.81258010864258,932.5970458984375,3603.48876953125,1094.8499755859375,1720.33349609375,895.0,1587.800048828125,14203.8896484375,2366.75,823.1082763671875,1697.149658203125,1695.4788818359375,3271.622802734375,898.3780517578125,948.1319580078125,208.57977294921875,1995.574951171875
2024-01-09,55.400001525878906,1051.3460693359375,1553.6502685546875,2470.0517578125,95.65755462646484,1027.256103515625,35.63794708251953,883.1251831054688,3680.988525390625,1058.300048828125,1629.9326171875,895.0,1563.4000244140625,15638.1259765625,2243.949951171875,785.6878051757812,1600.1953125,1696.6424560546875,3111.78466796875,895.8092041015625,904.8602294921875,210.6426544189453,1920.4549560546875
2024-01-10,57.5,1050.3515625,1561.537109375,2506.935302734375,97.22571563720703,1041.9266357421875,39.16184997558594,911.8399047851562,3770.48828125,1073.050048828125,1652.5003662109375,895.0,1582.4000244140625,16029.0546875,2223.800048828125,817.4715576171875,1573.98876953125,1652.810546875,3194.653076171875,924.4338989257812,911.110595703125,228.9793243408203,1904.824951171875
2024-01-11,57.0,1004.5975952148438,1520.20166015625,2469.38720703125,97.60587310791016,1007.246826171875,39.516456604003906,879.7147827148438,3782.48828125,1044.75,1588.7586669921875,895.0,1519.199951171875,15097.224609375,2180.699951171875,791.8930053710938,1541.00634765625,1650.095458984375,3105.2626953125,926.6358032226562,884.1859741210938,231.9590606689453,1878.449951171875
2024-01-12,55.79999923706055,953.870361328125,1536.21826171875,2533.103271484375,98.93643188476562,993.3191528320312,38.74075698852539,882.3252563476562,3796.48828125,1060.75,1594.6162109375,895.0,1514.449951171875,14641.810546875,2179.699951171875,794.0718994140625,1513.7535400390625,1622.167236328125,3180.122314453125,918.1952514648438,852.4533081054688,231.50064086914062,1820.5849609375
2024-01-15,54.900001525878906,962.3248901367188,1531.9307861328125,2523.259033203125,97.22571563720703,990.440673828125,38.275333404541016,925.355224609375,3829.988037109375,1062.6500244140625,1590.7830810546875,895.0,1512.3499755859375,14414.8505859375,2241.35009765625,774.130126953125,1543.3480224609375,1663.28369140625,3258.3388671875,943.1502075195312,847.16455078125,228.52090454101562,1836.0999755859375
2024-01-16,55.099998474121094,993.1591186523438,1544.1456298828125,2544.8994140625,99.60171508789062,1030.3665771484375,39.228336334228516,920.8501586914062,3824.988037109375,1055.449951171875,1621.189453125,895.0,1555.1500244140625,16220.5185546875,2261.050048828125,803.7822875976562,1621.270263671875,1719.5281982421875,3274.404296875,997.4638671875,884.666748046875,232.87586975097656,1808.68505859375
2024-01-17,59.400001525878906,1034.9344482421875,1684.533203125,2910.5380859375,101.02731323242188,1071.128173828125,40.048362731933594,955.1224975585938,3886.488037109375,1107.550048828125,1767.9671630859375,895.0,1675.300048828125,16407.484375,2400.0,884.2125854492188,1717.726318359375,1784.3062744140625,3498.35986328125,1023.88671875,933.7080688476562,241.5858154296875,1910.625
2024-01-18,67.0,1015.0413818359375,1735.2930908203125,2986.2587890625,101.12235260009766,1057.757568359375,38.762916564941406,962.785400390625,3933.98779296875,1187.449951171875,1815.9886474609375,895.0,1733.050048828125,16153.03125,2404.35009765625,936.0802001953125,1729.1854248046875,1805.2525634765625,3418.896484375,998.1978149414062,916.880126953125,243.87791442871094,1962.2449951171875
2024-01-19,64.30000305175781,1001.6136474609375,1843.2431640625,3084.07568359375,104.02105712890625,1107.3399658203125,38.94021987915039,989.3107299804688,4139.4873046875,1294.449951171875,1937.0550537109375,895.0,1792.699951171875,16103.541015625,2490.949951171875,978.521728515625,1925.8343505859375,1852.963134765625,3602.472900390625,1026.8226318359375,918.3225708007812,256.25518798828125,2017.52001953125
2024-01-22,63.5,1005.0949096679688,1994.47119140625,3302.678466796875,108.58296966552734,1122.9853515625,39.58294677734375,1037.1405029296875,4311.98681640625,1329.699951171875,2069.620361328125,895.0,1919.3499755859375,16364.4921875,2552.25,1055.7783203125,2057.016845703125,1938.6875,3707.353271484375,1040.76806640625,944.766357421875,258.08880615234375,2053.18994140625
2024-01-23,62.400001525878906,1030.45849609375,1964.0960693359375,3244.3623046875,112.57463836669922,1099.3548583984375,40.53594970703125,1014.69921875,4294.98681640625,1290.0,2044.0374755859375,895.0,1880.5,15847.0869140625,2476.0,1031.573486328125,1967.984130859375,1918.905029296875,3642.276611328125,1062.787109375,963.5174560546875,259.9224548339844,2057.5
2024-01-24,62.79999923706055,1069.2498779296875,2026.058837890625,3385.749755859375,118.65718841552734,1087.9342041015625,40.9127197265625,1020.0043334960938,4615.98583984375,1281.6500244140625,2132.0693359375,895.0,1869.800048828125,15941.0703125,2551.64990234375,1058.099365234375,1963.5001220703125,1942.9544677734375,3689.08203125,1080.4024658203125,1041.4066162109375,259.4640197753906,2145.195068359375
2024-01-25,69.30000305175781,1080.1910400390625,2123.33154296875,3561.155517578125,117.94438934326172,1136.9129638671875,41.178672790527344,1028.55126953125,4898.98486328125,1274.949951171875,2241.765380859375,895.0,1880.25,15665.62109375,2560.5,1113.56689453125,2046.95263671875,1961.185302734375,3784.8984375,1100.9534912109375,1051.984130859375,261.2976989746094,2218.840087890625
2024-01-26,66.0999984741211,1033.939697265625,2120.176513671875,3436.091796875,113.85768127441406,1112.029052734375,40.13701629638672,1000.762939453125,4909.98486328125,1276.449951171875,2254.169189453125,895.0,1770.5,15807.5947265625,2466.5,1070.1307373046875,1967.834716796875,1888.649169921875,3648.319091796875,1100.219482421875,993.8076782226562,256.25518798828125,2198.175048828125
2024-01-29,63.0,1018.522705078125,2062.380126953125,3421.221923828125,110.43624114990234,1105.6688232421875,39.53861618041992,980.5110473632812,4827.48486328125,1250.3499755859375,2299.69287109375,895.0,1782.949951171875,15352.677734375,2483.199951171875,1054.3572998046875,1977.8988037109375,1877.4005126953125,3640.070556640625,1085.9072265625,1005.3468017578125,252.12937927246094,2196.0400390625
2024-01-30,62.400001525878906,1011.0628051757812,2099.347412109375,3507.1171875,110.57880401611328,1128.417236328125,40.02620315551758,987.1212768554688,4918.48486328125,1252.1500244140625,2363.692626953125,895.0,1846.0,15204.7060546875,2504.199951171875,1068.378173828125,2030.31201171875,1863.82421875,3720.4453125,1103.889404296875,983.2301635742188,252.12937927246094,2210.294921875
2024-01-31,62.20000076293945,1026.4798583984375,2102.29931640625,3552.018310546875,109.58088684082031,1131.388427734375,41.15650939941406,979.037353515625,4998.984375,1241.300048828125,2370.152587890625,895.0,1804.8499755859375,14843.7724609375,2450.800048828125,1069.7991943359375,1956.3258056640625,1843.65380859375,3643.092041015625,1105.7242431640625,982.2685546875,248.9204559326172,2179.93505859375
2024-02-01,64.69999694824219,1064.276611328125,2128.710693359375,3691.703125,113.14488220214844,1161.193603515625,46.608585357666016,1032.17236328125,5031.484375,1268.050048828125,2417.226806640625,895.0,1874.9000244140625,14938.2548828125,2552.550048828125,1109.493408203125,2032.304931640625,1875.4609375,3804.9443359375,1119.669677734375,1011.1163940429688,258.5472106933594,2255.889892578125
2024-02-02,66.0999984741211,1065.2713623046875,2152.08837890625,3737.516845703125,120.89061737060547,1183.570556640625,48.58108139038086,1034.361572265625,5073.984375,1291.0,2438.460205078125,895.0,1854.5999755859375,14893.2626953125,2535.10009765625,1175.80810546875,2065.785400390625,1927.4388427734375,3794.777587890625,1124.4405517578125,1025.540283203125,270.9244689941406,2253.760009765625
2024-02-05,63.29999923706055,1036.426513671875,2022.904052734375,3504.833251953125,118.94230651855469,1111.0076904296875,51.262794494628906,971.7113037109375,4906.98486328125,1214.9000244140625,2319.41796875,895.0,1759.199951171875,14801.779296875,2440.300048828125,1129.6246337890625,1952.240234375,1851.02392578125,3580.8447265625,1070.8607177734375,1016.4051513671875,266.7987976074219,2127.820068359375
2024-02-06,60.900001525878906,1013.0521240234375,1970.6077880859375,3396.466552734375,117.2315902709961,1053.2080078125,53.301780700683594,931.2076416015625,4750.4853515625,1152.5,2213.12451171875,895.0,1686.25,14351.3623046875,2336.449951171875,1076.9044189453125,1934.35400390625,1849.0843505859375,3454.2880859375,1055.8143310546875,958.2286987304688,261.2976989746094,2069.320068359375
2024-02-07,56.0,993.1591186523438,1809.8350830078125,3128.72607421875,112.09944152832031,1010.7286987304688,50.17681121826172,907.8400268554688,4427.486328125,1162.9000244140625,2078.966064453125,895.0,1615.25,13584.5029296875,2211.800048828125,972.7901611328125,1806.858642578125,1668.326171875,3177.868408203125,953.7926635742188,913.995361328125,251.6709747314453,2002.2550048828125
2024-02-08,52.79999923706055,968.2927856445312,1742.33056640625,2985.67724609375,108.39289093017578,969.8743286132812,46.87453842163086,856.2630004882812,4562.98583984375,1072.1500244140625,1984.5594482421875,895.0,1567.300048828125,13390.0390625,2197.64990234375,906.5228271484375,1726.5947265625,1607.42724609375,3093.033935546875,892.50634765625,884.666748046875,245.25311279296875,1989.8599853515625
2024-02-09,56.599998474121094,988.6831665039062,1810.88623046875,3048.479736328125,109.20073699951172,967.599365234375,49.511924743652344,835.2953491210938,4788.9853515625,1102.3499755859375,2002.562255859375,895.0,1536.8499755859375,14057.916015625,2164.35009765625,927.4593505859375,1792.8585205078125,1628.3734130859375,3142.71630859375,887.7354736328125,885.1475219726562,245.25311279296875,2053.35009765625
2024-02-14,55.0,935.4692993164062,1771.8157958984375,3020.4833984375,104.35370635986328,928.6019897460938,51.1076545715332,820.1801147460938,4562.48583984375,1090.449951171875,2029.3509521484375,895.0,1514.050048828125,13717.978515625,2071.14990234375,917.6542358398438,1789.121826171875,1551.95849609375,3015.53662109375,869.3862915039062,862.0692749023438,240.66897583007812,2006.1800537109375
2024-02-15,59.400001525878906,899.661865234375,1787.994140625,3023.26708984375,104.54378509521484,905.528564453125,50.509254455566406,839.6320190429688,4519.98583984375,1110.0,2022.5452880859375,950.0,1473.949951171875,14000.927734375,2012.0999755859375,911.4963989257812,1798.737548828125,1551.182861328125,3016.831298828125,899.8460083007812,858.222900390625,231.50064086914062,1963.06005859375
2024-02-16,57.599998474121094,889.7153930664062,1733.18994140625,2928.233154296875,101.7876205444336,873.5878295898438,52.32661437988281,802.7070922851562,4350.986328125,1049.949951171875,1989.08154296875,950.0,1438.75,14005.42578125,1915.4000244140625,905.149169921875,1726.7442626953125,1524.418212890625,2904.66162109375,920.0301513671875,845.2413940429688,225.5411834716797,1892.43994140625
2024-02-19,57.70000076293945,907.619140625,1759.0352783203125,2984.514404296875,102.16778564453125,863.3278198242188,51.972007751464844,839.2109985351562,4408.486328125,1086.1500244140625,1991.105712890625,1267.0,1460.800048828125,13931.439453125,1933.699951171875,919.6436157226562,1720.2174072265625,1511.2298583984375,2886.677978515625,947.5540161132812,854.8572998046875,231.50064086914062,1889.1099853515625
2024-02-20,55.0,880.2662353515625,1740.025390625,3045.073974609375,97.36827087402344,879.2517700195312,51.86119079589844,799.254638671875,4313.48681640625,1049.4000244140625,2006.7403564453125,1267.0,1436.3499755859375,13557.0087890625,1896.6500244140625,925.4699096679688,1712.9931640625,1454.5975341796875,2850.375244140625,970.6739501953125,803.892822265625,233.79269409179688,1881.614990234375
2024-02-21,52.0,821.581787109375,1738.2861328125,3086.52587890625,93.61420440673828,859.892333984375,48.82487487792969,778.8342895507812,4224.98681640625,1065.550048828125,1983.7410888671875,1213.5,1439.300048828125,13002.111328125,1877.300048828125,890.8914794921875,1682.103271484375,1399.5167236328125,2786.833251953125,980.5826416015625,764.9482421875,217.74810791015625,1881.989990234375
2024-02-22,53.70000076293945,818.5978393554688,1774.2427978515625,3291.6298828125,95.65755462646484,880.08740234375,48.73622512817383,781.6552124023438,4403.986328125,1069.75,2098.346435546875,1213.5,1503.949951171875,13086.5947265625,1909.4000244140625,898.18603515625,1734.7655029296875,1400.29248046875,2989.544189453125,947.1869506835938,772.6409912109375,224.39515686035156,2001.5250244140625
2024-02-23,53.599998474121094,881.2608642578125,1891.1715087890625,3389.488525390625,95.8476333618164,882.5015869140625,48.58108139038086,780.6868286132812,4474.986328125,1098.449951171875,2130.002197265625,1213.5,1505.0,12755.65625,1997.5999755859375,939.86962890625,1812.4884033203125,1413.48095703125,3091.4033203125,923.7000122070312,835.6254272460938,225.9996337890625,2021.010009765625
2024-02-26,50.900001525878906,890.2127075195312,1850.92822265625,3353.6015625,94.94476318359375,835.0546875,47.827545166015625,762.8770141601562,4354.986328125,998.2000122070312,2132.7158203125,1213.5,1427.25,12238.25,1904.8499755859375,902.4965209960938,1700.1888427734375,1357.2364501953125,2905.28515625,928.1038208007812,831.779052734375,224.8535919189453,1963.1400146484375
2024-02-27,47.25,820.587158203125,1791.9176025390625,3289.262451171875,94.04187774658203,811.888427734375,45.4339485168457,738.6673583984375,4077.9873046875,928.7999877929688,2040.4622802734375,1213.5,1397.5,11484.888671875,1833.949951171875,867.9181518554688,1608.6651611328125,1267.6331787109375,2740.028076171875,879.2948608398438,764.4674682617188,220.95701599121094,1899.5450439453125
2024-02-28,43.400001525878906,747.9776611328125,1782.0484619140625,3306.208740234375,91.28572845458984,787.282958984375,43.949039459228516,702.9634399414062,3862.988037109375,906.7000122070312,1997.3516845703125,1213.5,1350.199951171875,11180.9453125,1771.5999755859375,826.6608276367188,1528.5008544921875,1246.299072265625,2673.560546875,815.4395751953125,716.8685302734375,212.47630310058594,1825.8399658203125
2024-02-29,45.45000076293945,772.3465576171875,1805.4263916015625,3522.444580078125,91.76092529296875,789.604248046875,44.879878997802734,694.921630859375,3913.98779296875,907.5499877929688,2031.5040283203125,1213.5,1422.699951171875,11193.9423828125,1769.199951171875,893.7808837890625,1558.892578125,1229.23193359375,2666.319091796875,801.1271362304688,726.4844970703125,221.4154510498047,1831.050048828125
2024-03-01,47.400001525878906,837.9935302734375,1860.5545654296875,3497.855224609375,98.84139251708984,812.2598266601562,46.9410285949707,716.3944702148438,4009.987548828125,952.1500244140625,2050.32568359375,1213.5,1497.050048828125,11332.4169921875,1862.9000244140625,889.707275390625,1581.611572265625,1328.5323486328125,2782.133544921875,831.5869140625,781.2953491210938,234.25112915039062,1934.635009765625
2024-03-04,51.400001525878906,801.6887817382812,1876.3685302734375,3508.1142578125,103.49834442138672,797.6358032226562,46.54209518432617,696.6478271484375,4052.987548828125,917.8499755859375,2021.33984375,1213.5,1517.300048828125,11503.884765625,1785.1500244140625,881.2284545898438,1560.0384521484375,1375.4674072265625,2764.485595703125,805.531005859375,757.2554931640625,242.50265502929688,1986.9749755859375
2024-03-05,47.45000076293945,755.934814453125,1803.4447021484375,3307.1640625,96.37035369873047,771.6375122070312,43.61659240722656,681.827392578125,3844.488037109375,882.2000122070312,1918.2337646484375,1213.5,1420.3499755859375,10892.998046875,1708.550048828125,834.4765014648438,1463.0343017578125,1282.7611083984375,2569.255615234375,739.1067504882812,701.0022583007812,232.41746520996094,1900.9000244140625
2024-03-06,48.650001525878906,736.5391235351562,1933.8424072265625,3416.5283203125,98.84139251708984,756.0850219726562,43.5279426574707,690.7533569335938,3748.98828125,832.75,1998.8587646484375,1213.5,1386.25,10954.986328125,1715.5999755859375,879.7127075195312,1423.624755859375,1245.135498046875,2485.907958984375,698.7384643554688,688.9822998046875,227.83328247070312,1897.875
2024-03-07,46.099998474121094,751.9562377929688,2018.8599853515625,3412.665283203125,102.5479507446289,741.0431518554688,41.84355926513672,684.7745971679688,3607.98876953125,807.0999755859375,2002.4761962890625,1213.5,1355.4000244140625,10696.5341796875,1622.300048828125,916.8015747070312,1333.49609375,1203.6309814453125,2411.719482421875,669.3796997070312,719.7532958984375,222.79067993164062,1869.8199462890625
2024-03-08,47.29999923706055,744.496337890625,2063.26904296875,3469.278564453125,99.41163635253906,764.7201538085938,41.688419342041016,706.2053833007812,3685.488525390625,839.75,2015.78369140625,1213.5,1415.4000244140625,12063.7822265625,1668.5,926.180419921875,1441.261962890625,1210.613037109375,2455.599365234375,669.3796997070312,704.3677978515625,217.2897186279297,1849.9300537109375
2024-03-11,44.79999923706055,712.66748046875,1927.9376220703125,3295.6171875,95.61003875732422,732.4080200195312,40.3143196105957,676.8170776367188,3531.989013671875,801.2999877929688,1913.75439453125,1213.5,1357.75,11140.453125,1604.1500244140625,851.2920532226562,1329.06201171875,1161.3505859375,2362.85205078125,658.3702392578125,685.1359252929688,211.10105895996094,1772.7550048828125
2024-03-12,48.0,766.8759765625,2086.930419921875,3554.135986328125,102.50041961669922,787.5615234375,43.284149169921875,727.2993774414062,3726.488525390625,881.0999755859375,2099.294677734375,1213.5,1435.75,11448.3955078125,1700.0,911.7332763671875,1452.422119140625,1226.128662109375,2573.715576171875,725.161376953125,707.2526245117188,223.936767578125,1883.85498046875
2024-03-13,48.650001525878906,796.7154541015625,2213.68798828125,3691.868408203125,112.6221694946289,768.4806518554688,44.65824890136719,718.7523193359375,3564.489013671875,819.25,2198.39501953125,1213.5,1448.1500244140625,11723.8447265625,1665.1500244140625,1032.9471435546875,1460.742431640625,1295.949462890625,2493.197021484375,770.3004760742188,721.1957397460938,225.5411834716797,1895.6199951171875
2024-03-14,46.599998474121094,791.2449340820312,2153.261962890625,3652.6171875,110.38872528076172,762.9559936523438,42.996028900146484,705.15283203125,3653.98876953125,793.0499877929688,2135.946044921875,1213.5,1457.3499755859375,11452.8955078125,1663.4000244140625,988.4688720703125,1490.885009765625,1371.9764404296875,2493.772705078125,746.8134155273438,717.8301391601562,220.26942443847656,1907.18505859375
2024-03-15,46.650001525878906,785.2769775390625,2261.33349609375,3894.562744140625,112.90728759765625,790.254150390625,43.86038589477539,715.0050659179688,3830.988037109375,814.4500122070312,2209.2490234375,1213.5,1483.1500244140625,11961.8017578125,1711.3499755859375,1086.3779296875,1641.3984375,1454.2095947265625,2626.851318359375,781.3099975585938,709.17578125,218.66494750976562,1930.02001953125
2024-03-18,45.0,785.2769775390625,2339.27294921875,4048.70361328125,122.3637466430664,888.3047485351562,44.613922119140625,755.3825073242188,3889.488037109375,915.4500122070312,2299.090576171875,1213.5,1536.25,12289.7421875,1839.050048828125,1107.50390625,1664.61572265625,1543.037109375,2806.782958984375,836.7246704101562,712.5413818359375,220.95701599121094,2078.669921875
2024-03-19,47.29999923706055,849.4320068359375,2300.606201171875,4095.7216796875,117.51671600341797,879.9017333984375,45.69990539550781,744.8566284179688,3968.48779296875,923.5,2258.1318359375,1213.5,1519.550048828125,13847.955078125,1817.199951171875,1136.0665283203125,1655.4483642578125,1508.1265869140625,2821.36181640625,846.6332397460938,772.6409912109375,223.4783172607422,2051.764892578125
2024-03-20,54.0,891.7047119140625,2424.128173828125,4383.27587890625,123.3616714477539,942.2047119140625,46.74156188964844,780.01318359375,4143.4873046875,1008.3499755859375,2394.960205078125,1213.5,1580.0,13882.4482421875,1921.9000244140625,1176.7080078125,1750.1607666015625,1527.5213623046875,3003.02001953125,864.2484741210938,788.50732421875,230.12539672851562,2123.389892578125
2024-03-21,53.5,935.4692993164062,2457.577392578125,4621.482421875,128.01861572265625,983.9876098632812,48.403778076171875,815.0435180664062,4370.986328125,986.6500244140625,2449.22705078125,1213.0,1595.6500244140625,13969.4326171875,1921.5,1237.196533203125,1737.3564453125,1547.6917724609375,3060.279541015625,874.1570434570312,840.4334106445312,233.33432006835938,2222.85009765625
2024-03-22,53.599998474121094,919.0576171875,2498.87158203125,4718.67626953125,130.96485900878906,982.6412963867188,47.716732025146484,819.2959594726562,4410.986328125,1012.0499877929688,2455.773193359375,1213.0,1580.8499755859375,14208.888671875,1921.5999755859375,1238.04931640625,1721.1641845703125,1593.463134765625,3131.206787109375,880.3958129882812,826.9710693359375,232.87586975097656,2217.43505859375
2024-03-25,50.70000076293945,909.111083984375,2467.971923828125,4688.02197265625,129.3966827392578,934.45166015625,46.38695526123047,804.1807250976562,4329.98681640625,981.5499877929688,2440.182861328125,1213.0,1522.0,13760.970703125,1863.6500244140625,1233.54931640625,1665.363037109375,1608.2030029296875,3047.37939453125,914.1583251953125,844.7605590820312,235.16795349121094,2199.675048828125
2024-03-26,49.75,923.0361938476562,2461.782958984375,4636.60107421875,126.0702896118164,936.77294921875,46.9410285949707,796.4757080078125,4280.48681640625,980.0999755859375,2432.21484375,1213.0,1536.3499755859375,13289.55859375,1874.5999755859375,1179.076416015625,1679.163818359375,1598.5057373046875,3115.429443359375,950.1229248046875,875.5316162109375,232.41746520996094,2176.905029296875
2024-03-27,48.54999923706055,883.2501831054688,2482.2890625,4628.2099609375,129.01654052734375,942.4368286132812,46.80805206298828,781.8236083984375,4404.486328125,977.4000244140625,2437.469482421875,1213.0,1484.6500244140625,13412.5361328125,1887.3499755859375,1205.697021484375,1660.031982421875,1642.3375244140625,3145.30615234375,964.0682373046875,860.6268920898438,232.41746520996094,2184.300048828125
2024-04-03,46.150001525878906,845.9507446289062,2525.970947265625,4487.65380859375,134.4337921142578,973.7275390625,44.92420196533203,814.4961547851562,4402.486328125,1008.4500122070312,2413.996337890625,1213.0,1434.550048828125,13173.5791015625,1887.9000244140625,1181.7291259765625,1700.6871337890625,1776.5484619140625,3477.0673828125,968.1051635742188,818.3167114257812,233.79269409179688,2223.2099609375
2024-04-04,45.20000076293945,812.6298828125,2461.21728515625,4364.8740234375,133.5784454345703,963.9318237304688,47.11833190917969,821.3590698242188,4273.48681640625,967.5999755859375,2354.303466796875,1213.0,1373.0,12960.619140625,1843.949951171875,1154.77685546875,1696.40234375,1836.6717529296875,3356.985107421875,992.3260498046875,775.5258178710938,232.87586975097656,2151.280029296875
2024-04-05,48.45000076293945,796.7154541015625,2577.377685546875,4452.22314453125,131.96278381347656,1024.4705810546875,47.14049530029297,841.400390625,4191.48681640625,1009.0499877929688,2474.206787109375,1161.0,1402.0,13171.0791015625,1959.3499755859375,1198.591796875,1658.4376220703125,1907.6561279296875,3578.926513671875,1040.76806640625,743.3123779296875,229.6669921875,2210.719970703125
2024-04-08,52.099998474121094,831.5283203125,2571.917724609375,4453.67724609375,133.7685089111328,1034.312744140625,47.76105499267578,848.7685546875,4149.9873046875,1009.0499877929688,2487.213623046875,1206.0,1580.199951171875,12930.1240234375,1921.800048828125,1207.212890625,1671.541015625,1882.4432373046875,3492.125732421875,1081.8702392578125,773.121826171875,229.20852661132812,2259.31005859375
2024-04-09,51.79999923706055,886.7313842773438,2578.63134765625,4487.90283203125,142.08448791503906,1048.843994140625,50.7530517578125,858.7891845703125,4136.4873046875,994.1500244140625,2571.972412109375,1299.5,1590.8499755859375,12731.16015625,1942.800048828125,1200.155029296875,1678.9644775390625,1807.9676513671875,3357.65625,1066.0899658203125,813.9895629882812,229.20852661132812,2269.969970703125
2024-04-10,50.400001525878906,856.39453125,2500.1259765625,4373.47119140625,137.42755126953125,1023.2171020507812,49.26813507080078,846.3685913085938,4165.9873046875,978.3499755859375,2605.56591796875,1299.5,1555.1500244140625,12973.115234375,1906.9000244140625,1165.6240234375,1651.811279296875,1755.60205078125,3283.612060546875,1047.74072265625,800.0464477539062,231.04222106933594,2249.179931640625
2024-04-11,53.70000076293945,867.3357543945312,2553.757568359375,4502.77197265625,139.99363708496094,1042.6693115234375,51.77254104614258,851.3368530273438,4108.9873046875,978.3499755859375,2686.664306640625,1299.5,1578.9000244140625,14046.91796875,1938.8499755859375,1197.5498046875,1634.9215087890625,1738.9227294921875,3346.578369140625,1007.7394409179688,826.4902954101562,237.46005249023438,2271.89501953125
2024-04-12,52.900001525878906,858.8812255859375,2483.947265625,4482.70947265625,148.0244903564453,996.7545776367188,50.90818786621094,826.8746337890625,4205.98681640625,923.5999755859375,2667.929443359375,1299.5,1567.0,13997.927734375,1904.4000244140625,1165.6712646484375,1568.109619140625,1745.129150390625,3353.00439453125,963.7013549804688,826.0094604492188,250.75416564941406,2219.31005859375
2024-04-15,49.29999923706055,883.7474365234375,2363.984619140625,4202.55224609375,133.82196044921875,940.022705078125,48.73622512817383,804.0543823242188,4149.9873046875,875.2999877929688,2559.99951171875,1299.5,1478.25,13161.5810546875,1820.25,1089.598876953125,1494.6715087890625,1608.978759765625,3198.873291015625,879.2948608398438,818.7975463867188,242.96107482910156,2172.4150390625
2024-04-16,50.900001525878906,903.1431884765625,2362.205810546875,4313.32861328125,134.25210571289062,933.8016967773438,47.605918884277344,789.865478515625,4210.48681640625,894.9000244140625,2574.38427734375,1299.5,1509.25,13242.0673828125,1812.9000244140625,1091.77783203125,1538.0169677734375,1634.19189453125,3234.5048828125,868.6522827148438,827.451904296875,240.21055603027344,2171.72509765625
2024-04-17,49.599998474121094,844.458740234375,2299.150146484375,4249.44580078125,136.64178466796875,903.160888671875,45.56692886352539,777.0658569335938,4132.9873046875,863.0999755859375,2544.839111328125,1299.5,1450.75,13759.470703125,1790.199951171875,1075.7200927734375,1493.3760986328125,1569.02587890625,3184.63037109375,836.357666015625,775.5258178710938,237.46005249023438,2100.885009765625
2024-04-18,48.70000076293945,843.96142578125,2313.346923828125,4309.54931640625,137.2631072998047,885.33349609375,45.4339485168457,783.8867797851562,4149.9873046875,867.0,2583.256591796875,1299.5,1467.949951171875,13771.4697265625,1789.5999755859375,1070.55712890625,1483.8101806640625,1526.357666015625,3170.72314453125,843.3303833007812,776.006591796875,238.37689208984375,2076.6298828125
2024-04-19,49.70000076293945,854.9026489257812,2457.658203125,4405.828125,137.2631072998047,898.6575927734375,47.36212158203125,825.822021484375,4175.98681640625,870.0999755859375,2612.32763671875,1299.5,1466.300048828125,13771.4697265625,1835.0,1108.9249267578125,1516.7926025390625,1550.794921875,3258.147216796875,846.2662963867188,775.0449829101562,241.5858154296875,2046.8050537109375
2024-04-22,50.5,881.7581787109375,2691.718505859375,4675.27099609375,139.79617309570312,1006.9217529296875,49.26813507080078,858.4945068359375,4274.98681640625,924.9500122070312,2821.64111328125,1299.5,1531.25,14009.9248046875,1961.25,1242.075439453125,1630.5870361328125,1762.97216796875,3447.76611328125,902.7817993164062,795.2384643554688,248.46205139160156,2224.47509765625
2024-04-23,48.75,845.9507446289062,2686.13720703125,4545.0556640625,139.7005615234375,998.4722900390625,47.605918884277344,842.410888671875,4186.98681640625,880.9000244140625,2765.781494140625,1299.5,1492.4000244140625,13882.4482421875,1912.5,1222.2757568359375,1623.4124755859375,1706.7276611328125,3344.32470703125,880.3958129882812,785.1417236328125,246.1699981689453,2207.25
2024-04-24,47.349998474121094,818.5978393554688,2530.986328125,4295.384765625,132.57933044433594,968.5278930664062,46.098838806152344,814.1171264648438,4137.9873046875,876.75,2649.452880859375,1299.5,1494.25,13846.955078125,1839.5,1142.8875732421875,1595.4622802734375,1629.537109375,3204.963623046875,859.8447265625,783.2185668945312,237.0016326904297,2145.614990234375
2024-04-25,48.70000076293945,852.9132690429688,2616.125,4405.994140625,134.9212188720703,992.8549194335938,48.20431137084961,846.1581420898438,4101.9873046875,887.7999877929688,2750.96630859375,1299.5,1569.0,14026.921875,1900.9000244140625,1221.287841796875,1633.177734375,1699.7457275390625,3367.055908203125,901.6808471679688,826.4902954101562,242.50265502929688,2199.81494140625
2024-04-26,48.400001525878906,860.8704833984375,2720.5966796875,4611.6376953125,140.36968994140625,1017.6460571289062,48.47026824951172,840.7688598632812,4221.48681640625,904.4000244140625,2853.296630859375,1299.5,1570.949951171875,14648.306640625,1913.3499755859375,1289.3284912109375,1723.206787109375,1773.057373046875,3479.177490234375,938.37939453125,830.336669921875,245.25311279296875,2295.6650390625
2024-04-29,47.45000076293945,879.7688598632812,2774.59228515625,4808.72607421875,143.0939178466797,1032.4556884765625,49.02433776855469,862.8311767578125,4292.48681640625,925.2000122070312,2934.30859375,1299.5,1599.9000244140625,14339.8642578125,1962.199951171875,1361.0068359375,1715.3846435546875,1822.7076416015625,3644.003173828125,972.1419067382812,831.2982788085938,242.50265502929688,2342.090087890625
2024-04-30,46.849998474121094,839.4854736328125,2838.335205078125,4931.8798828125,143.4762725830078,1062.02880859375,48.91352462768555,878.2832641601562,4341.986328125,942.2000122070312,3060.93115234375,1299.5,1568.949951171875,13997.427734375,1947.0999755859375,1365.628173828125,1676.921875,1858.0057373046875,3704.33203125,998.5648193359375,810.1431884765625,237.46005249023438,2406.844970703125
2024-05-02,48.650001525878906,858.3838500976562,2920.521240234375,5216.2744140625,146.58285522460938,1081.016845703125,50.30978775024414,893.0617065429688,4469.986328125,975.0,3071.396240234375,1299.5,1634.6500244140625,14642.310546875,2091.25,1448.4173583984375,1763.064697265625,1944.89404296875,3991.2060546875,1033.4283447265625,834.663818359375,234.7095184326172,2512.02490234375
2024-05-03,51.900001525878906,898.169921875,3182.16650390625,5633.5849609375,155.99818420410156,1135.8917236328125,51.19630813598633,920.4711303710938,4701.9853515625,1039.75,3315.380859375,1299.5,1674.5999755859375,14861.76953125,2182.800048828125,1526.19189453125,1893.4498291015625,2072.12255859375,4113.78271484375,1080.035400390625,910.6297607421875,243.41949462890625,2609.320068359375
2024-05-06,53.79999923706055,899.661865234375,3438.269775390625,5923.546875,160.34739685058594,1152.3726806640625,51.28495788574219,967.6272583007812,4777.4853515625,1130.050048828125,3513.323486328125,1299.5,1701.949951171875,15248.6982421875,2207.5,1654.1121826171875,1952.0908203125,2021.6964111328125,4189.45751953125,1076.7325439453125,885.6283569335938,255.7967987060547,2658.56494140625
2024-05-07,51.70000076293945,865.346435546875,3242.1884765625,5805.12744140625,161.44664001464844,1113.8861083984375,50.886024475097656,949.9437255859375,4888.48486328125,1105.8499755859375,3360.98974609375,1299.5,1659.300048828125,15494.15234375,2184.199951171875,1567.094970703125,2035.045166015625,2041.0911865234375,4096.75830078125,1112.3299560546875,864.4732666015625,278.2591247558594,2646.364990234375
2024-05-08,49.599998474121094,853.9078979492188,3296.5966796875,5757.56982421875,158.43563842773438,1090.5804443359375,52.32661437988281,927.586669921875,4847.48486328125,1074.8499755859375,3346.069091796875,1299.5,1627.699951171875,15607.6318359375,2135.550048828125,1552.8380126953125,2064.8388671875,1965.8402099609375,4007.703125,1058.0162353515625,853.895751953125,276.88397216796875,2639.360107421875
2024-05-09,48.349998474121094,837.4962158203125,3228.675048828125,5705.2763671875,154.89892578125,1078.788330078125,53.700714111328125,908.0926513671875,4752.9853515625,1090.8499755859375,3288.1787109375,1299.5,1636.0999755859375,15320.6845703125,2119.0,1548.413330078125,2011.5787353515625,1930.15380859375,3951.73828125,1051.0435791015625,838.5101928710938,275.05023193359375,2641.260009765625
2024-05-10,49.849998474121094,913.5869750976562,3202.8408203125,5630.6357421875,162.49810791015625,1035.70556640625,53.16880416870117,938.1295776367188,4776.9853515625,1088.699951171875,3253.679931640625,1299.5,1674.050048828125,15478.6552734375,2036.5,1519.604248046875,2034.6962890625,1898.3466796875,3848.296630859375,1015.8131713867188,878.8971557617188,297.0542907714844,2464.989990234375
2024-05-13,49.349998474121094,877.2822265625,3133.46533203125,5466.98388671875,153.41732788085938,1002.5578002929688,57.44624328613281,900.0955200195312,4711.4853515625,1025.949951171875,3228.067626953125,1299.5,1573.8499755859375,15352.177734375,1975.199951171875,1498.4644775390625,1934.10498046875,1845.59326171875,3788.351318359375,1005.1705322265625,849.0877685546875,297.0542907714844,2459.094970703125
2024-05-14,49.900001525878906,864.84912109375,3312.465087890625,5697.7158203125,152.46145629882812,1015.6962280273438,59.972816467285156,926.1583862304688,4786.4853515625,1044.8499755859375,3319.236083984375,1299.5,1567.5,15334.681640625,2057.39990234375,1593.0526123046875,2036.589599609375,1904.1650390625,3955.670654296875,1047.74072265625,844.27978515625,291.55328369140625,2507.135009765625
2024-05-15,50.79999923706055,897.672607421875,3587.873046875,6075.8984375,158.43563842773438,1122.7532958984375,59.81767654418945,952.839599609375,4859.48486328125,1075.4000244140625,3465.856201171875,1299.5,1666.5,16079.044921875,2140.75,1664.1412353515625,2066.08447265625,2065.91650390625,4119.5849609375,1064.989013671875,868.3196411132812,292.9285583496094,2628.074951171875
2024-05-16,53.20000076293945,916.0736694335938,3623.5439453125,5963.67041015625,159.63047790527344,1116.253662109375,59.86199951171875,958.2730712890625,4881.48486328125,1072.9000244140625,3482.713134765625,1299.5,1680.0999755859375,16524.962890625,2135.949951171875,1660.40478515625,2008.7388916015625,2164.828857421875,4108.21923828125,1120.4036865234375,893.8018798828125,285.5938415527344,2610.094970703125
2024-05-17,56.5,931.988037109375,3533.466552734375,6176.998046875,157.00184631347656,1073.5887451171875,59.37441635131836,925.0098266601562,4966.484375,1044.3499755859375,3480.37451171875,1299.5,1660.5999755859375,16271.509765625,2122.199951171875,1613.3565673828125,1978.895263671875,2110.13623046875,4016.383056640625,1120.03662109375,892.8402709960938,289.2611389160156,2592.2548828125
2024-05-20,58.29999923706055,963.81689453125,3817.471923828125,6503.20556640625,157.00184631347656,1088.584228515625,60.37174987792969,959.995849609375,5097.484375,1094.25,3648.0888671875,1299.5,1705.8499755859375,16432.978515625,2232.10009765625,1700.6195068359375,2061.75,2152.02880859375,4263.1181640625,1151.2303466796875,928.9000854492188,291.09490966796875,2713.1298828125
2024-05-21,57.599998474121094,1022.0039672851562,3889.92822265625,6704.0546875,157.24081420898438,1135.6595458984375,61.568546295166016,978.41650390625,5232.48388671875,1084.8499755859375,3750.573974609375,1470.0,1736.5,16457.474609375,2271.75,1758.5819091796875,2183.864501953125,2133.021484375,4433.5546875,1169.57958984375,964.9598388671875,287.427490234375,2821.844970703125
2024-05-22,55.400001525878906,1045.378173828125,3762.168212890625,6549.2138671875,157.95770263671875,1123.217529296875,61.50205612182617,1025.8597412109375,5134.98388671875,1050.0,3663.169189453125,1470.0,1754.75,16269.509765625,2272.949951171875,1684.39599609375,2151.57958984375,2071.734619140625,4366.60791015625,1131.4132080078125,986.5957641601562,285.1354064941406,2740.820068359375
2024-05-23,54.0,1021.00927734375,3488.04296875,5972.34033203125,154.1342315673828,1100.1905517578125,62.32208251953125,976.6495971679688,5096.984375,1014.2999877929688,3479.883544921875,1470.0,1734.949951171875,16665.439453125,2233.64990234375,1598.75537109375,2053.329833984375,2056.99462890625,4305.3193359375,1150.4964599609375,980.3453979492188,282.3849182128906,2700.7451171875
2024-05-24,54.20000076293945,996.1430053710938,3542.363525390625,6213.34912109375,153.6562957763672,1114.1181640625,66.06761169433594,968.0797729492188,5149.48388671875,996.4500122070312,3620.0693359375,1470.0,1714.9000244140625,16530.9609375,2235.800048828125,1594.0849609375,1976.9521484375,2095.00830078125,4269.736328125,1175.0843505859375,955.82470703125,276.88397216796875,2648.695068359375
2024-05-27,55.70000076293945,1023.4959716796875,3638.771240234375,6539.41064453125,157.47976684570312,1136.123779296875,70.61100769042969,999.3992919921875,5323.9833984375,1033.25,3673.519775390625,1559.5,1758.4000244140625,16627.443359375,2319.35009765625,1645.5087890625,2099.365966796875,2197.02392578125,4536.61279296875,1224.9942626953125,985.6341552734375,292.47015380859375,2736.47998046875
2024-05-28,58.0,1025.4852294921875,3526.06787109375,6299.04638671875,156.52391052246094,1148.1944580078125,72.27322387695312,1007.6158447265625,5426.9833984375,1077.300048828125,3654.37939453125,1523.5,1758.199951171875,16359.9931640625,2366.89990234375,1610.9476318359375,2047.301513671875,2255.983642578125,4554.11669921875,1208.113037109375,993.326904296875,289.71954345703125,2758.485107421875
2024-05-29,60.400001525878906,993.1591186523438,3576.153564453125,6470.61279296875,154.85113525390625,1135.2880859375,71.94078063964844,986.986328125,5584.48291015625,1109.25,3709.88330078125,1533.5,1761.300048828125,17116.353515625,2361.60009765625,1627.7611083984375,2064.191162109375,2265.293212890625,4404.4931640625,1231.5999755859375,963.5174560546875,290.6363220214844,2729.469970703125
2024-05-30,60.79999923706055,1006.089599609375,3960.8857421875,6906.23583984375,163.6929473876953,1175.817626953125,73.47002410888672,1023.5184936523438,5653.982421875,1139.25,3853.191650390625,1581.5,1825.1500244140625,17738.23828125,2445.0,1802.9261474609375,2161.344970703125,2377.781982421875,4760.6162109375,1269.3994140625,970.2486572265625,299.3463439941406,2927.324951171875
2024-05-31,59.79999923706055,1006.089599609375,4033.59765625,7161.4775390625,162.9760284423828,1154.740478515625,71.87429809570312,1034.871337890625,5738.482421875,1112.25,3903.43115234375,1606.5,1866.949951171875,17887.71484375,2468.699951171875,1786.2601318359375,2163.8359375,2397.95263671875,4698.369140625,1222.7923583984375,981.3069458007812,301.6280822753906,2899.97998046875
2024-06-03,58.900001525878906,1018.0253295898438,4166.6181640625,7288.96923828125,161.78118896484375,1135.5667724609375,71.63050079345703,1036.1524658203125,5605.482421875,1110.9000244140625,3965.046142578125,1607.0,1889.3499755859375,18727.05859375,2466.39990234375,1787.2926025390625,2142.362548828125,2383.212646484375,4704.939453125,1252.8851318359375,988.0381469726562,297.886962890625,2876.18994140625
2024-06-04,56.70000076293945,968.7901611328125,3879.234375,6927.77685546875,159.1525421142578,1096.987060546875,68.50553131103516,985.7494506835938,5293.4833984375,1069.199951171875,3844.000732421875,1587.0,1828.0,18366.125,2332.300048828125,1665.665283203125,2053.4794921875,2209.824462890625,4477.67431640625,1196.7364501953125,945.7279663085938,289.93701171875,2673.925048828125
2024-06-05,57.29999923706055,963.81689453125,3899.46630859375,6774.18408203125,156.76287841796875,1077.95263671875,67.15359497070312,962.8671875,5252.98388671875,1071.300048828125,3809.244384765625,1608.5,1855.949951171875,18186.65625,2323.949951171875,1659.8641357421875,2018.4044189453125,2188.878173828125,4449.7158203125,1176.9193115234375,934.6696166992188,289.0018005371094,2717.030029296875
2024-06-06,53.5,915.5762939453125,3694.534912109375,6452.63916015625,150.3107452392578,1049.4940185546875,64.22808837890625,930.7525024414062,5049.484375,1026.9000244140625,3612.305908203125,1530.5,1837.5,17706.744140625,2276.5,1583.36767578125,1938.6885986328125,2066.30419921875,4284.5068359375,1123.70654296875,888.5131225585938,285.26068115234375,2619.114990234375
2024-06-07,56.0,938.9506225585938,3707.800048828125,6306.31298828125,151.7445526123047,1067.6927490234375,66.5551986694336,932.033447265625,5063.984375,1069.050048828125,3645.947265625,1562.0,1846.199951171875,17745.236328125,2287.85009765625,1622.4024658203125,1893.2506103515625,2162.11376953125,4281.0537109375,1162.973876953125,912.552978515625,285.26068115234375,2630.7900390625
2024-06-10,60.20000076293945,942.92919921875,3871.088134765625,6684.4453125,153.6562957763672,1118.6678466796875,68.86013793945312,944.7556762695312,4991.984375,1100.0,3829.63427734375,1627.5,1887.050048828125,18074.677734375,2408.85009765625,1670.138916015625,1925.78466796875,2219.134033203125,4542.84716796875,1200.039306640625,914.4761352539062,289.0018005371094,2736.030029296875
2024-06-11,57.599998474121094,917.5656127929688,3825.4267578125,6475.9013671875,153.17835998535156,1097.3121337890625,70.63317108154297,939.2339477539062,4941.48486328125,1073.9000244140625,3751.020751953125,1622.0,1843.3499755859375,18390.123046875,2350.800048828125,1618.5185546875,1867.99072265625,2176.4658203125,4466.50048828125,1208.846923828125,899.5714721679688,284.7930603027344,2663.360107421875
2024-06-12,59.70000076293945,920.05224609375,3923.15625,6667.46142578125,156.28494262695312,1092.1124267578125,72.82730102539062,954.0323486328125,4885.48486328125,1093.4000244140625,3903.7431640625,1595.0,1836.0999755859375,18755.052734375,2353.10009765625,1692.8519287109375,1861.912353515625,2205.5576171875,4430.62939453125,1189.02978515625,890.436279296875,289.0018005371094,2699.5
2024-06-13,61.599998474121094,906.1271362304688,4115.63671875,6943.72998046875,164.40985107421875,1146.9874267578125,74.3343734741211,963.5740356445312,4900.98486328125,1117.949951171875,3969.955078125,1609.0,1834.550048828125,19443.927734375,2417.75,1823.5743408203125,1891.1580810546875,2325.416748046875,4668.82763671875,1250.316162109375,884.666748046875,294.61346435546875,2712.35009765625
2024-06-14,60.79999923706055,885.2394409179688,3986.95556640625,6961.3603515625,161.78118896484375,1127.5350341796875,73.40353393554688,941.7518310546875,4854.48486328125,1094.300048828125,3867.424072265625,1634.5,1828.050048828125,19851.353515625,2411.550048828125,1800.762939453125,1896.0406494140625,2337.44140625,4640.7255859375,1232.700927734375,871.6852416992188,297.886962890625,2658.18505859375
2024-06-18,58.79999923706055,847.4427490234375,3944.678466796875,6927.5625,156.28494262695312,1129.577880859375,72.69432067871094,922.1826782226562,4925.98486328125,1062.050048828125,3846.633544921875,1567.5,1812.199951171875,19968.330078125,2318.5,1759.4176025390625,1866.9443359375,2293.609130859375,4473.74169921875,1207.3790283203125,831.779052734375,299.2899475097656,2667.534912109375
2024-06-19,58.20000076293945,862.8598022460938,3884.488525390625,6936.46337890625,155.5680389404297,1124.7960205078125,74.7554702758789,925.230712890625,4901.48486328125,1078.800048828125,3878.578369140625,1643.0,1820.25,20100.306640625,2371.050048828125,1781.54052734375,1887.6705322265625,2326.580078125,4634.58740234375,1269.3994140625,840.9141845703125,304.9015808105469,2741.614990234375
2024-06-24,56.70000076293945,877.2822265625,3685.556396484375,6759.1787109375,154.37319946289062,1094.0623779296875,79.12156677246094,916.0866088867188,4702.9853515625,1067.1500244140625,3853.771484375,1625.0,1824.550048828125,19616.896484375,2330.699951171875,1738.8677978515625,1851.5989990234375,2275.37841796875,4677.8916015625,1297.2901611328125,840.9141845703125,297.4193420410156,2728.7099609375
2024-06-25,58.099998474121094,879.2715454101562,3734.330078125,6819.31884765625,158.19668579101562,1096.290771484375,83.48765563964844,936.450927734375,4672.4853515625,1086.449951171875,3869.55859375,1645.0,1815.050048828125,19386.9375,2335.949951171875,1754.7471923828125,1873.47119140625,2256.37158203125,4689.44921875,1318.5753173828125,839.95263671875,303.4987487792969,2739.699951171875
2024-06-26,58.20000076293945,900.1592407226562,3708.161376953125,6782.302734375,158.6746063232422,1111.2861328125,87.0337142944336,967.0637817382812,4655.4853515625,1094.0999755859375,3798.739013671875,1599.0,1815.1500244140625,19515.912109375,2358.39990234375,1750.027587890625,1826.5882568359375,2228.831298828125,4660.3876953125,1309.400634765625,861.5885009765625,309.1103820800781,2735.364990234375
2024-06-27,62.099998474121094,971.7741088867188,3853.040283203125,6972.72314453125,161.78118896484375,1191.7879638671875,85.1277084350586,1001.21044921875,4901.98486328125,1123.199951171875,3885.5849609375,1649.5,1858.050048828125,19904.841796875,2447.25,1822.9351806640625,2002.112548828125,2354.120361328125,4998.287109375,1327.3829345703125,928.4192504882812,323.1395568847656,2791.35009765625
2024-06-28,60.70000076293945,981.7206420898438,3779.946044921875,6799.431640625,164.17086791992188,1151.351318359375,84.57363891601562,988.2674560546875,4869.48486328125,1101.25,3776.1826171875,1682.0,1853.0,19820.357421875,2408.75,1819.3463134765625,1953.6851806640625,2352.56884765625,4953.64013671875,1308.2996826171875,936.5928344726562,320.3337097167969,2723.85498046875
2024-07-01,59.400001525878906,1009.073486328125,3584.84912109375,6428.59814453125,167.75540161132812,1132.456298828125,86.1028823852539,979.6092529296875,4884.98486328125,1069.949951171875,3608.927490234375,1663.0,1856.800048828125,19493.41796875,2424.39990234375,1699.587158203125,1933.05859375,2299.039794921875,4865.736328125,1270.1334228515625,976.9797973632812,327.81597900390625,2739.0400390625
2024-07-02,60.70000076293945,1062.78466796875,3588.954833984375,6662.88818359375,171.81785583496094,1157.43310546875,86.76776123046875,999.0901489257812,4975.984375,1079.8499755859375,3688.103515625,1689.5,1878.5999755859375,19683.8828125,2463.85009765625,1746.6844482421875,1986.8668212890625,2341.7080078125,4961.12109375,1318.9422607421875,992.3652954101562,329.4451599121094,2856.18505859375
2024-07-03,59.70000076293945,1001.6136474609375,3491.811767578125,6405.28466796875,171.57887268066406,1170.4786376953125,88.8954086303711,1000.768798828125,4993.984375,1079.5999755859375,3652.9443359375,1708.0,1911.6500244140625,19420.9296875,2413.14990234375,1723.62744140625,1951.194091796875,2318.046630859375,4714.9140625,1309.400634765625,957.26708984375,328.49163818359375,2796.580078125
2024-07-04,59.900001525878906,999.126953125,3540.586669921875,6439.765625,171.1009521484375,1161.3792724609375,92.95121002197266,1007.7041015625,5040.484375,1072.800048828125,3649.5205078125,1833.5,1919.449951171875,19535.912109375,2456.949951171875,1725.2989501953125,1977.251220703125,2319.210205078125,4758.0263671875,1338.3924560546875,962.555908203125,328.49163818359375,2803.570068359375
2024-07-05,60.0,1037.9183349609375,3560.86767578125,6382.7275390625,171.81785583496094,1163.1434326171875,98.00435638427734,1002.756591796875,5072.484375,1085.1500244140625,3634.95361328125,1856.5,1900.1500244140625,19490.91796875,2514.89990234375,1723.9224853515625,1925.336181640625,2368.860595703125,4827.3232421875,1364.4483642578125,1014.0011596679688,325.6310729980469,2800.580078125
2024-07-08,62.70000076293945,1035.9290771484375,3678.696533203125,6402.794921875,171.81785583496094,1170.6644287109375,98.4476089477539,1008.1900024414062,5110.984375,1094.1500244140625,3631.301513671875,1848.0,1879.699951171875,19872.84765625,2572.64990234375,1733.8040771484375,1938.838134765625,2405.322509765625,4880.5546875,1384.99951171875,1016.8859252929688,327.5380859375,2857.72998046875
2024-07-10,63.400001525878906,1049.3568115234375,3905.156982421875,6691.451171875,175.16339111328125,1207.0618896484375,99.62224578857422,1024.84375,5309.9833984375,1180.0,3744.174560546875,1910.0,1910.0,20021.322265625,2580.0,1769.8399658203125,2012.8243408203125,2563.970703125,4997.04052734375,1401.8807373046875,1057.753662109375,332.30572509765625,2932.5
2024-07-11,63.29999923706055,1044.3836669921875,3914.787109375,6602.46923828125,174.92442321777344,1230.274658203125,97.96002960205078,1046.930908203125,5339.9833984375,1225.0,3753.30615234375,1940.0,2010.0,21021.134765625,2650.0,1779.67236328125,2062.646728515625,2610.517578125,5083.36181640625,1412.890380859375,1043.329833984375,331.3522033691406,3005.0
2024-07-12,62.900001525878906,1059.303466796875,3881.0810546875,6620.2666015625,172.5347442626953,1230.274658203125,101.61691284179688,1051.3482666015625,5319.9833984375,1210.0,3753.30615234375,2025.0,1975.0,21845.986328125,2690.0,1779.67236328125,2057.66455078125,2664.822509765625,5169.68310546875,1390.8712158203125,1043.329833984375,330.398681640625,3047.5
2024-07-15,58.5,923.0361938476562,3409.18798828125,5792.732421875,152.46145629882812,1063.14306640625,91.64360046386719,914.4080200195312,4799.9853515625,1065.0,3273.86962890625,1790.0,1725.0,19671.384765625,2365.0,1543.6937255859375,1768.694580078125,2346.750732421875,4483.90869140625,1196.3695068359375,886.5899047851562,306.5604248046875,2735.0
2024-07-16,58.79999923706055,957.8489379882812,3442.894287109375,6006.2890625,151.9835205078125,1067.7855224609375,98.51410675048828,914.4080200195312,4914.98486328125,1085.0,3369.7568359375,1905.0,1730.0,20246.279296875,2375.0,1587.939697265625,1753.7479248046875,2428.2080078125,4383.20068359375,1159.6710205078125,942.3624267578125,296.54827880859375,2667.5
2024-07-17,59.79999923706055,1029.4638671875,3375.48095703125,5908.41015625,154.85113525390625,1039.9302978515625,100.06550598144531,927.6602783203125,4934.98486328125,1045.0,3264.7373046875,2035.0,1775.0,19971.330078125,2345.0,1553.526123046875,1748.765625,2447.6025390625,4282.49267578125,1148.6614990234375,1009.6740112304688,298.93212890625,2610.0
2024-07-18,58.599998474121094,1059.303466796875,3327.32861328125,5961.79736328125,155.8070068359375,1021.360107421875,101.83853912353516,905.5731201171875,5009.984375,1035.0,3292.13427734375,2105.0,1785.0,19996.32421875,2390.0,1543.6937255859375,1723.8544921875,2470.876220703125,4244.12744140625,1174.350341796875,990.442138671875,302.2694091796875,2640.0
2024-07-19,59.5,1044.3836669921875,3457.33984375,6282.56298828125,157.47976684570312,1039.9302978515625,104.49808502197266,940.91259765625,5069.984375,1090.0,3459.719970703125,2035.0,1820.0,19971.330078125,2460.0,1592.85595703125,1763.71240234375,2463.1181640625,4407.1787109375,1196.3695068359375,990.442138671875,304.65338134765625,2712.5
2024-07-22,61.0,1059.303466796875,3442.894287109375,6338.24365234375,155.8070068359375,1090.998291015625,108.26578521728516,936.4951782226562,5009.984375,1095.0,3530.230712890625,1985.0,1850.0,20021.322265625,2485.0,1592.85595703125,1758.7301025390625,2470.876220703125,4531.86474609375,1200.039306640625,1028.9058837890625,309.8977966308594,2692.5
2024-07-23,61.29999923706055,1074.22314453125,3674.025390625,6458.88330078125,155.8070068359375,1118.853515625,111.25776672363281,949.7474365234375,5089.984375,1130.0,3708.857421875,1915.0,1845.0,20346.26171875,2570.0,1705.9290771484375,1788.62353515625,2474.755126953125,4747.66796875,1196.3695068359375,1057.753662109375,321.34014892578125,2732.5
2024-07-24,59.79999923706055,1034.43701171875,3548.829345703125,6217.60205078125,154.61216735839844,1072.4281005859375,104.0548324584961,923.2428588867188,5099.984375,1105.0,3605.44189453125,1900.0,1775.0,19846.353515625,2510.0,1622.353271484375,1733.8189697265625,2408.8134765625,4570.22998046875,1159.6710205078125,1019.2899169921875,322.293701171875,2640.0
2024-07-25,59.0,987.6884765625,3428.4482421875,5957.7626953125,151.26661682128906,1039.9302978515625,105.93867492675781,896.73828125,4904.98486328125,1085.0,3483.2236328125,1830.0,1740.0,19796.361328125,2415.0,1587.939697265625,1683.99658203125,2327.356201171875,4459.9306640625,1137.6519775390625,971.210205078125,321.8169250488281,2625.0
2024-07-26,59.20000076293945,974.7579956054688,3433.26416015625,6069.123046875,152.9394073486328,1026.002685546875,109.15229797363281,901.1557006835938,4914.98486328125,1085.0,3506.72705078125,1775.0,1730.0,19496.41796875,2430.0,1592.85595703125,1679.014404296875,2269.172119140625,4411.974609375,1122.9725341796875,961.5942993164062,327.5380859375,2637.5
2024-07-29,55.70000076293945,935.9666748046875,3293.621826171875,5920.6435546875,150.54971313476562,993.5048217773438,102.83586883544922,869.3502197265625,4734.9853515625,1050.0,3365.706298828125,1700.0,1650.0,18846.537109375,2355.0,1528.945068359375,1604.28076171875,2172.19873046875,4258.51416015625,1097.28369140625,910.6297607421875,326.5845642089844,2497.5
2024-07-30,53.900001525878906,900.1592407226562,3216.578369140625,5670.08203125,138.60133361816406,942.4368286132812,93.08419036865234,830.476806640625,4529.98583984375,1005.0,3219.984619140625,1615.0,1585.0,18021.6875,2230.0,1455.2017822265625,1554.4583740234375,2067.468017578125,4042.711181640625,1042.2359619140625,866.3964233398438,323.72393798828125,2402.5
2024-07-31,57.400001525878906,951.881103515625,3544.01416015625,6069.123046875,146.248291015625,1016.717529296875,100.39794921875,887.9033813476562,4759.9853515625,1065.0,3487.924072265625,1685.0,1655.0,18496.599609375,2345.0,1587.939697265625,1649.1209716796875,2168.320068359375,4354.4267578125,1130.312255859375,907.7449951171875,332.9888916015625,2577.5
2024-08-01,57.20000076293945,975.752685546875,3548.829345703125,5994.8828125,148.1600341796875,1012.0750122070312,99.95469665527344,873.7676391601562,4764.9853515625,1050.0,3487.924072265625,1575.0,1635.0,18546.591796875,2355.0,1563.358642578125,1619.2275390625,2226.50390625,4272.9013671875,1156.001220703125,892.3594970703125,337.8571472167969,2540.0
2024-08-02,55.900001525878906,949.8917846679688,3322.513427734375,5651.5224609375,139.31822204589844,947.079345703125,93.63826751708984,854.3309936523438,4684.9853515625,1025.0,3328.1005859375,1585.0,1640.0,18221.650390625,2270.0,1469.950439453125,1579.36962890625,2137.28857421875,4105.05419921875,1152.331298828125,851.9725341796875,333.47576904296875,2417.5
2024-08-05,52.20000076293945,908.1163940429688,3351.405029296875,5623.68310546875,131.43228149414062,970.2921142578125,88.42997741699219,838.42822265625,4609.98583984375,996.0,3313.998046875,1540.0,1625.0,17796.73046875,2265.0,1445.3692626953125,1574.3873291015625,2148.92529296875,4248.92333984375,1203.709228515625,818.3167114257812,326.6601257324219,2430.0
2024-08-06,55.900001525878906,901.1538696289062,3534.38427734375,5818.5625,134.29991149902344,998.1473388671875,93.970703125,854.3309936523438,4744.9853515625,993.0,3440.917236328125,1590.0,1635.0,18146.6640625,2310.0,1499.44775390625,1634.1741943359375,2238.140625,4474.3173828125,1255.0869140625,815.4319458007812,327.1470031738281,2482.5
2024-08-07,54.5,875.2929077148438,3462.1552734375,5549.44189453125,131.43228149414062,998.1473388671875,93.08419036865234,839.3117065429688,4589.98583984375,999.0,3483.2236328125,1560.0,1615.0,18321.6328125,2340.0,1474.8665771484375,1674.0321044921875,2195.472412109375,4340.0400390625,1291.7855224609375,811.5855712890625,329.0942687988281,2535.0
2024-08-08,56.20000076293945,907.1217651367188,3722.177734375,5911.3623046875,135.97267150878906,1039.9302978515625,97.07351684570312,876.4180908203125,4654.9853515625,1060.0,3779.367919921875,1630.0,1765.0,19021.50390625,2555.0,1671.5155029296875,1773.6768798828125,2230.383056640625,4474.3173828125,1284.4456787109375,831.779052734375,333.9625549316406,2602.5
2024-08-09,59.70000076293945,946.9078369140625,3847.3740234375,6143.36279296875,137.406494140625,1072.4281005859375,101.06283569335938,909.9905395507812,4699.9853515625,1105.0,3901.586669921875,1680.0,1790.0,19146.48046875,2635.0,1725.593994140625,1818.5169677734375,2288.566650390625,4824.39794921875,1284.4456787109375,872.166015625,332.5021057128906,2697.5
2024-08-12,61.099998474121094,921.046875,3876.265869140625,6199.04345703125,137.406494140625,1090.998291015625,105.38460540771484,892.32080078125,4714.9853515625,1095.0,3920.3896484375,1680.0,1750.0,18846.537109375,2650.0,1745.2587890625,1803.5703125,2261.41455078125,4833.9892578125,1240.4075927734375,851.9725341796875,332.0152587890625,2747.5
2024-08-13,60.099998474121094,927.0147705078125,3895.526611328125,6403.2021484375,137.6454620361328,1086.355712890625,102.28179168701172,887.9033813476562,4684.9853515625,1085.0,3934.4912109375,1660.0,1750.0,19521.412109375,2615.0,1769.8399658203125,1788.62353515625,2245.898681640625,4709.30322265625,1233.0679931640625,868.3196411132812,331.5284118652344,2745.0
2024-08-14,58.70000076293945,927.0147705078125,4025.5380859375,6653.76318359375,147.6820831298828,1095.640869140625,100.5087661743164,878.18505859375,4684.9853515625,1080.0,4056.710205078125,1635.0,1775.0,19521.412109375,2605.0,1789.5048828125,1793.6058349609375,2242.019775390625,4603.79931640625,1200.039306640625,856.780517578125,328.6074523925781,2740.0
2024-08-15,59.400001525878906,928.0093994140625,4247.03857421875,6774.40283203125,152.70042419433594,1128.138671875,102.50342559814453,918.825439453125,4759.9853515625,1115.0,4117.81884765625,1650.0,1790.0,19146.48046875,2675.0,1838.6671142578125,1838.4459228515625,2265.293212890625,4762.05517578125,1222.058349609375,873.1276245117188,329.58111572265625,2785.0
2024-08-16,59.29999923706055,928.0093994140625,4169.99462890625,6774.40283203125,153.17835998535156,1123.49609375,106.1603012084961,909.9905395507812,4784.9853515625,1115.0,4127.22021484375,1660.0,1800.0,19196.47265625,2700.0,1809.169677734375,1848.410400390625,2327.356201171875,4814.806640625,1218.3885498046875,876.0123901367188,332.9888916015625,2805.0
2024-08-19,58.400001525878906,915.0789794921875,4280.7451171875,6876.482421875,152.70042419433594,1118.853515625,106.38192749023438,918.825439453125,4889.98486328125,1170.0,4169.52734375,1640.0,1815.0,19046.498046875,2710.0,1853.415771484375,1987.9130859375,2304.082763671875,4790.82861328125,1189.02978515625,864.4732666015625,332.9888916015625,2810.0
2024-08-20,57.400001525878906,909.111083984375,4280.7451171875,6913.603515625,153.17835998535156,1104.9259033203125,108.70903778076172,905.5731201171875,4984.984375,1230.0,4230.63623046875,1650.0,1835.0,19071.494140625,2720.0,1868.1644287109375,1948.05517578125,2288.566650390625,4771.64599609375,1196.3695068359375,852.9341430664062,333.47576904296875,2805.0
2024-08-21,55.70000076293945,881.2608642578125,4160.3642578125,6728.00244140625,148.1600341796875,1095.640869140625,107.93333435058594,887.9033813476562,4959.98486328125,1175.0,4122.5205078125,1635.0,1795.0,19396.435546875,2660.0,1814.0859375,1888.268310546875,2226.50390625,4685.3251953125,1181.6900634765625,835.6254272460938,328.6074523925781,2735.0
2024-08-22,55.0,907.1217651367188,3914.787109375,6319.68212890625,140.9910125732422,1030.6451416015625,109.59555053710938,858.7484130859375,4784.9853515625,1135.0,4019.1044921875,1585.0,1745.0,19021.50390625,2615.0,1710.8453369140625,1788.62353515625,2242.019775390625,4512.6826171875,1126.6424560546875,840.4334106445312,326.6601257324219,2685.0
2024-08-23,55.70000076293945,902.1484985351562,3982.200927734375,6393.92236328125,145.77035522460938,1058.50048828125,111.92266082763672,881.718994140625,4864.98486328125,1160.0,4193.03076171875,1620.0,1810.0,18996.5078125,2655.0,1760.007568359375,1818.5169677734375,2226.50390625,4584.61669921875,1137.6519775390625,836.5870361328125,324.7127990722656,2725.0
2024-08-26,55.400001525878906,885.2394409179688,3857.005126953125,6310.40283203125,143.85861206054688,1039.9302978515625,113.25243377685547,878.18505859375,4869.98486328125,1145.0,4108.41796875,1590.0,1805.0,19071.494140625,2630.0,1735.4263916015625,1793.6058349609375,2230.383056640625,4565.4345703125,1111.963134765625,832.7406616210938,320.8182678222656,2757.5
2024-08-27,54.599998474121094,878.27685546875,3909.97216796875,6375.36279296875,143.85861206054688,1044.5728759765625,116.57686614990234,877.3015747070312,4849.98486328125,1140.0,4254.138671875,1635.0,1785.0,19171.4765625,2665.0,1779.67236328125,1783.641357421875,2257.535400390625,4618.18603515625,1163.3408203125,839.4718017578125,319.3577880859375,2812.5
2024-08-28,54.29999923706055,897.17529296875,3924.418212890625,6338.24365234375,141.46893310546875,1039.9302978515625,117.90664672851562,880.8355102539062,4824.98486328125,1160.0,4272.94189453125,1620.0,1765.0,19121.486328125,2695.0,1779.67236328125,1763.71240234375,2242.019775390625,4608.5947265625,1178.020263671875,832.7406616210938,311.08172607421875,2822.5
2024-08-29,55.599998474121094,903.1431884765625,4112.21142578125,6644.482421875,141.94688415527344,1044.5728759765625,123.22573852539062,896.73828125,4819.98486328125,1195.0,4564.38623046875,1680.0,1800.0,19221.466796875,2735.0,1848.49951171875,1783.641357421875,2273.05126953125,4608.5947265625,1196.3695068359375,820.2399291992188,310.59490966796875,2897.5
2024-08-30,56.599998474121094,903.1431884765625,4227.77783203125,7062.083984375,150.07177734375,1104.9259033203125,124.5555191040039,914.4080200195312,4844.98486328125,1260.0,4757.115234375,1705.0,1830.0,19796.361328125,2820.0,1853.415771484375,1803.5703125,2338.992919921875,4790.82861328125,1273.436279296875,801.9696044921875,320.3313903808594,3062.5
2024-09-02,56.5,908.1163940429688,4280.7451171875,7321.92431640625,153.6562957763672,1118.853515625,129.65298461914062,954.1648559570312,4839.98486328125,1265.0,4822.92578125,1765.0,1870.0,20121.302734375,2905.0,1882.9130859375,1813.5347900390625,2381.660888671875,4872.3544921875,1295.455322265625,795.2384643554688,323.2524108886719,3177.5
2024-09-03,54.79999923706055,891.2073364257812,4381.865234375,7321.92431640625,151.26661682128906,1081.713134765625,126.99343872070312,923.2428588867188,4879.98486328125,1230.0,4945.1435546875,1715.0,1855.0,20071.3125,2870.0,1887.829345703125,1808.552490234375,2432.0869140625,4824.39794921875,1255.0869140625,769.2754516601562,316.43682861328125,3042.5
2024-09-04,55.20000076293945,888.223388671875,4747.82373046875,7739.52294921875,165.36570739746094,1132.78125,126.5501708984375,967.4171752929688,5049.984375,1290.0,5133.17236328125,1765.0,1900.0,20696.1953125,2940.0,1981.237548828125,1938.0906982421875,2482.512939453125,5064.17919921875,1291.7855224609375,754.8515014648438,327.1470031738281,3117.5
2024-09-05,55.599998474121094,855.39990234375,4617.81201171875,7516.80322265625,158.43563842773438,1114.2110595703125,127.65831756591797,971.8345947265625,5019.984375,1330.0,5029.7568359375,1800.0,1910.0,20871.1640625,2890.0,1946.823974609375,1977.9486083984375,2478.634033203125,5073.7705078125,1321.1441650390625,726.9652709960938,326.1733093261719,3047.5
2024-09-06,54.0,854.4052734375,4449.279296875,7238.40380859375,154.61216735839844,1095.640869140625,124.99877166748047,927.6602783203125,4999.984375,1345.0,4879.33349609375,1780.0,1825.0,21171.109375,2835.0,1863.2481689453125,1913.1795654296875,2412.6923828125,4901.1279296875,1244.0775146484375,735.61962890625,318.8709411621094,2955.0
2024-09-09,53.900001525878906,850.4266967773438,4430.01806640625,7368.3232421875,157.47976684570312,1128.138671875,127.43669128417969,927.6602783203125,5009.984375,1380.0,4935.74169921875,1855.0,1810.0,21321.080078125,2880.0,1892.7454833984375,1948.05517578125,2428.2080078125,4939.4931640625,1236.7376708984375,758.6978759765625,318.3841247558594,2907.5
2024-09-10,52.599998474121094,860.3731689453125,4338.5283203125,7145.6025390625,158.43563842773438,1100.2833251953125,124.5555191040039,932.0776977539062,5039.984375,1345.0,4860.52978515625,1865.0,1825.0,21096.12109375,2850.0,1858.3319091796875,1923.14404296875,2447.6025390625,4790.82861328125,1211.048828125,768.3138427734375,311.08172607421875,2855.0
2024-09-11,56.099998474121094,904.1378173828125,4401.126953125,7377.6025390625,158.6746063232422,1169.9215087890625,124.5555191040039,976.2520751953125,5219.98388671875,1425.0,5057.95947265625,2115.0,1860.0,21296.0859375,2950.0,1907.494140625,1997.8775634765625,2575.607421875,4920.310546875,1258.7568359375,796.2000732421875,315.463134765625,2867.5
2024-09-12,56.400001525878906,911.100341796875,4439.64794921875,7609.60400390625,162.02015686035156,1179.2066650390625,123.890625,1007.1740112304688,5199.98388671875,1450.0,5123.7705078125,2005.0,1980.0,21396.068359375,2965.0,2020.5672607421875,2012.8243408203125,2548.454833984375,5016.22314453125,1313.804443359375,803.892822265625,315.463134765625,2902.5
2024-09-13,56.900001525878906,914.0843505859375,4579.2900390625,7841.60400390625,162.737060546875,1207.0618896484375,124.33389282226562,1002.756591796875,5179.98388671875,1540.0,5302.39697265625,1995.0,2000.0,21421.0625,2970.0,2045.1484375,2007.842041015625,2529.060302734375,5083.36181640625,1354.1728515625,808.7008056640625,314.9763488769531,2920.0
2024-09-16,55.599998474121094,921.046875,4531.1376953125,7739.52294921875,159.63047790527344,1211.7044677734375,124.33389282226562,1011.5914306640625,5269.98388671875,1520.0,5189.580078125,1990.0,2045.0,22320.8984375,2910.0,2010.73486328125,2062.646728515625,2509.66552734375,5083.36181640625,1361.512451171875,828.894287109375,312.055419921875,2977.5
2024-09-17,54.900001525878906,914.0843505859375,4492.61572265625,8008.64208984375,155.8070068359375,1193.13427734375,124.5555191040039,1002.756591796875,5219.98388671875,1540.0,5264.791015625,1975.0,2090.0,21920.970703125,2905.0,2010.73486328125,2022.788818359375,2529.060302734375,4987.44921875,1350.5029296875,826.9710693359375,311.08172607421875,2942.5
2024-09-18,54.5,897.17529296875,4646.70361328125,8157.123046875,158.91357421875,1188.49169921875,124.11225128173828,985.0869140625,5129.98388671875,1520.0,5349.40478515625,1990.0,2180.0,21396.068359375,2935.0,1991.0699462890625,1972.9664306640625,2509.66552734375,4881.9453125,1313.804443359375,802.9312133789062,307.1871032714844,2907.5
2024-09-19,55.400001525878906,886.234130859375,4747.82373046875,8500.4833984375,161.542236328125,1193.13427734375,124.5555191040039,989.5043334960938,5179.98388671875,1535.0,5387.01025390625,1975.0,2195.0,21496.048828125,3035.0,2020.5672607421875,2082.57568359375,2548.454833984375,4910.71923828125,1306.46484375,825.0479125976562,310.59490966796875,2955.0
2024-09-20,54.70000076293945,871.3143310546875,4665.96484375,8398.40234375,155.32907104492188,1155.993896484375,124.77714538574219,962.9996948242188,5179.98388671875,1495.0,5358.8046875,1960.0,2180.0,21146.11328125,3030.0,2000.90234375,2062.646728515625,2482.512939453125,4824.39794921875,1288.1156005859375,817.3551635742188,308.1607666015625,2900.0
2024-09-23,53.79999923706055,881.2608642578125,4574.47412109375,8212.8046875,152.2224884033203,1137.4237060546875,123.22573852539062,976.2520751953125,5069.984375,1460.0,5255.39013671875,1900.0,2080.0,20496.234375,2955.0,1986.1536865234375,2017.8065185546875,2455.360595703125,4795.62451171875,1277.1060791015625,807.7391967773438,305.2398376464844,2825.0
2024-09-24,55.0,899.16455078125,4478.169921875,7860.1650390625,148.87693786621094,1142.0662841796875,119.01478576660156,980.6694946289062,4984.984375,1465.0,5104.96728515625,1880.0,2085.0,20246.279296875,2955.0,1907.494140625,1987.9130859375,2575.607421875,4929.90185546875,1321.1441650390625,837.5486450195312,307.1871032714844,2795.0
2024-09-25,55.099998474121094,893.1966552734375,4300.00634765625,7637.44384765625,149.8328094482422,1137.4237060546875,115.4687271118164,976.2520751953125,5029.984375,1420.0,4992.15087890625,1915.0,2125.0,20596.216796875,2925.0,1833.7508544921875,1963.001953125,2587.244140625,4814.806640625,1284.4456787109375,815.4319458007812,303.77935791015625,2752.5
2024-09-26,56.79999923706055,878.27685546875,4227.77783203125,7470.404296875,146.72622680664062,1109.5684814453125,111.25776672363281,980.6694946289062,4989.984375,1405.0,4982.74951171875,1935.0,2120.0,20421.248046875,2855.0,1784.588623046875,1903.215087890625,2598.880859375,4555.84326171875,1266.096435546875,806.777587890625,295.9901123046875,2720.0
2024-09-27,57.599998474121094,877.2822265625,4304.82177734375,7581.76318359375,150.54971313476562,1114.2110595703125,117.02013397216797,985.0869140625,4949.98486328125,1405.0,5039.15673828125,1910.0,2045.0,20421.248046875,2890.0,1794.4210205078125,1898.2327880859375,2649.306884765625,4450.33935546875,1324.8140869140625,819.2783203125,297.9374084472656,2675.0
2024-09-30,55.900001525878906,859.3784790039062,4112.21142578125,7331.20361328125,147.44313049316406,1100.2833251953125,112.36592102050781,949.7474365234375,4989.984375,1370.0,4916.939453125,1915.0,2015.0,20271.275390625,2970.0,1750.175048828125,1838.4459228515625,2621.904052734375,4364.01806640625,1357.8426513671875,799.0848388671875,295.5032958984375,2640.0
2024-10-01,55.29999923706055,872.3089599609375,4179.62548828125,7516.80322265625,146.96519470214844,1132.78125,115.02546691894531,971.8345947265625,5129.98388671875,1375.0,4963.9462890625,1915.0,2020.0,20746.1875,3030.0,1774.7562255859375,1958.0196533203125,2609.53662109375,4498.29541015625,1368.8521728515625,811.5855712890625,297.4506530761719,2705.0
2024-10-02,54.70000076293945,883.2501831054688,4150.73388671875,7470.404296875,146.72622680664062,1128.138671875,116.57686614990234,962.9996948242188,5059.984375,1370.0,4879.33349609375,1860.0,1990.0,20721.193359375,2955.0,1755.09130859375,1928.126220703125,2535.331787109375,4402.38330078125,1357.8426513671875,824.0863037109375,297.9374084472656,2690.0
2024-10-03,54.70000076293945,875.2929077148438,4381.865234375,7693.123046875,148.1600341796875,1169.9215087890625,118.79315948486328,976.2520751953125,5109.984375,1375.0,5020.3544921875,1895.0,2055.0,20871.1640625,3055.0,1799.3372802734375,1938.0906982421875,2593.046630859375,4546.251953125,1387.201416015625,818.3167114257812,296.9637756347656,2760.0
2024-10-04,55.20000076293945,873.3036499023438,4415.5712890625,7748.8037109375,153.6562957763672,1132.78125,119.23641967773438,971.8345947265625,5139.98388671875,1375.0,5010.95458984375,2000.0,2020.0,20846.169921875,3090.0,1779.67236328125,1948.05517578125,2572.434326171875,4622.98193359375,1394.5411376953125,813.5087890625,296.9637756347656,2735.0
2024-10-07,54.599998474121094,864.351806640625,4256.669921875,7433.283203125,152.9394073486328,1104.9259033203125,116.79850006103516,949.7474365234375,5049.984375,1335.0,4879.33349609375,1940.0,2060.0,20746.1875,2975.0,1696.0966796875,1863.357177734375,2535.331787109375,4517.47802734375,1379.8616943359375,803.892822265625,295.9901123046875,2680.0
2024-10-08,54.5,862.3624267578125,4425.2021484375,7748.8037109375,151.50558471679688,1114.2110595703125,115.69035339355469,980.6694946289062,4964.984375,1325.0,5010.95458984375,1890.0,2045.0,20546.22265625,3000.0,1745.2587890625,1883.2861328125,2543.57666015625,4493.5,1346.8331298828125,791.39208984375,295.5032958984375,2680.0
2024-10-09,54.5,864.351806640625,4492.61572265625,7813.7626953125,153.6562957763672,1155.993896484375,113.47406005859375,980.6694946289062,4989.984375,1395.0,5208.3828125,1860.0,2050.0,21021.134765625,3050.0,1789.5048828125,1898.2327880859375,2560.06689453125,4752.4638671875,1346.8331298828125,790.4304809570312,298.42425537109375,2830.0
2024-10-10,55.099998474121094,867.3357543945312,4535.95263671875,8008.64208984375,152.9394073486328,1146.7088623046875,113.03080749511719,1007.1740112304688,4979.984375,1410.0,5321.201171875,1855.0,2055.0,21271.091796875,3015.0,1828.8345947265625,1878.3038330078125,2527.0869140625,4714.0986328125,1343.1632080078125,786.5841064453125,299.3978576660156,2860.0
2024-10-14,54.400001525878906,855.39990234375,4545.58349609375,8157.123046875,150.78868103027344,1142.0662841796875,114.13894653320312,998.3391723632812,4964.984375,1375.0,5490.42578125,1830.0,2005.0,21346.078125,3070.0,1789.5048828125,1848.410400390625,2531.209228515625,4771.64599609375,1321.1441650390625,771.1986083984375,313.029052734375,2982.5
2024-10-15,53.5,844.458740234375,4540.7685546875,8212.8046875,154.61216735839844,1160.636474609375,111.7010269165039,980.6694946289062,4999.984375,1375.0,5509.22900390625,1830.0,1975.0,21795.994140625,3100.0,1848.49951171875,1913.1795654296875,2551.82177734375,4704.50732421875,1317.474365234375,769.2754516601562,320.8182678222656,3037.5
2024-10-16,52.400001525878906,838.4908447265625,4357.78955078125,7795.20361328125,149.8328094482422,1109.5684814453125,108.93067169189453,940.91259765625,4994.984375,1345.0,5443.41845703125,1795.0,1945.0,21945.96484375,3055.0,1794.4210205078125,2022.788818359375,2461.127197265625,4618.18603515625,1302.794921875,770.2369995117188,320.3313903808594,2962.5
2024-10-17,53.0,833.5176391601562,4362.60498046875,7943.68310546875,152.2224884033203,1109.5684814453125,110.14962768554688,954.1648559570312,5089.984375,1395.0,5462.22119140625,1870.0,1955.0,22145.931640625,3225.0,1828.8345947265625,2047.699951171875,2510.596923828125,4699.7119140625,1335.8236083984375,768.3138427734375,315.9499816894531,3005.0
2024-10-18,53.0,830.53369140625,4473.35498046875,8092.1640625,151.9835205078125,1142.0662841796875,108.70903778076172,945.3300170898438,5079.984375,1370.0,5678.45458984375,1850.0,1940.0,22820.8046875,3250.0,1873.08056640625,2012.8243408203125,2539.454345703125,4833.9892578125,1328.48388671875,766.390625,317.41046142578125,2995.0
2024-10-21,52.5,822.576416015625,4502.24609375,8073.6025390625,150.3107452392578,1160.636474609375,109.59555053710938,936.4951782226562,4974.984375,1385.0,5687.85546875,1825.0,1950.0,22595.84765625,3240.0,1907.494140625,1987.9130859375,2510.596923828125,4901.1279296875,1328.48388671875,752.9283447265625,320.8182678222656,2977.5
2024-10-22,52.29999923706055,799.699462890625,4458.90869140625,8008.64208984375,148.1600341796875,1174.5640869140625,106.1603012084961,927.6602783203125,4884.98486328125,1420.0,5678.45458984375,1790.0,1940.0,21895.9765625,3230.0,1868.1644287109375,1928.126220703125,2477.616943359375,4853.171875,1343.1632080078125,736.5812377929688,319.8446044921875,2965.0
2024-10-23,50.70000076293945,780.8010864257812,4338.5283203125,7832.32275390625,146.0093231201172,1155.993896484375,104.60890197753906,936.4951782226562,4704.9853515625,1435.0,5546.83251953125,1755.0,1980.0,21721.0078125,3165.0,1828.8345947265625,1843.42822265625,2440.5146484375,4776.44189453125,1354.1728515625,731.7732543945312,315.9499816894531,2880.0
2024-10-24,51.099998474121094,823.5711059570312,4641.8876953125,8426.244140625,151.26661682128906,1193.13427734375,105.49541473388672,976.2520751953125,4729.9853515625,1530.0,5857.0810546875,1905.0,2035.0,22070.943359375,3235.0,1971.405029296875,1923.14404296875,2494.10693359375,4949.08447265625,1387.201416015625,761.5827026367188,319.3577880859375,2977.5
2024-10-25,52.099998474121094,812.6298828125,5017.47705078125,8584.00390625,152.46145629882812,1211.7044677734375,111.47940063476562,985.0869140625,4799.9853515625,1540.0,5913.48828125,1960.0,2150.0,22220.91796875,3200.0,2010.73486328125,2007.842041015625,2477.616943359375,4977.85791015625,1354.1728515625,759.6594848632812,322.7655334472656,2995.0
2024-10-28,51.70000076293945,821.581787109375,5123.41162109375,8481.9228515625,148.1600341796875,1197.77685546875,106.93600463867188,962.9996948242188,4699.9853515625,1515.0,5875.8828125,1945.0,2110.0,22295.90234375,3120.0,2025.4835205078125,2012.8243408203125,2481.739501953125,4901.1279296875,1365.182373046875,746.1971435546875,323.2524108886719,2960.0
2024-10-29,52.20000076293945,827.5496826171875,5113.78125,8481.9228515625,147.6820831298828,1207.0618896484375,106.60356140136719,993.9217529296875,4789.9853515625,1570.0,5781.86962890625,1930.0,2095.0,22695.828125,3080.0,2059.89697265625,1992.8953857421875,2708.4765625,4977.85791015625,1475.2777099609375,755.8131103515625,324.7127990722656,2870.0
2024-10-30,52.400001525878906,821.581787109375,5027.10693359375,8398.40234375,145.29241943359375,1211.7044677734375,107.2684555053711,998.3391723632812,4854.98486328125,1605.0,5678.45458984375,1940.0,2105.0,23145.74609375,3105.0,2020.5672607421875,2077.593505859375,2712.59912109375,4977.85791015625,1504.636474609375,758.6978759765625,322.2787170410156,2845.0
2024-10-31,52.0,838.4908447265625,5084.8896484375,8407.68359375,148.3990020751953,1211.7044677734375,106.7143783569336,985.0869140625,4929.98486328125,1665.0,5734.8623046875,1925.0,2145.0,23245.728515625,3105.0,2084.478271484375,2142.362548828125,2659.0068359375,4987.44921875,1497.2967529296875,764.4674682617188,322.7655334472656,2835.0
2024-11-01,54.79999923706055,861.3677978515625,5190.8251953125,8249.9228515625,151.50558471679688,1225.632080078125,109.59555053710938,1016.0089111328125,5029.984375,1820.0,5725.46044921875,1935.0,2150.0,23570.66796875,3125.0,2059.89697265625,2187.20263671875,2700.2314453125,5083.36181640625,1548.674560546875,785.62255859375,329.58111572265625,2977.5
2024-11-04,56.5,875.2929077148438,5161.93359375,8333.4423828125,159.63047790527344,1258.1298828125,111.7010269165039,1038.0960693359375,5069.984375,1855.0,5791.27099609375,1940.0,2220.0,23170.7421875,3135.0,2089.394287109375,2237.025146484375,2770.31396484375,5256.00439453125,1658.77001953125,785.62255859375,334.4494323730469,3147.5
2024-11-05,54.79999923706055,874.2982788085938,5219.71630859375,8166.4033203125,158.43563842773438,1290.6278076171875,111.25776672363281,1085.5511474609375,5189.98388671875,1880.0,5697.2578125,1930.0,2290.0,23395.701171875,3210.0,2064.813232421875,2366.563232421875,2852.763427734375,5227.23046875,1622.071533203125,779.8529663085938,336.8835144042969,3232.5
2024-11-06,54.0,856.39453125,5585.6748046875,8853.1240234375,158.91357421875,1272.0576171875,115.69035339355469,1132.7490234375,5419.9833984375,1885.0,6026.306640625,1920.0,2305.0,23695.646484375,3220.0,2187.71875,2600.728515625,2786.8037109375,5121.7265625,1596.382568359375,762.5442504882812,340.2912292480469,3282.5
2024-11-07,57.29999923706055,837.4962158203125,5893.849609375,8955.2021484375,163.93190002441406,1304.555419921875,120.12293243408203,1118.5897216796875,5699.982421875,1890.0,6035.7080078125,2020.0,2405.0,23645.654296875,3250.0,2217.216064453125,2780.089111328125,2873.3759765625,5351.91650390625,1622.071533203125,751.005126953125,353.92242431640625,3397.5
2024-11-08,56.400001525878906,797.710205078125,5681.9794921875,8537.6025390625,155.09011840820312,1248.8448486328125,117.24176025390625,1104.4302978515625,5699.982421875,1840.0,5875.8828125,1965.0,2405.0,23370.705078125,3245.0,2207.3837890625,2660.515380859375,2770.31396484375,5179.2744140625,1489.9571533203125,734.6580200195312,357.8170471191406,3367.5
2024-11-11,57.79999923706055,806.6619873046875,5759.0234375,8509.7646484375,156.52391052246094,1267.4150390625,115.69035339355469,1094.99072265625,5639.982421875,1835.0,5922.8896484375,1975.0,2385.0,23620.66015625,3300.0,2231.96484375,2595.74609375,2786.8037109375,5256.00439453125,1482.6173095703125,758.6978759765625,359.76434326171875,3467.5
2024-11-12,58.29999923706055,806.6619873046875,5893.849609375,8593.28515625,160.8253173828125,1327.76806640625,111.03614044189453,1113.869873046875,5699.982421875,1895.0,5979.29833984375,2000.0,2380.0,23745.63671875,3360.0,2266.37841796875,2506.06591796875,2881.62109375,5447.8291015625,1519.31591796875,759.6594848632812,363.6589050292969,3485.0
2024-11-13,59.900001525878906,805.6673583984375,5951.6328125,8528.32421875,160.10841369628906,1411.333984375,109.0414810180664,1161.0677490234375,5779.98193359375,1925.0,5969.8974609375,2095.0,2450.0,23745.63671875,3435.0,2276.2109375,2645.568603515625,2935.213623046875,5716.38427734375,1559.68408203125,759.6594848632812,363.17205810546875,3555.0
2024-11-14,64.30000305175781,833.5176391601562,5980.5244140625,8491.2041015625,163.4539794921875,1448.474365234375,110.4820785522461,1179.9468994140625,6229.98046875,1970.0,5960.49609375,2085.0,2435.0,24020.5859375,3475.0,2369.619140625,2944.5029296875,3083.623046875,6013.712890625,1614.7318115234375,780.8145751953125,367.5534973144531,3697.5
2024-11-15,67.4000015258789,859.3784790039062,5807.17626953125,8314.8837890625,164.40985107421875,1378.836181640625,112.5875473022461,1151.628173828125,6179.98095703125,1905.0,5960.49609375,2070.0,2375.0,23870.615234375,3415.0,2349.9541015625,2884.716064453125,3042.398193359375,5860.2529296875,1589.0428466796875,807.7391967773438,378.263671875,3652.5
2024-11-19,64.30000305175781,867.3357543945312,6134.6123046875,8342.724609375,168.4722900390625,1429.9041748046875,111.25776672363281,1203.5458984375,6259.98046875,2035.0,5932.29150390625,2170.0,2450.0,23970.59375,3560.0,2438.446044921875,2869.769287109375,3145.46044921875,6023.30419921875,1625.7413330078125,800.0464477539062,384.1056213378906,3935.0
2024-11-20,68.30000305175781,851.4213256835938,6192.39453125,8352.0029296875,169.18919372558594,1434.546630859375,110.26043701171875,1198.8260498046875,6359.98046875,2030.0,5941.693359375,2210.0,2465.0,24295.533203125,3625.0,2487.6083984375,2914.609375,3161.950439453125,6032.8955078125,1622.071533203125,794.27685546875,380.69781494140625,4087.5
2024-11-21,72.19999694824219,854.4052734375,6009.41455078125,8305.6044921875,169.18919372558594,1434.546630859375,110.70370483398438,1194.1063232421875,6229.98046875,2055.0,5894.6865234375,2335.0,2410.0,24645.470703125,3660.0,2428.61376953125,2844.858154296875,3240.27783203125,6119.216796875,1581.7032470703125,800.0464477539062,379.7241516113281,4167.5
2024-11-22,77.0999984741211,915.0789794921875,5845.69775390625,8352.0029296875,174.68544006347656,1448.474365234375,117.02013397216797,1194.1063232421875,6459.97998046875,2035.0,5800.671875,2355.0,2365.0,25320.345703125,3730.0,2345.037841796875,2969.4140625,3392.809814453125,6311.04150390625,1574.363525390625,903.8986206054688,377.2900390625,4502.5
2024-11-25,74.19999694824219,957.8489379882812,5893.849609375,8352.0029296875,173.72958374023438,1457.7593994140625,118.34989929199219,1255.463623046875,6749.97900390625,2130.0,5828.87646484375,2305.0,2475.0,26895.05859375,3710.0,2379.451416015625,2899.662841796875,3483.504638671875,6234.3115234375,1614.7318115234375,928.9000854492188,378.75054931640625,4370.0
2024-11-26,74.9000015258789,979.7313232421875,6047.93798828125,8648.96484375,174.20751953125,1434.546630859375,118.34989929199219,1283.7823486328125,6999.978515625,2165.0,5969.8974609375,2300.0,2575.0,27544.939453125,3730.0,2541.686767578125,2944.5029296875,3438.1572265625,6167.1728515625,1600.0523681640625,927.9384765625,375.82958984375,4470.0
2024-11-27,70.5,934.9719848632812,5807.17626953125,8342.724609375,172.05682373046875,1392.7637939453125,110.70370483398438,1227.1448974609375,6889.978515625,2100.0,5800.671875,2230.0,2535.0,26795.076171875,3730.0,2477.77587890625,2929.55615234375,3384.56494140625,6224.72021484375,1607.39208984375,912.552978515625,374.8558654785156,4385.0
2024-11-28,71.0,938.9506225585938,5845.69775390625,8546.8837890625,171.33990478515625,1406.69140625,109.0414810180664,1288.5020751953125,6929.978515625,2105.0,5828.87646484375,2245.0,2600.0,26945.046875,3775.0,2482.692138671875,2979.378662109375,3425.789794921875,6349.40673828125,1633.0810546875,908.7066040039062,377.2900390625,4467.5
2024-11-29,74.69999694824219,944.9185180664062,5942.001953125,8593.28515625,173.49061584472656,1406.69140625,107.93333435058594,1293.221923828125,6929.978515625,2160.0,5913.48828125,2275.0,2665.0,27195.001953125,3855.0,2640.01123046875,3034.18310546875,3425.789794921875,6330.22412109375,1622.071533203125,925.0537109375,375.82958984375,4517.5
2024-12-02,78.4000015258789,972.7687377929688,6202.02490234375,8964.484375,176.83616638183594,1453.1168212890625,105.27378845214844,1312.10107421875,7239.9775390625,2230.0,6176.728515625,2300.0,2780.0,27195.001953125,3880.0,2684.25732421875,2999.3076171875,3413.42236328125,6176.76416015625,1640.4207763671875,956.7863159179688,377.7768859863281,4470.0
2024-12-03,83.4000015258789,979.7313232421875,6192.39453125,8816.00390625,180.42068481445312,1471.68701171875,103.5007553100586,1392.33740234375,7059.97802734375,2370.0,6120.3203125,2330.0,2850.0,26920.052734375,3890.0,2669.508544921875,3059.094482421875,3417.544677734375,6272.6767578125,1735.836669921875,956.7863159179688,373.8822937011719,4442.5
2024-12-04,82.0999984741211,946.9078369140625,5913.111328125,8472.642578125,176.59719848632812,1415.9764404296875,99.06818389892578,1359.2989501953125,6849.97900390625,2220.0,5857.0810546875,2235.0,2745.0,26645.1015625,3770.0,2546.60302734375,2924.573974609375,3265.012939453125,6004.12158203125,1662.439697265625,925.0537109375,370.9613037109375,4247.5
2024-12-05,79.4000015258789,926.0201416015625,5836.06591796875,8574.724609375,175.40235900878906,1420.6190185546875,101.17365264892578,1368.738525390625,6889.978515625,2405.0,5960.49609375,2210.0,2660.0,26820.072265625,3740.0,2620.346435546875,2969.4140625,3174.31787109375,5898.61767578125,1614.7318115234375,905.8218383789062,369.9876708984375,4195.0
2024-12-06,76.30000305175781,900.1592407226562,5864.9580078125,8528.32421875,174.92442321777344,1415.9764404296875,100.2871322631836,1378.1781005859375,6869.978515625,2490.0,5941.693359375,2225.0,2595.0,26970.044921875,3730.0,2615.43017578125,2919.591796875,3211.420654296875,5841.0703125,1655.10009765625,889.4747314453125,370.9613037109375,4215.0
2024-12-09,74.80000305175781,909.111083984375,6019.04638671875,8574.724609375,173.25164794921875,1439.189208984375,101.72772979736328,1411.216552734375,6989.978515625,2450.0,5932.29150390625,2195.0,2645.0,26795.076171875,3770.0,2640.01123046875,2999.3076171875,3219.665283203125,5917.80029296875,1688.1287841796875,883.7051391601562,366.5798645019531,4352.5
2024-12-10,73.30000305175781,893.1966552734375,5778.28369140625,8481.9228515625,172.29579162597656,1420.6190185546875,101.61691284179688,1378.1781005859375,7069.97802734375,2440.0,5819.474609375,2150.0,2620.0,26695.09375,3715.0,2566.267822265625,2874.75146484375,3252.645263671875,5889.02685546875,1688.1287841796875,860.6268920898438,361.2248229980469,4377.5
2024-12-11,73.30000305175781,889.218017578125,5922.74072265625,8908.802734375,175.8802947998047,1480.97216796875,100.17632293701172,1411.216552734375,7299.9775390625,2505.0,6139.123046875,2145.0,2780.0,26770.078125,3870.0,2699.005859375,2984.36083984375,3330.97265625,6243.90283203125,1754.1859130859375,880.8203735351562,365.1194152832031,4610.0
2024-12-12,73.0,886.234130859375,5893.849609375,8890.2431640625,180.1817169189453,1485.6146240234375,104.60890197753906,1392.33740234375,7349.97705078125,2570.0,6214.3349609375,2225.0,2875.0,26595.111328125,3820.0,2762.916748046875,2969.4140625,3260.890380859375,6243.90283203125,1721.1572265625,853.895751953125,369.01397705078125,4735.0
2024-12-13,72.80000305175781,915.0789794921875,6009.41455078125,9442.4052734375,189.0235137939453,1555.2529296875,108.8198471069336,1406.496826171875,7139.97802734375,2705.0,6355.35498046875,2350.0,2870.0,26495.1328125,3890.0,2846.49267578125,2959.44970703125,3339.217529296875,6224.72021484375,2022.0845947265625,887.551513671875,371.93505859375,4852.5
2024-12-16,80.5,974.7579956054688,6905.0498046875,11066.4072265625,202.16676330566406,1615.60595703125,111.47940063476562,1463.13427734375,7549.9765625,2765.0,7135.6728515625,2395.0,2990.0,26745.0859375,4110.0,3382.36083984375,3163.721435546875,3446.40234375,6426.13671875,2256.95458984375,917.3609619140625,383.61883544921875,4977.5
2024-12-17,84.0,965.8062133789062,7088.0283203125,11252.00390625,205.990234375,1610.96337890625,112.80917358398438,1467.85400390625,7599.9765625,2665.0,7427.11669921875,2335.0,2935.0,27045.03125,4175.0,3505.266357421875,3069.058837890625,3603.056884765625,6579.5966796875,2227.595947265625,929.8616943359375,407.9600524902344,5120.0
2024-12-18,80.30000305175781,967.7954711914062,6770.2216796875,10927.205078125,208.1409454345703,1532.0401611328125,110.81451416015625,1406.496826171875,7449.97705078125,2555.0,7145.07421875,2280.0,2805.0,26245.17578125,4070.0,3426.606689453125,2914.609375,3442.27978515625,6368.5888671875,2139.519775390625,919.2841186523438,410.39422607421875,5025.0
2024-12-19,75.69999694824219,926.0201416015625,6423.52490234375,10300.8056640625,202.6446990966797,1457.7593994140625,109.81718444824219,1359.2989501953125,7069.97802734375,2465.0,6806.623046875,2170.0,2710.0,25520.310546875,3950.0,3352.863525390625,2750.195556640625,3343.340087890625,6109.62548828125,2143.189453125,898.1290893554688,408.9337463378906,4785.0
2024-12-20,78.0,909.111083984375,6683.54833984375,10556.005859375,204.79541015625,1494.8997802734375,108.70903778076172,1368.738525390625,6989.978515625,2460.0,6966.447265625,2200.0,2750.0,26170.19140625,4040.0,3569.17724609375,2800.01806640625,3417.544677734375,6330.22412109375,2047.7734375,876.9739990234375,410.88104248046875,4940.0
2024-12-23,77.0999984741211,906.1271362304688,6905.0498046875,10672.00390625,220.80624389648438,1532.0401611328125,109.9280014038086,1378.1781005859375,7109.97802734375,2620.0,6966.447265625,2205.0,2780.0,26195.185546875,4065.0,3574.093505859375,2844.858154296875,3434.034912109375,6311.04150390625,2106.490966796875,881.781982421875,410.39422607421875,4982.5
2024-12-24,77.19999694824219,916.0736694335938,7280.638671875,10857.6064453125,228.45321655273438,1569.1805419921875,114.36058044433594,1387.61767578125,7149.97802734375,2695.0,7145.07421875,2220.0,2805.0,25945.23046875,4135.0,3638.00439453125,2849.84033203125,3462.89208984375,6483.68408203125,2143.189453125,885.6283569335938,418.1834411621094,5040.0
2024-12-26,77.30000305175781,909.111083984375,7492.50927734375,11228.8037109375,237.29501342773438,1597.0357666015625,116.57686614990234,1463.13427734375,7249.9775390625,2675.0,7248.490234375,2260.0,2930.0,26195.185546875,4215.0,3701.915283203125,3059.094482421875,3483.504638671875,6665.91796875,2157.868896484375,858.7036743164062,429.3804626464844,5095.0
2024-12-27,75.0999984741211,898.169921875,7521.39990234375,11112.8056640625,230.6039276123047,1597.0357666015625,114.13894653320312,1458.4144287109375,7189.9775390625,2610.0,7154.47509765625,2235.0,2985.0,26020.216796875,4190.0,3618.33935546875,3123.863525390625,3401.054931640625,6790.60400390625,2099.1513671875,861.5885009765625,441.5510559082031,5045.0
2024-12-30,72.0999984741211,889.3424072265625,7280.638671875,10625.6044921875,225.3466339111328,1643.461181640625,110.14962768554688,1411.216552734375,7089.97802734375,2540.0,7004.052734375,2170.0,2880.0,26070.208984375,4165.0,3515.098876953125,3059.094482421875,3256.767822265625,6733.056640625,2018.4146728515625,860.6268920898438,434.24871826171875,5030.0
2025-01-02,74.30000305175781,890.3394775390625,8253.3154296875,11924.806640625,246.61477661132812,1689.88671875,115.4687271118164,1472.5738525390625,7339.97705078125,2765.0,7586.94091796875,2230.0,2980.0,26570.1171875,4385.0,3849.40185546875,3158.7392578125,3462.89208984375,7375.67041015625,2077.132080078125,863.5116577148438,439.6037292480469,5240.0
2025-01-03,74.30000305175781,887.348388671875,8378.5126953125,12064.005859375,245.1809539794922,1759.52490234375,120.7878189086914,1505.6123046875,7739.97607421875,2635.0,7737.36279296875,2225.0,3005.0,26670.099609375,4445.0,3932.977783203125,3372.975341796875,3619.547119140625,7442.80908203125,2077.132080078125,848.1261596679688,438.63006591796875,5250.0
2025-01-06,73.0,871.3960571289062,9129.6884765625,12829.6064453125,254.26174926757812,1764.16748046875,121.2310791015625,1533.9310302734375,7989.97509765625,2610.0,8000.60205078125,2245.0,3060.0,26770.078125,4500.0,4213.2021484375,3343.08203125,3669.016845703125,7414.03515625,2176.21826171875,832.7406616210938,439.6037292480469,5385.0
2025-01-07,71.19999694824219,871.3960571289062,8937.080078125,12690.4072265625,249.9603271484375,1782.7376708984375,124.99877166748047,1557.530029296875,8249.974609375,2560.0,8085.21630859375,2250.0,3080.0,26845.06640625,4555.0,4262.36474609375,3387.922119140625,3701.99658203125,7663.40771484375,2245.945068359375,834.663818359375,441.0642395019531,5535.0
2025-01-08,68.9000015258789,881.3662719726562,8744.4716796875,12690.4072265625,246.61477661132812,1740.9547119140625,123.00411224365234,1505.6123046875,7999.97509765625,2290.0,7972.396484375,2385.0,3000.0,26870.060546875,4470.0,4355.77294921875,3283.295166015625,3607.179443359375,7586.677734375,2168.87841796875,830.8174438476562,438.1433410644531,5430.0
2025-01-09,68.0,915.2649536132812,9004.4921875,13154.40625,245.6588897705078,1736.3121337890625,124.5555191040039,1505.6123046875,8019.97509765625,2340.0,8122.8203125,2440.0,3000.0,27269.986328125,4575.0,4522.92431640625,3268.348388671875,3557.709716796875,7644.22509765625,2143.189453125,844.27978515625,438.1433410644531,5510.0
2025-01-10,72.9000015258789,928.2262573242188,9062.275390625,12690.4072265625,245.6588897705078,1685.244140625,121.00944519042969,1505.6123046875,8079.97509765625,2235.0,8113.42041015625,2410.0,3040.0,27369.970703125,4530.0,4562.25390625,3228.490478515625,3376.320068359375,7337.30517578125,2080.80224609375,866.3964233398438,439.116943359375,5490.0
2025-01-13,70.5999984741211,901.3067016601562,8320.728515625,11808.8056640625,233.94947814941406,1592.3931884765625,109.70637512207031,1453.6947021484375,7779.97607421875,2025.0,7624.54638671875,2295.0,2790.0,27145.01171875,4305.0,4267.28076171875,3039.16552734375,3265.012939453125,6752.2392578125,1945.0179443359375,839.4718017578125,436.1959228515625,5345.0
2025-01-14,71.5999984741211,870.3990478515625,8850.404296875,12690.4072265625,235.8612060546875,1638.8187255859375,112.14429473876953,1482.013427734375,7979.97509765625,2155.0,7925.390625,2290.0,2860.0,27219.998046875,4465.0,4488.5107421875,3173.685791015625,3368.074951171875,6963.24658203125,1963.3671875,813.5087890625,440.090576171875,5395.0
2025-01-15,68.9000015258789,835.5032958984375,8802.25390625,12690.4072265625,233.94947814941406,1597.0357666015625,108.48741149902344,1444.255126953125,7819.9755859375,2105.0,7972.396484375,2265.0,2765.0,27419.9609375,4420.0,4365.60498046875,3074.041015625,3425.789794921875,6828.96923828125,1963.3671875,787.5457153320312,447.3929748535156,5350.0
2025-01-16,67.30000305175781,813.56884765625,8657.794921875,12365.607421875,227.2583770751953,1508.827392578125,103.27912902832031,1373.458251953125,7549.9765625,2000.0,7868.982421875,2170.0,2660.0,27070.02734375,4290.0,4208.2861328125,2954.46728515625,3376.320068359375,6589.18798828125,1867.951171875,769.2754516601562,446.4193115234375,5215.0
2025-01-17,66.19999694824219,808.583740234375,8311.09765625,11437.6064453125,221.28416442871094,1420.6190185546875,100.17632293701172,1345.1395263671875,7349.97705078125,1960.0,7370.70849609375,2105.0,2525.0,26145.1953125,4080.0,3932.977783203125,2879.73388671875,3095.990478515625,6445.31884765625,1820.2431640625,765.4290771484375,437.16961669921875,5050.0
2025-01-20,67.0999984741211,809.5807495117188,8330.3603515625,11391.20703125,227.2583770751953,1429.9041748046875,105.93867492675781,1354.5791015625,7459.97705078125,2005.0,7494.86962890625,2180.0,2570.0,26745.0859375,4045.0,4041.134521484375,2984.36083984375,3128.970458984375,6416.54541015625,1878.960693359375,762.5442504882812,443.4984130859375,5095.0
2025-01-21,65.9000015258789,800.6076049804688,8782.9921875,11808.8056640625,238.96778869628906,1555.2529296875,111.47940063476562,1415.9364013671875,7549.9765625,2130.0,7729.08349609375,2230.0,2700.0,27269.986328125,4210.0,4100.12939453125,2974.396240234375,3186.685302734375,6723.46533203125,1945.0179443359375,751.9667358398438,445.9324951171875,5155.0
2025-01-22,69.5,835.5032958984375,9120.0576171875,12156.8046875,247.0926971435547,1610.96337890625,109.59555053710938,1430.095703125,7659.97607421875,2230.0,7972.66796875,2290.0,2805.0,27394.96484375,4235.0,4178.78857421875,3064.07666015625,3236.155517578125,7030.38525390625,1948.6876220703125,776.9682006835938,447.3929748535156,5180.0
2025-01-23,68.4000015258789,868.4049682617188,8811.884765625,11739.2060546875,248.048583984375,1550.6103515625,106.7143783569336,1415.9364013671875,7749.97607421875,2170.0,7822.7705078125,2225.0,2720.0,27369.970703125,4175.0,4026.385986328125,3024.21875,3178.4404296875,6733.056640625,1970.7066650390625,795.2384643554688,445.9324951171875,5005.0
2025-01-24,73.0999984741211,873.3900756835938,8551.8603515625,11275.2041015625,248.52650451660156,1504.184814453125,103.0574951171875,1477.2935791015625,7629.9765625,2135.0,7719.71484375,2230.0,2745.0,27045.03125,4040.0,3878.899169921875,2904.64501953125,3186.685302734375,6474.0927734375,1974.3765869140625,784.6609497070312,439.116943359375,4810.0
2025-01-27,69.0,841.4854125976562,7906.619140625,10602.404296875,237.29501342773438,1439.189208984375,100.73040008544922,1415.9364013671875,7299.9775390625,2115.0,7154.47509765625,2145.0,2645.0,26045.21484375,3875.0,3642.920654296875,2869.769287109375,3001.17333984375,6186.35546875,1963.3671875,767.3522338867188,428.4067687988281,4597.5
2025-01-28,69.4000015258789,818.553955078125,7839.205078125,10509.6044921875,235.38327026367188,1448.474365234375,103.27912902832031,1397.0572509765625,7519.9765625,2215.0,7304.8984375,2090.0,2650.0,26420.14453125,3800.0,3706.83154296875,2934.538330078125,2976.438232421875,6100.0341796875,2011.0751953125,747.1587524414062,427.9199523925781,4565.0
2025-01-29,69.4000015258789,846.4705200195312,8436.2939453125,11066.4072265625,236.10018920898438,1541.3251953125,105.38460540771484,1434.8155517578125,7579.9765625,2250.0,7605.74365234375,2175.0,2825.0,26470.134765625,4065.0,3918.22900390625,2969.4140625,3124.84814453125,6483.68408203125,2084.471923828125,776.9682006835938,427.9199523925781,4745.0
2025-01-30,70.19999694824219,855.4437255859375,8619.275390625,11228.8037109375,236.81707763671875,1597.0357666015625,105.93867492675781,1444.255126953125,7679.97607421875,2320.0,7718.56005859375,2200.0,2950.0,27319.978515625,4280.0,3957.558837890625,3024.21875,3289.747802734375,6713.8740234375,2069.792724609375,805.8160400390625,424.5121765136719,4777.5
2025-01-31,69.0999984741211,864.4169311523438,8445.9267578125,11089.6044921875,236.33914184570312,1592.3931884765625,103.94401550292969,1430.095703125,7519.9765625,2305.0,7596.34228515625,2200.0,2845.0,27145.01171875,4240.0,3893.64794921875,2904.64501953125,3227.910400390625,6474.0927734375,2044.1036376953125,821.2015380859375,417.20977783203125,4717.5
2025-02-03,67.30000305175781,853.44970703125,8108.85888671875,10625.6044921875,228.21424865722656,1559.8953857421875,100.17632293701172,1382.8978271484375,7349.97705078125,2260.0,7295.49658203125,2185.0,2820.0,27294.984375,4080.0,3696.9990234375,2829.911376953125,3083.623046875,6358.998046875,1915.6591796875,808.7008056640625,401.14453125,4620.0
2025-02-04,68.5999984741211,856.4407348632812,8224.4228515625,10648.8056640625,231.55979919433594,1610.96337890625,100.8412094116211,1448.974853515625,7339.97705078125,2355.0,7408.3134765625,2285.0,2935.0,27045.03125,4150.0,3785.490966796875,2849.84033203125,3128.970458984375,6474.0927734375,1970.7066650390625,817.3551635742188,393.3553161621094,4707.5
2025-02-05,66.5,832.5122680664062,8137.7490234375,10463.205078125,228.21424865722656,1578.465576171875,99.8438720703125,1392.33740234375,7369.97705078125,2315.0,7276.69384765625,2210.0,2880.0,26745.0859375,4025.0,3701.915283203125,2854.822509765625,3087.74560546875,6406.9541015625,1919.328857421875,795.2384643554688,384.5924377441406,4660.0
2025-02-06,66.30000305175781,824.5360717773438,8474.8154296875,11020.0048828125,229.40908813476562,1559.8953857421875,98.95735931396484,1397.0572509765625,7329.97705078125,2325.0,7427.11669921875,2175.0,2920.0,26495.1328125,4055.0,3810.072021484375,2844.858154296875,3038.27587890625,6301.4501953125,1930.33837890625,782.7377319335938,382.6451416015625,4667.5
2025-02-07,63.20000076293945,825.5330810546875,8060.7060546875,10463.205078125,219.85037231445312,1504.184814453125,96.74107360839844,1345.1395263671875,6939.978515625,2285.0,7145.07421875,2130.0,2885.0,26345.158203125,3890.0,3608.507080078125,2790.053466796875,2877.498291015625,6052.078125,1904.649658203125,773.121826171875,374.8558654785156,4542.5
2025-02-10,61.5,869.4020385742188,7896.98876953125,10440.00390625,220.56727600097656,1480.97216796875,93.63826751708984,1330.980224609375,7019.97802734375,2330.0,7051.06005859375,2170.0,2830.0,26170.19140625,3775.0,3544.59619140625,2760.16015625,2832.151123046875,6052.078125,1838.5924072265625,779.8529663085938,374.369140625,4497.5
2025-02-11,57.400001525878906,818.553955078125,7357.68212890625,9999.2060546875,209.09683227539062,1402.048828125,88.2083511352539,1269.6229248046875,6559.9794921875,2210.0,6580.9892578125,2020.0,2685.0,25145.37890625,3650.0,3308.617431640625,2545.923828125,2737.333984375,5841.0703125,1776.2049560546875,751.9667358398438,371.93505859375,4300.0
2025-02-12,57.900001525878906,791.6343994140625,7348.05078125,9976.005859375,209.09683227539062,1434.546630859375,88.651611328125,1283.7823486328125,6849.97900390625,2290.0,6533.98193359375,2070.0,2720.0,24995.404296875,3720.0,3313.53369140625,2610.69287109375,2778.558837890625,5946.57421875,1787.214599609375,741.3892211914062,369.5008239746094,4322.5
2025-02-13,59.70000076293945,800.6076049804688,7685.11865234375,10231.2041015625,215.07101440429688,1467.0445556640625,94.85722351074219,1283.7823486328125,6999.978515625,2355.0,6665.6015625,2060.0,2795.0,25020.404296875,3855.0,3406.94189453125,2670.479736328125,3005.2958984375,6339.8154296875,1834.92236328125,751.9667358398438,372.9086608886719,4442.5
2025-02-14,61.0,817.5569458007812,7868.09619140625,10231.2041015625,215.54896545410156,1504.184814453125,95.85456085205078,1297.941650390625,7209.9775390625,2385.0,6684.40380859375,2020.0,2850.0,25520.310546875,3940.0,3461.020263671875,2665.49755859375,3046.520751953125,6349.40673828125,1908.3193359375,787.5457153320312,372.9086608886719,4505.0
2025-02-17,57.900001525878906,808.583740234375,7261.3759765625,9767.205078125,205.51229858398438,1392.7637939453125,89.20568084716797,1212.9854736328125,6849.97900390625,2245.0,6251.93896484375,1945.0,2620.0,24870.427734375,3705.0,3220.12548828125,2506.06591796875,2902.2333984375,5917.80029296875,1772.53515625,778.891357421875,368.0404052734375,4300.0
2025-02-18,60.900001525878906,806.5897216796875,7742.90087890625,10463.205078125,209.813720703125,1508.827392578125,89.87056732177734,1255.463623046875,7139.97802734375,2375.0,6825.42724609375,2060.0,2850.0,25120.3828125,3940.0,3480.685302734375,2735.248779296875,3071.255615234375,6454.91015625,1816.5733642578125,787.5457153320312,377.7768859863281,4515.0
2025-02-19,60.29999923706055,817.5569458007812,7877.7275390625,10393.6064453125,208.1409454345703,1494.8997802734375,89.64894104003906,1274.3427734375,7339.97705078125,2385.0,6872.43310546875,2045.0,2860.0,25045.396484375,3965.0,3500.35009765625,2894.680419921875,3067.13330078125,6368.5888671875,1845.93212890625,784.6609497070312,378.75054931640625,4545.0
2025-02-20,59.599998474121094,811.5748291015625,7848.83642578125,10486.4052734375,211.4864959716797,1485.6146240234375,89.98138427734375,1250.7437744140625,7309.9775390625,2310.0,6844.2294921875,2055.0,2865.0,25120.3828125,3945.0,3500.35009765625,2924.573974609375,3087.74560546875,6531.64013671875,1812.9034423828125,773.121826171875,379.23736572265625,4690.0
2025-02-21,58.900001525878906,821.5450439453125,7579.18310546875,10184.8056640625,222.00108337402344,1457.7593994140625,87.98672485351562,1250.7437744140625,7349.97705078125,2255.0,6722.01025390625,2010.0,2740.0,24520.494140625,3905.0,3377.444580078125,2824.92919921875,3108.35791015625,6358.998046875,1820.2431640625,764.4674682617188,378.263671875,4530.0
2025-02-24,58.099998474121094,810.5778198242188,7550.29248046875,9952.8046875,232.27670288085938,1462.4019775390625,86.87858581542969,1246.0240478515625,7409.97705078125,2210.0,6646.798828125,1985.0,2815.0,24870.427734375,3890.0,3362.69580078125,2914.609375,3116.60302734375,6291.85888671875,1776.2049560546875,742.3507690429688,374.369140625,4465.0
2025-02-25,55.0,802.6016235351562,7328.791015625,9744.0048828125,224.8686981201172,1388.1212158203125,83.2217025756836,1212.9854736328125,7759.97607421875,2165.0,6571.58837890625,1905.0,2700.0,24820.4375,3775.0,3234.8740234375,2889.6982421875,3034.1533203125,6052.078125,1699.1383056640625,724.0805053710938,365.1194152832031,4315.0
2025-02-26,54.70000076293945,794.62548828125,7357.68212890625,9860.0029296875,223.1959228515625,1360.2659912109375,80.5621566772461,1203.5458984375,7349.97705078125,2185.0,6712.60888671875,1865.0,2690.0,24695.4609375,3720.0,3264.37158203125,2750.195556640625,2964.07080078125,5956.16552734375,1658.77001953125,708.6950073242188,357.8170471191406,4300.0
2025-02-27,52.70000076293945,772.6910400390625,7078.3984375,9224.3251953125,210.29165649414062,1327.76806640625,75.68631744384766,1198.8260498046875,7119.97802734375,2110.0,6411.76318359375,1715.0,2585.0,23995.58984375,3610.0,3126.71728515625,2695.390869140625,2815.6611328125,5879.435546875,1519.31591796875,696.1942749023438,339.317626953125,4237.5
2025-02-28,53.0,756.7387084960938,7271.0078125,9349.60546875,206.9461212158203,1309.197998046875,75.24305725097656,1212.9854736328125,7169.9775390625,2080.0,6515.1787109375,1735.0,2515.0,23845.6171875,3745.0,3161.130859375,2695.390869140625,2795.048828125,5812.296875,1467.93798828125,692.347900390625,342.2385559082031,4215.0
2025-03-05,56.5,771.6939697265625,7588.81396484375,9767.205078125,227.49734497070312,1392.7637939453125,76.68364715576172,1208.265625,7079.97802734375,2135.0,6750.21533203125,1805.0,2660.0,23720.638671875,3800.0,3411.858154296875,2800.01806640625,2885.743408203125,6013.712890625,1658.77001953125,716.3877563476562,357.3302307128906,4260.0
2025-03-06,56.400001525878906,793.62841796875,7463.61669921875,9604.8037109375,229.1701202392578,1392.7637939453125,76.7944564819336,1179.9468994140625,7099.97802734375,2135.0,6646.798828125,1805.0,2595.0,23420.6953125,3850.0,3333.198486328125,2765.142333984375,2848.64111328125,5889.02685546875,1702.80810546875,730.8116455078125,360.7379455566406,4172.5
2025-03-07,55.099998474121094,807.5867309570312,7357.68212890625,9604.8037109375,224.62973022460938,1388.1212158203125,76.68364715576172,1208.265625,7009.978515625,2180.0,6618.59423828125,1755.0,2645.0,23720.638671875,3875.0,3288.95263671875,2740.231201171875,2906.35595703125,5889.02685546875,1750.5159912109375,730.8116455078125,355.3828430175781,4085.0
2025-03-10,52.0,787.6463012695312,6789.48388671875,9085.123046875,215.30999755859375,1318.4830322265625,72.14024353027344,1184.666748046875,6779.97900390625,1975.0,6223.73583984375,1600.0,2540.0,22820.8046875,3670.0,3057.89013671875,2635.60400390625,2745.5791015625,5572.515625,1552.344482421875,694.2710571289062,342.2385559082031,3867.5
2025-03-11,53.70000076293945,784.6552734375,6905.0498046875,9280.00390625,212.68133544921875,1327.76806640625,69.59151458740234,1179.9468994140625,6849.97900390625,1970.0,6289.5458984375,1620.0,2595.0,23070.759765625,3735.0,3062.806396484375,2660.515380859375,2700.2314453125,5735.56689453125,1570.693603515625,694.2710571289062,346.1331481933594,3915.0
2025-03-12,56.70000076293945,799.610595703125,7319.1591796875,9651.2060546875,214.83204650878906,1420.6190185546875,71.14291381835938,1203.5458984375,7119.97802734375,2030.0,6684.40380859375,1715.0,2625.0,24495.498046875,3975.0,3323.3662109375,2710.337646484375,2898.11083984375,6301.4501953125,1633.0810546875,709.6565551757812,350.0278015136719,4177.5
2025-03-13,56.5,785.6522827148438,7193.962890625,9465.603515625,210.53062438964844,1378.836181640625,68.81581115722656,1212.9854736328125,6919.978515625,1955.0,6646.798828125,1730.0,2520.0,25970.2265625,3895.0,3180.795654296875,2625.6396484375,2893.988525390625,6023.30419921875,1596.382568359375,698.117431640625,343.2122497558594,4167.5
2025-03-14,59.29999923706055,802.6016235351562,7531.0302734375,9813.603515625,214.11514282226562,1425.2615966796875,72.36187744140625,1269.6229248046875,6919.978515625,2045.0,6938.24267578125,1740.0,2690.0,27594.9296875,4080.0,3456.104248046875,2730.2666015625,2997.05078125,6512.4580078125,1644.090576171875,720.234130859375,346.1331481933594,4430.0
2025-03-17,61.0,827.5271606445312,7453.98681640625,9674.404296875,214.83204650878906,1425.2615966796875,75.02142333984375,1283.7823486328125,7009.978515625,2075.0,6881.83447265625,1775.0,2745.0,27419.9609375,4030.0,3392.193359375,2755.177734375,3030.03076171875,6541.2314453125,1647.7603759765625,760.62109375,344.1859130859375,4545.0
2025-03-18,59.099998474121094,859.4318237304688,7348.05078125,9419.2041015625,209.09683227539062,1402.048828125,72.36187744140625,1288.5020751953125,6899.978515625,1990.0,6693.80615234375,1755.0,2670.0,27045.03125,3945.0,3303.701171875,2670.479736328125,2893.988525390625,6282.26806640625,1578.0333251953125,762.5442504882812,339.317626953125,4355.0
2025-03-19,59.900001525878906,864.4169311523438,7839.205078125,9906.404296875,212.2034149169922,1453.1168212890625,75.68631744384766,1321.5406494140625,7079.97802734375,2085.0,7022.85546875,1855.0,2900.0,27195.001953125,4130.0,3510.1826171875,2755.177734375,3075.378173828125,6694.69140625,1625.7413330078125,779.8529663085938,339.8044738769531,4575.0
2025-03-20,58.0,844.4765014648438,7636.96630859375,9581.603515625,207.90199279785156,1471.68701171875,77.12690734863281,1326.2603759765625,7019.97802734375,2070.0,6834.82763671875,1835.0,2810.0,26595.111328125,4115.0,3461.020263671875,2785.0712890625,3025.908447265625,6637.14404296875,1592.7127685546875,763.505859375,336.3966369628906,4587.5
2025-03-21,60.20000076293945,848.464599609375,7877.7275390625,9906.404296875,209.09683227539062,1508.827392578125,81.78111267089844,1349.859375,7149.97802734375,2145.0,7088.666015625,1865.0,2910.0,26170.19140625,4255.0,3672.41796875,2879.73388671875,3042.398193359375,6819.3779296875,1607.39208984375,788.50732421875,333.9625549316406,4717.5
2025-03-25,59.70000076293945,870.3990478515625,8301.4677734375,10231.2041015625,210.29165649414062,1499.5423583984375,85.77043151855469,1397.0572509765625,6999.978515625,2220.0,7192.080078125,1900.0,3025.0,26370.15234375,4345.0,3849.40185546875,2765.142333984375,3042.398193359375,7087.9326171875,1622.071533203125,776.9682006835938,333.47576904296875,4882.5
2025-03-26,58.5,865.4139404296875,8137.7490234375,10022.4052734375,206.46817016601562,1462.4019775390625,83.99739837646484,1387.61767578125,6949.978515625,2155.0,7032.2568359375,1870.0,2935.0,25320.345703125,4250.0,3741.2451171875,2750.195556640625,2943.45849609375,7001.611328125,1589.0428466796875,752.9283447265625,324.7127990722656,4830.0
2025-03-27,58.099998474121094,867.407958984375,7935.51025390625,9674.404296875,212.44236755371094,1434.546630859375,83.77577209472656,1406.496826171875,6849.97900390625,2075.0,6872.43310546875,1850.0,2875.0,24995.404296875,4185.0,3588.842041015625,2730.2666015625,2964.07080078125,6982.42919921875,1578.0333251953125,760.62109375,317.41046142578125,4842.5
2025-03-28,56.20000076293945,870.3990478515625,7829.57421875,9465.603515625,213.39825439453125,1402.048828125,81.67029571533203,1411.216552734375,6839.97900390625,2050.0,6872.43310546875,1840.0,2845.0,24045.580078125,4145.0,3495.433837890625,2715.31982421875,2889.865966796875,6828.96923828125,1545.0047607421875,769.2754516601562,311.08172607421875,4687.5
2025-03-31,54.79999923706055,878.3751831054688,7656.22705078125,9215.0439453125,213.39825439453125,1350.9808349609375,79.6756362915039,1373.458251953125,6559.9794921875,2010.0,6731.41259765625,1815.0,2920.0,23995.58984375,4045.0,3377.444580078125,2660.515380859375,2840.39599609375,6665.91796875,1515.64599609375,788.50732421875,301.83197021484375,4615.0
2025-04-01,54.70000076293945,863.419921875,7704.3798828125,9349.60546875,211.00857543945312,1378.836181640625,80.5621566772461,1392.33740234375,6579.9794921875,2030.0,6816.025390625,1810.0,2915.0,23570.66796875,4145.0,3377.444580078125,2725.284423828125,2807.416259765625,6838.56005859375,1515.64599609375,758.6978759765625,299.3978576660156,4637.5
2025-04-03,52.599998474121094,812.5718383789062,7531.0302734375,9112.96484375,207.6630096435547,1355.6234130859375,75.57550048828125,1401.7769775390625,6379.98046875,1950.0,6646.798828125,1735.0,2805.0,24595.478515625,3940.0,3239.790283203125,2730.2666015625,2700.2314453125,6445.31884765625,1453.2586669921875,723.118896484375,298.42425537109375,4425.0
2025-04-04,49.650001525878906,790.6373901367188,6818.3759765625,8342.724609375,204.55642700195312,1244.2022705078125,68.04010772705078,1326.2603759765625,6019.9814453125,1780.0,6054.51025390625,1605.0,2640.0,23295.720703125,3660.0,2895.65478515625,2580.799560546875,2539.454345703125,5984.93896484375,1361.512451171875,711.5797729492188,284.79315185546875,4015.0
2025-04-07,46.650001525878906,784.6552734375,6452.41650390625,8120.00390625,204.79541015625,1202.41943359375,65.158935546875,1274.3427734375,5969.9814453125,1720.0,5791.27099609375,1525.0,2460.0,22670.833984375,3510.0,2816.995361328125,2550.906005859375,2358.064697265625,5687.6103515625,1240.4075927734375,682.73193359375,271.1619567871094,3860.0
2025-04-08,47.400001525878906,756.7387084960938,6548.72216796875,8277.7646484375,198.58224487304688,1165.279052734375,60.94798278808594,1217.705322265625,5989.9814453125,1620.0,5866.4814453125,1440.0,2355.0,22045.947265625,3425.0,2895.65478515625,2605.710693359375,2073.61279296875,5706.79296875,1133.9820556640625,653.8840942382812,258.9913024902344,3712.5
2025-04-09,48.599998474121094,788.6433715820312,7088.0283203125,9558.4033203125,220.3282928466797,1272.0576171875,66.04544830322266,1260.183349609375,6309.98046875,1735.0,6562.18701171875,1545.0,2515.0,23220.734375,3620.0,3323.3662109375,2834.8935546875,2250.880126953125,6723.46533203125,1167.0107421875,689.4630737304688,266.78057861328125,3915.0
2025-04-10,45.599998474121094,785.6522827148438,7059.13671875,9057.2861328125,216.265869140625,1262.7724609375,68.37255859375,1260.183349609375,6259.98046875,1725.0,6270.74169921875,1520.0,2445.0,21970.96484375,3560.0,3156.214599609375,2725.284423828125,2259.124755859375,6119.216796875,1122.9725341796875,715.4261474609375,259.96502685546875,3772.5
2025-04-11,49.099998474121094,816.5599365234375,7694.748046875,9813.603515625,223.91282653808594,1337.05322265625,69.14825439453125,1335.699951171875,6909.978515625,1930.0,6787.82080078125,1660.0,2670.0,22945.783203125,3730.0,3446.271728515625,2989.343017578125,2382.7998046875,6406.9541015625,1196.3695068359375,737.5427856445312,259.4781494140625,4017.5
2025-04-14,53.20000076293945,849.4616088867188,8291.837890625,10648.8056640625,211.50299072265625,1327.76806640625,72.14024353027344,1364.0186767578125,6779.97900390625,1985.0,7257.89111328125,1775.0,2780.0,23545.673828125,3855.0,3805.156005859375,2790.053466796875,2634.271484375,6819.3779296875,1357.8426513671875,746.1971435546875,271.6488342285156,4240.0
2025-04-15,53.400001525878906,804.595703125,7954.771484375,10277.6044921875,206.72325134277344,1299.912841796875,70.14558410644531,1359.2989501953125,6729.97900390625,2025.0,6966.447265625,1775.0,2695.0,23270.72265625,3740.0,3628.171875,2680.4443359375,2626.026611328125,6598.779296875,1383.5316162109375,697.1558837890625,276.0302734375,4062.5
2025-04-16,47.95000076293945,758.7327270507812,7627.33544921875,9836.8037109375,195.72988891601562,1225.632080078125,63.718345642089844,1330.980224609375,6549.9794921875,1995.0,6646.798828125,1695.0,2555.0,22845.80078125,3615.0,3475.76904296875,2525.994873046875,2518.841796875,6100.0341796875,1354.1728515625,661.5768432617188,266.78057861328125,3882.5
2025-04-21,42.95000076293945,659.0306396484375,7184.33349609375,9326.4052734375,187.60433959960938,1151.351318359375,58.731693267822266,1236.58447265625,5979.9814453125,1855.0,6430.56640625,1570.0,2330.0,21546.0390625,3360.0,3357.77978515625,2321.72314453125,2465.24951171875,5630.06298828125,1438.5792236328125,571.18701171875,258.5045166015625,3622.5
2025-04-22,42.099998474121094,656.0396118164062,7714.01025390625,9999.2060546875,195.72988891601562,1211.7044677734375,63.16427230834961,1326.2603759765625,6189.98095703125,1880.0,6844.2294921875,1585.0,2475.0,22120.93359375,3570.0,3623.255615234375,2366.563232421875,2663.129150390625,5917.80029296875,1508.3062744140625,579.8413696289062,263.8596496582031,3830.0
2025-04-23,43.45000076293945,696.9174194335938,8118.48876953125,10347.203125,201.46556091308594,1258.1298828125,66.26707458496094,1307.3812255859375,6209.98095703125,1985.0,7126.27197265625,1695.0,2750.0,23095.75390625,3660.0,3741.2451171875,2471.190185546875,2807.416259765625,6023.30419921875,1636.7508544921875,605.8043823242188,279.92486572265625,3865.0
2025-04-24,43.79999923706055,687.9442749023438,8031.814453125,10347.203125,198.8367156982422,1234.917236328125,64.82649230957031,1312.10107421875,6219.98095703125,1910.0,7126.27197265625,1720.0,2840.0,23420.6953125,3640.0,3696.9990234375,2421.367919921875,2749.701416015625,6119.216796875,1633.0810546875,604.8428344726562,278.9512634277344,3880.0
2025-04-25,44.25,691.9323120117188,8118.48876953125,10393.6064453125,196.6858367919922,1225.632080078125,61.9453125,1316.82080078125,5939.9814453125,1885.0,7154.47509765625,1690.0,2775.0,23620.66015625,3650.0,3721.580078125,2296.81201171875,2675.49658203125,5994.5302734375,1607.39208984375,619.2667236328125,267.7542419433594,3837.5
2025-04-28,43.75,690.935302734375,7916.25048828125,10068.8037109375,193.8179931640625,1193.13427734375,61.169612884521484,1260.183349609375,5799.98193359375,1845.0,6985.2509765625,1695.0,2755.0,23495.681640625,3530.0,3638.00439453125,2336.669921875,2626.026611328125,5946.57421875,1625.7413330078125,626.95947265625,261.9122619628906,3762.5
2025-04-29,43.04999923706055,676.97705078125,7945.14013671875,9952.8046875,196.92481994628906,1207.0618896484375,60.28309631347656,1250.7437744140625,5859.98193359375,1870.0,6853.63037109375,1675.0,2720.0,23670.6484375,3485.0,3620.0,2326.705322265625,2601.29150390625,5889.02685546875,1607.39208984375,602.9196166992188,268.72784423828125,3702.5
2025-04-30,42.04999923706055,657.03662109375,7704.3798828125,9744.0048828125,190.23318481445312,1169.9215087890625,57.955989837646484,1231.8646240234375,5739.982421875,1790.0,6759.61669921875,1610.0,2670.0,24195.552734375,3385.0,3515.0,2286.847412109375,2535.331787109375,5793.1142578125,1541.3348388671875,579.8413696289062,260.45184326171875,3560.0
2025-05-05,40.45000076293945,657.03662109375,7482.87744140625,9349.60546875,186.64840698242188,1160.636474609375,59.61820983886719,1212.9854736328125,6169.98095703125,1750.0,6562.18701171875,1550.0,2665.0,25045.396484375,3355.0,3325.0,2256.9541015625,2473.49462890625,5898.61767578125,1548.674560546875,593.3036499023438,262.399169921875,3432.5
2025-05-06,45.0,676.97705078125,7704.3798828125,9651.2060546875,190.9501495361328,1197.77685546875,63.718345642089844,1231.8646240234375,6079.98095703125,1845.0,6675.0029296875,1645.0,2760.0,25645.2890625,3465.0,3480.0,2306.7763671875,2498.2294921875,6013.712890625,1603.7222900390625,609.6507568359375,275.54351806640625,3660.0
2025-05-07,43.650001525878906,661.0247192382812,7405.83447265625,9326.4052734375,189.5162353515625,1174.5640869140625,60.61553955078125,1189.386474609375,6029.9814453125,1755.0,6392.9599609375,1715.0,2580.0,25720.2734375,3315.0,3340.0,2321.72314453125,2609.53662109375,5821.8876953125,1533.9952392578125,600.0348510742188,266.29376220703125,3542.5
2025-05-08,42.75,647.06640625,7444.35546875,9396.0029296875,182.82461547851562,1174.5640869140625,59.50739288330078,1194.1063232421875,6149.98095703125,1730.0,6430.56640625,1670.0,2590.0,25620.2890625,3355.0,3325.0,2331.6875,2708.4765625,5917.80029296875,1493.6268310546875,575.9949951171875,266.78057861328125,3565.0
2025-05-09,42.650001525878906,629.1200561523438,7559.9208984375,9465.603515625,180.9127197265625,1272.0576171875,60.17228317260742,1241.30419921875,6259.98046875,1860.0,6425.62548828125,1695.0,2660.0,25395.33203125,3495.0,3375.0,2401.43896484375,2774.436279296875,6195.94677734375,1541.3348388671875,568.30224609375,266.78057861328125,3777.5
2025-05-12,44.79999923706055,618.15283203125,7906.619140625,9952.8046875,186.17044067382812,1323.1256103515625,63.828369140625,1260.183349609375,6339.98046875,1960.0,6908.96826171875,1705.0,2760.0,25370.3359375,3745.0,3590.0,2456.24365234375,3058.88818359375,6464.50146484375,1666.109619140625,548.1087646484375,277.4907531738281,4120.0
2025-05-13,52.20000076293945,661.0247192382812,8157.01171875,9999.2060546875,187.84332275390625,1364.908447265625,71.06893157958984,1274.3427734375,6429.97998046875,2080.0,6927.92236328125,1750.0,2855.0,24445.5078125,3875.0,3625.0,2535.95947265625,3178.4404296875,6598.779296875,1790.8843994140625,591.3804931640625,302.80572509765625,4175.0
2025-05-14,53.20000076293945,676.97705078125,8224.4228515625,10068.8037109375,194.29595947265625,1406.69140625,77.41835021972656,1269.6229248046875,6579.9794921875,2070.0,6861.58203125,1785.0,2810.0,25170.375,3880.0,3600.0,2555.88818359375,3215.207275390625,6675.50927734375,1911.9891357421875,593.3036499023438,317.8973083496094,4190.0
2025-05-15,52.70000076293945,681.962158203125,7983.6630859375,9929.6064453125,194.05697631835938,1434.546630859375,77.6411361694336,1269.6229248046875,6769.97900390625,2070.0,6804.71826171875,1795.0,2855.0,24496.578125,3830.0,3520.0,2575.817138671875,3399.989013671875,6982.42919921875,2051.443359375,595.2268676757812,308.6475830078125,4177.5
2025-05-16,52.0,728.8220825195312,8031.814453125,10092.0048828125,194.05697631835938,1429.9041748046875,75.74745178222656,1260.183349609375,7029.97802734375,2015.0,6918.44580078125,1760.0,2885.0,24671.5546875,3860.0,3580.0,2555.88818359375,3312.2177734375,6915.2900390625,2018.4146728515625,627.9210815429688,306.2134704589844,4212.5
2025-05-19,52.70000076293945,725.8310546875,8349.62109375,10393.6064453125,195.01292419433594,1467.0445556640625,76.9727783203125,1297.941650390625,7129.97802734375,2080.0,7013.21875,1795.0,2955.0,24571.568359375,3960.0,3790.0,2650.55078125,3330.69580078125,7097.52392578125,2069.792724609375,618.3051147460938,309.134521484375,4300.0
2025-05-20,54.5,748.7625122070312,8272.5771484375,10324.00390625,194.29595947265625,1513.469970703125,76.9727783203125,1297.941650390625,7189.9775390625,2180.0,7022.6962890625,1895.0,3070.0,24221.615234375,3945.0,3845.0,2595.74609375,3293.739501953125,7059.1591796875,2022.0845947265625,640.4218139648438,308.6475830078125,4280.0
2025-05-21,52.5,758.7327270507812,8157.01171875,10045.603515625,189.27725219726562,1453.1168212890625,72.51704406738281,1283.7823486328125,6879.978515625,2090.0,6861.58203125,1815.0,3025.0,23071.77734375,3805.0,3670.0,2511.048095703125,3210.58740234375,6838.56005859375,1904.649658203125,652.9225463867188,303.77935791015625,4192.5
2025-05-22,53.0,759.729736328125,7935.51025390625,10022.4052734375,192.86204528808594,1480.97216796875,72.96261596679688,1279.0625,6699.97900390625,2085.0,6823.6728515625,1845.0,3095.0,22896.80078125,3765.0,3715.0,2421.367919921875,3284.50048828125,6838.56005859375,1842.2620849609375,650.0377197265625,307.1871032714844,4200.0
2025-05-23,52.20000076293945,786.6492919921875,8060.7060546875,10138.4033203125,200.9875946044922,1471.68701171875,73.51958465576172,1316.82080078125,6909.978515625,2110.0,6946.87646484375,1875.0,3195.0,23421.728515625,3805.0,3660.0,2446.279052734375,3233.685302734375,6915.2900390625,1849.6019287109375,652.9225463867188,332.9888916015625,4255.0
2025-05-26,51.900001525878906,805.5927124023438,8099.22802734375,10161.603515625,208.63514709472656,1499.5423583984375,74.6335220336914,1321.5406494140625,6909.978515625,2145.0,6946.87646484375,1900.0,3295.0,23296.74609375,3815.0,3685.0,2431.332275390625,3279.880615234375,6982.42919921875,1900.9796142578125,670.231201171875,331.0416259765625,4315.0
2025-05-27,53.5,814.5658569335938,7925.88037109375,10068.8037109375,211.0250244140625,1494.8997802734375,76.19302368164062,1359.2989501953125,6879.978515625,2100.0,6842.62744140625,1870.0,3240.0,23096.7734375,3810.0,3475.0,2421.367919921875,3252.163330078125,6924.88134765625,1878.960693359375,672.1544189453125,337.370361328125,4310.0
2025-05-28,53.400001525878906,827.5271606445312,7868.09619140625,9836.8037109375,208.87413024902344,1471.68701171875,74.2993392944336,1378.1781005859375,7229.9775390625,2100.0,6757.33056640625,1845.0,3080.0,22996.7890625,3830.0,3345.0,2421.367919921875,3302.978515625,6934.47265625,1952.357666015625,685.61669921875,344.6727294921875,4360.0
2025-05-29,53.400001525878906,832.5122680664062,7550.29248046875,9372.8046875,212.21995544433594,1504.184814453125,70.9575424194336,1368.738525390625,7199.9775390625,2020.0,6596.2177734375,1760.0,3120.0,22796.81640625,3740.0,3170.0,2401.43896484375,3279.880615234375,6656.32666015625,1956.02734375,686.5783081054688,358.7907409667969,4350.0
2025-05-30,51.400001525878906,794.62548828125,7569.55224609375,9396.0029296875,210.06907653808594,1453.1168212890625,69.06385040283203,1354.5791015625,7279.9775390625,1985.0,6596.2177734375,1730.0,3045.0,22896.80078125,3700.0,3135.0,2346.63427734375,3238.3046875,6474.0927734375,1981.7164306640625,674.0775756835938,351.97515869140625,4270.0
2025-06-02,49.099998474121094,752.7506103515625,7213.22509765625,9094.40625,201.70455932617188,1392.7637939453125,63.828369140625,1368.738525390625,7129.97802734375,1930.0,6425.62548828125,1680.0,2970.0,22821.810546875,3585.0,3045.0,2306.7763671875,3136.6748046875,6416.54541015625,1992.725830078125,635.6138305664062,329.0942687988281,4145.0
2025-06-03,51.79999923706055,715.86083984375,7290.26904296875,9122.244140625,199.31468200683594,1397.40625,65.83345031738281,1349.859375,7019.97802734375,1930.0,6444.580078125,1730.0,3010.0,22371.876953125,3685.0,3040.0,2336.669921875,3233.685302734375,6464.50146484375,2029.4244384765625,623.1130981445312,349.541015625,4235.0
2025-06-04,49.0,702.8995361328125,6789.48388671875,8472.642578125,195.49090576171875,1332.41064453125,66.72459411621094,1349.859375,6919.978515625,1825.0,6141.30517578125,1665.0,2990.0,21172.04296875,3455.0,2830.0,2291.82958984375,3136.6748046875,6234.3115234375,1860.6114501953125,611.573974609375,350.0278015136719,4052.5
2025-06-05,47.75,705.890625,6683.54833984375,8398.40234375,197.4027862548828,1364.908447265625,64.71951293945312,1274.3427734375,6989.978515625,1830.0,6169.7373046875,1650.0,2895.0,20522.1328125,3505.0,2840.0,2251.9716796875,2979.610107421875,6260.0,1809.233642578125,614.458740234375,353.92242431640625,4060.0
2025-06-06,48.20000076293945,704.8936157226562,6914.6796875,8537.6025390625,200.7486114501953,1383.4786376953125,66.05623626708984,1264.9031982421875,6899.978515625,1895.0,6283.4658203125,1635.0,2880.0,20597.125,3550.0,2920.0,2351.616455078125,2998.088134765625,6390.0,1739.5064697265625,620.2283325195312,354.40924072265625,4117.5
2025-06-09,46.79999923706055,675.97998046875,6770.2216796875,8407.68359375,193.8179931640625,1350.9808349609375,63.939762115478516,1246.0240478515625,6659.9794921875,1830.0,6150.78369140625,1575.0,2845.0,20622.119140625,3500.0,2850.0,2256.9541015625,2919.555908203125,6250.0,1706.4779052734375,599.0732421875,354.8960266113281,4055.0
2025-06-10,48.29999923706055,687.9442749023438,7010.9853515625,8769.6044921875,199.5536651611328,1402.048828125,65.16508483886719,1274.3427734375,6999.978515625,1900.0,6482.48876953125,1645.0,2930.0,21197.0390625,3630.0,2990.0,2406.421142578125,3090.479248046875,6470.0,1809.233642578125,610.6123657226562,359.76434326171875,4325.0
2025-06-11,47.150001525878906,683.9561767578125,6885.78857421875,8611.8427734375,199.31468200683594,1364.908447265625,64.16254425048828,1222.425048828125,6879.978515625,1860.0,6340.32958984375,1610.0,2865.0,21097.052734375,3625.0,2845.0,2286.847412109375,3016.56640625,6590.0,1823.912841796875,612.5355834960938,354.40924072265625,4302.5
2025-06-12,50.0,685.9501953125,7165.07177734375,8639.68359375,202.89947509765625,1388.1212158203125,64.94229888916016,1236.58447265625,6919.978515625,1850.0,6340.32958984375,1630.0,2945.0,20672.11328125,3645.0,2860.0,2316.740966796875,2993.46875,6750.0,1871.620849609375,619.2667236328125,357.3302307128906,4302.5
2025-06-13,48.5,656.0396118164062,6866.5283203125,8231.365234375,192.86204528808594,1360.2659912109375,61.600502014160156,1184.666748046875,6689.9794921875,1740.0,6188.69140625,1570.0,2770.0,21372.015625,3565.0,2705.0,2266.91845703125,2859.501708984375,6400.0,1893.64013671875,597.1500244140625,349.0541687011719,4325.0
2025-06-17,47.54999923706055,630.1170654296875,6500.5703125,8055.04296875,194.05697631835938,1309.197998046875,59.038455963134766,1222.425048828125,6489.97998046875,1680.0,6084.44140625,1490.0,2665.0,21422.005859375,3475.0,2605.0,2197.167236328125,2780.96923828125,6340.0,1864.2811279296875,572.1486206054688,336.3966369628906,4192.5
2025-06-18,46.0,626.1289672851562,6356.1123046875,8008.64208984375,189.5162353515625,1327.76806640625,57.924522399902344,1203.5458984375,6329.98046875,1690.0,6008.62353515625,1510.0,2705.0,20897.08203125,3410.0,2555.0,2147.3447265625,2780.96923828125,6500.0,1772.53515625,564.4558715820312,325.1996765136719,4147.5
2025-06-19,46.54999923706055,620.1468505859375,6471.677734375,8036.48291015625,191.6671142578125,1337.05322265625,57.924522399902344,1222.425048828125,6409.97998046875,1695.0,6037.0537109375,1520.0,2770.0,21197.0390625,3430.0,2560.0,2142.362548828125,2780.96923828125,6620.0,1772.53515625,568.30224609375,326.1733093261719,4157.5
2025-06-23,43.95000076293945,582.2600708007812,6230.9169921875,7618.88232421875,187.12637329101562,1262.7724609375,54.35993576049805,1189.386474609375,6369.98046875,1595.0,5695.87109375,1465.0,2635.0,20747.103515625,3360.0,2480.0,2102.504638671875,2633.143798828125,6110.0,1644.090576171875,543.30078125,306.2134704589844,4025.0
2025-06-24,46.25,627.1259765625,6741.33203125,8092.1640625,194.05697631835938,1327.76806640625,56.58780288696289,1212.9854736328125,6509.97998046875,1645.0,5961.236328125,1525.0,2780.0,21621.98046875,3425.0,2725.0,2172.255859375,2794.827880859375,6330.0,1680.7890625,583.687744140625,315.463134765625,4100.0
2025-06-25,44.70000076293945,654.0455322265625,6544.91552734375,7943.68310546875,191.1891326904297,1285.9852294921875,55.13969039916992,1217.705322265625,6419.97998046875,1595.0,5894.8955078125,1465.0,2675.0,21671.97265625,3350.0,2655.0,2117.451416015625,2753.251953125,6120.0,1611.06201171875,591.3804931640625,313.029052734375,3977.5
2025-06-26,45.75,687.9442749023438,6554.56787109375,7980.8046875,190.23318481445312,1309.197998046875,55.25108337402344,1217.705322265625,6459.97998046875,1605.0,5913.8486328125,1465.0,2685.0,21397.01171875,3380.0,2665.0,2107.48681640625,2688.578369140625,6240.0,1552.344482421875,601.9580078125,310.1081237792969,4020.0
2025-06-27,45.79999923706055,703.8966064453125,6496.64892578125,7993.0732421875,189.5162353515625,1323.1256103515625,55.36247634887695,1222.425048828125,6439.97998046875,1665.0,5885.4169921875,1465.0,2720.0,21147.046875,3390.0,2640.0,2117.451416015625,2693.197998046875,6280.0,1545.0047607421875,605.8043823242188,307.6739501953125,4010.0
2025-06-30,44.20000076293945,716.8578491210938,6351.849609375,7853.00927734375,183.30259704589844,1309.197998046875,52.80043029785156,1227.1448974609375,6389.97998046875,1600.0,5762.21240234375,1440.0,2650.0,20497.138671875,3345.0,2560.0,2122.43359375,2591.56787109375,6260.0,1515.64599609375,592.3421020507812,302.3188781738281,3807.5
2025-07-01,44.900001525878906,713.8668212890625,6400.11669921875,7955.7236328125,185.6924591064453,1350.9808349609375,53.35739517211914,1264.9031982421875,6499.97998046875,1615.0,5866.462890625,1460.0,2780.0,20547.12890625,3395.0,2620.0,2167.273681640625,2582.32861328125,6400.0,1467.93798828125,588.4957275390625,317.8973083496094,3895.0
2025-07-02,46.849998474121094,733.8071899414062,6448.38330078125,8002.41162109375,189.5162353515625,1355.6234130859375,54.91690444946289,1274.3427734375,6539.9794921875,1630.0,5904.37255859375,1500.0,2785.0,20797.09375,3500.0,2635.0,2212.11376953125,2628.524169921875,6520.0,1545.0047607421875,613.4971313476562,331.5284118652344,3962.5
2025-07-03,47.45000076293945,723.8369750976562,6409.76953125,7955.7236328125,189.0382537841797,1341.69580078125,54.24854278564453,1274.3427734375,6509.97998046875,1630.0,5932.80419921875,1535.0,2825.0,20947.072265625,3600.0,2635.0,2202.1494140625,2734.77392578125,6660.0,1618.401611328125,621.1898803710938,334.93621826171875,3997.5
2025-07-04,48.900001525878906,722.8399658203125,6438.728515625,8011.7509765625,185.6924591064453,1323.1256103515625,53.023216247558594,1288.5020751953125,6499.97998046875,1630.0,5923.32666015625,1565.0,2820.0,20997.068359375,3620.0,2640.0,2192.184814453125,2744.01318359375,6760.0,1633.0810546875,622.1514892578125,335.909912109375,3997.5
2025-07-07,46.849998474121094,710.875732421875,6303.58349609375,7862.345703125,182.58563232421875,1337.05322265625,51.01813888549805,1297.941650390625,6459.97998046875,1600.0,5867.36669921875,1500.0,2750.0,21147.046875,3545.0,2590.0,2182.220458984375,2628.524169921875,6750.0,1548.674560546875,613.4971313476562,326.6601257324219,3947.5
2025-07-08,47.79999923706055,695.92041015625,6535.2626953125,8263.8681640625,188.32130432128906,1383.4786376953125,51.46371078491211,1302.6614990234375,6549.9794921875,1740.0,6057.55810546875,1520.0,2880.0,21546.990234375,3780.0,2755.0,2251.9716796875,2753.251953125,7030.0,1607.39208984375,600.9963989257812,330.0679931640625,4167.5
2025-07-10,46.25,680.965087890625,6284.27685546875,8002.41162109375,188.56028747558594,1350.9808349609375,51.68649673461914,1288.5020751953125,6539.9794921875,1650.0,5886.38623046875,1475.0,2730.0,21047.060546875,3605.0,2645.0,2197.167236328125,2610.046142578125,6710.0,1559.68408203125,604.8428344726562,327.6337890625,4047.5
2025-07-11,44.79999923706055,680.965087890625,5994.6787109375,7759.63134765625,183.5415802001953,1295.270263671875,50.34977722167969,1255.463623046875,6549.9794921875,1590.0,5705.70556640625,1510.0,2700.0,20922.078125,3495.0,2530.0,2137.38037109375,2536.13330078125,6290.0,1607.39208984375,598.1116333007812,325.1996765136719,3945.0
2025-07-14,45.20000076293945,726.8280639648438,6110.51806640625,7871.68310546875,183.5415802001953,1337.05322265625,52.02067565917969,1279.0625,6439.97998046875,1620.0,5781.78173828125,1510.0,2745.0,21148.169921875,3705.0,2580.0,2202.1494140625,2586.9482421875,6570.0,1640.4207763671875,632.7290649414062,326.1733093261719,4035.0
2025-07-15,44.45000076293945,714.8638305664062,6207.05029296875,7843.6708984375,186.17044067382812,1346.3382568359375,52.24346160888672,1316.82080078125,6429.97998046875,1620.0,5781.78173828125,1480.0,2755.0,21348.15234375,3715.0,2580.0,2306.7763671875,2693.197998046875,6600.0,1717.487548828125,629.84423828125,325.6864929199219,4047.5
2025-07-16,43.849998474121094,703.8966064453125,6052.5986328125,7479.5,186.88739013671875,1332.41064453125,51.12953186035156,1316.82080078125,6429.97998046875,1555.0,5629.62890625,1465.0,2680.0,21748.119140625,3590.0,2470.0,2281.865234375,2660.861083984375,6510.0,1750.5159912109375,625.0362548828125,325.6864929199219,3930.0
2025-07-17,43.95000076293945,696.9174194335938,6274.62451171875,7796.982421875,184.73651123046875,1360.2659912109375,51.90928268432617,1335.699951171875,6489.97998046875,1590.0,5819.81884765625,1450.0,2700.0,22148.083984375,3635.0,2555.0,2311.758544921875,2734.77392578125,6690.0,1812.9034423828125,618.3051147460938,325.6864929199219,3970.0
2025-07-18,43.95000076293945,720.845947265625,6255.31640625,7815.65869140625,185.21449279785156,1369.551025390625,51.01813888549805,1330.980224609375,6429.97998046875,1625.0,5800.80078125,1450.0,2735.0,21773.115234375,3695.0,2515.0,2341.652099609375,2762.4912109375,6730.0,1750.5159912109375,631.7674560546875,328.6074523925781,3992.5
2025-07-21,42.04999923706055,705.890625,6158.7841796875,7824.9951171875,182.107666015625,1355.6234130859375,49.34723663330078,1297.941650390625,6479.97998046875,1580.0,5743.744140625,1440.0,2740.0,21323.154296875,3585.0,2465.0,2311.758544921875,2725.53466796875,6600.0,1710.147705078125,606.7659912109375,325.1996765136719,3940.0
2025-07-22,42.04999923706055,686.947265625,5985.0263671875,7796.982421875,182.82461547851562,1341.69580078125,47.67633819580078,1293.221923828125,6439.97998046875,1525.0,5734.2333984375,1410.0,2670.0,21523.13671875,3520.0,2450.0,2242.00732421875,2619.28515625,6480.0,1673.4493408203125,593.3036499023438,320.8182678222656,3852.5
2025-07-23,43.54999923706055,688.9412841796875,6226.35693359375,8021.0869140625,184.258544921875,1392.7637939453125,49.4586296081543,1335.699951171875,6469.97998046875,1595.0,5924.42431640625,1395.0,2805.0,22473.0546875,3670.0,2525.0,2306.7763671875,2725.53466796875,6720.0,1717.487548828125,597.1500244140625,322.7655334472656,4097.5
2025-07-24,44.79999923706055,689.9382934570312,6448.38330078125,8338.5673828125,184.258544921875,1411.333984375,49.4586296081543,1354.5791015625,6599.9794921875,1635.0,6181.1806640625,1420.0,2955.0,22398.0625,3780.0,2605.0,2351.616455078125,2762.4912109375,6860.0,1739.5064697265625,606.7659912109375,322.7655334472656,4142.5
2025-07-25,47.20000076293945,708.8817138671875,6612.48779296875,8581.349609375,184.258544921875,1453.1168212890625,51.68649673461914,1392.33740234375,6769.97900390625,1715.0,6314.31396484375,1455.0,3010.0,22798.02734375,3840.0,2660.0,2436.314697265625,3030.425048828125,7150.0,1867.951171875,634.6522216796875,343.71527099609375,4285.0
2025-07-28,49.599998474121094,705.890625,6580.357421875,8525.322265625,185.6924591064453,1471.68701171875,56.14222717285156,1420.6561279296875,6889.978515625,1855.0,6295.294921875,1560.0,3110.0,23048.005859375,3875.0,2605.0,2461.225830078125,3187.489990234375,7220.0,1926.668701171875,632.7290649414062,344.2027587890625,4317.5
2025-07-29,50.599998474121094,719.8489379882812,6899.69677734375,8904.8125,191.90609741210938,1532.0401611328125,61.377716064453125,1463.13427734375,7019.97802734375,1930.0,6494.99462890625,1645.0,3145.0,23297.984375,4070.0,2860.0,2511.048095703125,3192.109375,7750.0,1981.7164306640625,639.460205078125,351.515869140625,4500.0
2025-07-30,49.25,747.7655029296875,6957.759765625,8848.4501953125,193.3400115966797,1518.112548828125,59.818206787109375,1430.095703125,6929.978515625,1895.0,6514.013671875,1610.0,3150.0,23372.978515625,4110.0,2830.0,2491.119140625,3118.196533203125,7720.0,1989.055908203125,667.346435546875,352.978515625,4482.5
2025-07-31,49.79999923706055,784.6552734375,6957.759765625,8867.240234375,197.4027862548828,1532.0401611328125,58.48148727416992,1430.095703125,6989.978515625,1940.0,6533.0322265625,1550.0,3175.0,23447.970703125,4115.0,2825.0,2496.1015625,3081.240234375,7820.0,1926.668701171875,669.2695922851562,355.4161682128906,4557.5
2025-08-01,47.650001525878906,771.6939697265625,6725.51171875,8604.2265625,194.5349578857422,1532.0401611328125,55.808048248291016,1401.7769775390625,6939.978515625,1930.0,6361.861328125,1480.0,3185.0,23347.978515625,4065.0,2725.0,2471.190185546875,3025.8056640625,7710.0,1967.036865234375,649.076171875,351.515869140625,4517.5
2025-08-04,46.400001525878906,742.7803955078125,6919.05224609375,8773.306640625,191.1891326904297,1504.184814453125,56.25362014770508,1420.6561279296875,6909.978515625,1975.0,6361.861328125,1500.0,3190.0,24272.900390625,4050.0,2820.0,2511.048095703125,3095.098876953125,7710.0,1956.02734375,628.8826904296875,355.4161682128906,4557.5
2025-08-05,45.79999923706055,722.8399658203125,7141.623046875,9158.4296875,196.20785522460938,1527.3975830078125,58.48148727416992,1448.974853515625,7049.97802734375,2015.0,6523.52294921875,1510.0,3255.0,24272.900390625,4180.0,2980.0,2535.95947265625,3132.05517578125,7890.0,2033.0941162109375,622.1514892578125,356.87884521484375,4712.5
2025-08-06,47.70000076293945,722.8399658203125,7393.224609375,9440.228515625,199.31468200683594,1601.6783447265625,62.04607391357422,1463.13427734375,7169.9775390625,2075.0,6723.22265625,1610.0,3340.0,24797.853515625,4385.0,3115.0,2600.728515625,3312.2177734375,7900.0,2062.452880859375,610.6123657226562,360.7791442871094,4835.0
2025-08-07,48.349998474121094,724.8340454101562,7122.26904296875,9064.49609375,196.20785522460938,1597.0357666015625,60.9321403503418,1401.7769775390625,7089.97802734375,1920.0,6524.341796875,1675.0,3290.0,24447.884765625,4135.0,3015.0,2600.728515625,3275.26123046875,7770.0,1948.6876220703125,592.3421020507812,368.5798034667969,4755.0
2025-08-08,46.95000076293945,727.8250732421875,7083.5615234375,8895.4169921875,198.1197509765625,1555.2529296875,60.709354400634766,1382.8978271484375,7149.97802734375,1895.0,6467.11083984375,1670.0,3035.0,24197.90625,3980.0,2925.0,2680.4443359375,3196.728759765625,7550.0,1893.64013671875,608.689208984375,363.2168884277344,4572.5
2025-08-11,46.650001525878906,711.8727416992188,7122.26904296875,8886.0263671875,195.49090576171875,1573.822998046875,61.377716064453125,1406.496826171875,7029.97802734375,1885.0,6467.11083984375,1750.0,3005.0,23747.9453125,4000.0,2925.0,2680.4443359375,3201.3486328125,7670.0,1845.93212890625,615.4203491210938,365.654541015625,4550.0
2025-08-12,46.150001525878906,721.8429565429688,7151.30029296875,9017.5302734375,194.5349578857422,1555.2529296875,59.37263488769531,1415.9364013671875,7049.97802734375,1960.0,6552.95654296875,1795.0,3015.0,23023.0078125,4045.0,2910.0,2735.248779296875,3238.3046875,7710.0,1900.9796142578125,607.7276000976562,355.9036865234375,4510.0
2025-08-13,44.95000076293945,711.8727416992188,6986.79150390625,8848.4501953125,195.72988891601562,1513.469970703125,60.900001525878906,1392.33740234375,7099.97802734375,1940.0,6514.80322265625,1755.0,2885.0,22423.05859375,4030.0,2875.0,2785.0712890625,3242.924560546875,7600.0,1941.347900390625,600.0348510742188,349.0781555175781,4480.0
2025-08-14,43.150001525878906,705.890625,6638.41943359375,8491.509765625,186.88739013671875,1443.831787109375,58.79999923706055,1330.980224609375,6879.978515625,1805.0,6152.3388671875,1650.0,2815.0,21623.12890625,3910.0,2600.0,2555.88818359375,3224.446044921875,7350.0,1842.2620849609375,585.6109008789062,336.8896484375,4292.5
2025-08-18,43.099998474121094,704.8936157226562,6793.25048828125,8660.5869140625,185.9314422607422,1411.333984375,60.099998474121094,1349.859375,6849.97900390625,1820.0,6085.5693359375,1605.0,2740.0,20998.18359375,3900.0,2635.0,2600.728515625,3252.163330078125,7390.0,1934.0084228515625,581.7645263671875,339.81494140625,4397.5
2025-08-19,43.04999923706055,680.965087890625,6290.046875,8040.630859375,185.6924591064453,1332.41064453125,55.900001525878906,1307.3812255859375,6839.97900390625,1695.0,5789.8759765625,1525.0,2635.0,20773.201171875,3700.0,2475.0,2411.4033203125,3150.533447265625,7040.0,1878.960693359375,574.07177734375,341.76507568359375,4177.5
2025-08-20,42.650001525878906,676.97705078125,6299.72412109375,8162.744140625,181.6296844482422,1332.41064453125,53.29999923706055,1307.3812255859375,6819.97900390625,1605.0,5761.2607421875,1465.0,2665.0,20473.228515625,3715.0,2440.0,2401.43896484375,3095.098876953125,7130.0,1864.2811279296875,559.6478881835938,338.3523254394531,4112.5
2025-08-21,42.150001525878906,675.97998046875,6009.41357421875,8172.1357421875,183.06361389160156,1360.2659912109375,52.900001525878906,1345.1395263671875,6909.978515625,1615.0,5808.9521484375,1480.0,2720.0,20623.21484375,3755.0,2440.0,2466.2080078125,3150.533447265625,7460.0,1915.6591796875,574.07177734375,339.81494140625,4175.0
2025-08-22,41.95000076293945,689.9382934570312,5961.029296875,8237.8896484375,182.82461547851562,1355.6234130859375,52.099998474121094,1382.8978271484375,6979.978515625,1575.0,5761.2607421875,1475.0,2705.0,20598.21875,3750.0,2415.0,2431.332275390625,3196.728759765625,7420.0,1926.668701171875,576.95654296875,334.9396057128906,4250.0
2025-08-25,38.75,709.8787231445312,5622.33447265625,7702.474609375,181.6296844482422,1295.270263671875,47.349998474121094,1345.1395263671875,6749.97900390625,1470.0,5484.6435546875,1390.0,2690.0,19648.298828125,3610.0,2210.0,2351.616455078125,2877.97998046875,7130.0,1812.9034423828125,580.8029174804688,309.54547119140625,4102.5
2025-08-26,38.70000076293945,722.8399658203125,5600.12353515625,7589.7548828125,177.80589294433594,1341.69580078125,46.650001525878906,1345.1395263671875,6679.9794921875,1480.0,5389.2587890625,1375.0,2700.0,19523.310546875,3685.0,2250.0,2386.4921875,2993.46875,7360.0,1860.6114501953125,566.3790283203125,314.4278869628906,4182.5
2025-08-27,36.849998474121094,734.80419921875,5357.48388671875,7235.11962890625,173.50413513183594,1299.912841796875,43.900001525878906,1316.82080078125,6369.98046875,1435.0,5169.873046875,1305.0,2550.0,18873.3671875,3590.0,2150.0,2281.865234375,2877.97998046875,7270.0,1779.8748779296875,562.5326538085938,312.9632263183594,4120.0
2025-08-28,36.150001525878906,694.9234008789062,5444.83447265625,7499.93408203125,178.7618408203125,1355.6234130859375,44.29999923706055,1316.82080078125,6399.97998046875,1500.0,5122.1796875,1285.0,2505.0,19123.345703125,3675.0,2135.0,2371.54541015625,2942.653564453125,7400.0,1735.836669921875,551.9551391601562,321.7514953613281,4157.5
2025-08-29,35.25,720.845947265625,5357.48388671875,7395.8994140625,184.01954650878906,1341.69580078125,42.349998474121094,1279.0625,6249.98046875,1455.0,5055.41064453125,1260.0,2530.0,18623.388671875,3645.0,2105.0,2426.35009765625,2947.273193359375,7360.0,1746.84619140625,548.1087646484375,321.2632751464844,4130.0
2025-09-01,34.79999923706055,746.7684936523438,5221.6064453125,7244.57666015625,177.80589294433594,1299.912841796875,40.900001525878906,1250.7437744140625,6009.9814453125,1410.0,4960.02587890625,1200.0,2445.0,18248.419921875,3535.0,2085.0,2321.72314453125,2850.262451171875,7100.0,1717.487548828125,555.801513671875,314.9161376953125,4045.0
2025-09-02,34.849998474121094,735.80126953125,5454.53955078125,7499.93408203125,175.65501403808594,1309.197998046875,40.75,1274.3427734375,6019.9814453125,1430.0,5169.873046875,1190.0,2540.0,18173.427734375,3610.0,2125.0,2321.72314453125,2804.067138671875,7210.0,1680.7890625,531.7616577148438,314.4278869628906,4155.0
2025-09-03,34.04999923706055,697.9144897460938,5376.89599609375,7301.3232421875,173.26515197753906,1281.3426513671875,39.70000076293945,1231.8646240234375,5889.98193359375,1415.0,5045.87255859375,1185.0,2495.0,17798.4609375,3610.0,2055.0,2256.9541015625,2730.154296875,7000.0,1661.17138671875,519.2609252929688,305.6394958496094,4065.0
2025-09-04,33.099998474121094,693.9263916015625,5551.59619140625,7575.59521484375,176.84996032714844,1313.8404541015625,38.900001525878906,1250.7437744140625,5779.98193359375,1480.0,5284.3349609375,1195.0,2510.0,17823.45703125,3725.0,2160.0,2276.883056640625,2748.632568359375,7240.0,1665.3983154296875,509.64495849609375,302.2218322753906,4252.5
2025-09-05,34.70000076293945,683.9561767578125,5473.951171875,7698.544921875,176.37197875976562,1295.270263671875,38.79999923706055,1260.183349609375,5589.98291015625,1515.0,5324.46435546875,1240.0,2490.0,17723.466796875,3760.0,2215.0,2341.652099609375,2753.251953125,7270.0,1623.1292724609375,490.4130859375,304.17474365234375,4287.5
2025-09-08,31.799999237060547,694.4248657226562,4374.79296875,6199.50341796875,151.75637817382812,1171.778564453125,34.7599983215332,1199.77001953125,5399.9833984375,1258.0,4251.91015625,1130.0,2293.0,16473.57421875,3267.5,1758.0,2049.69287109375,2510.7255859375,6170.0,1591.8502197265625,490.4130859375,281.7156677246094,3786.0
2025-09-09,30.700000762939453,691.9323120117188,4270.4580078125,5963.0625,152.4733428955078,1142.0662841796875,33.29999923706055,1169.5634765625,5209.98388671875,1259.0,4141.7822265625,1110.0,2286.0,17023.525390625,3372.5,1669.0,2050.689208984375,2513.035400390625,6340.0,1636.6553955078125,500.0290222167969,278.7862243652344,3860.0
2025-09-10,32.0,699.9085083007812,4517.95166015625,6426.48828125,156.29713439941406,1202.41943359375,34.279998779296875,1206.3778076171875,5319.9833984375,1351.0,4419.4970703125,1155.0,2311.0,18023.439453125,3580.0,1792.0,2136.3837890625,2651.6220703125,6730.0,1722.0386962890625,530.3192749023438,281.4715270996094,4112.0
2025-09-11,33.099998474121094,679.9680786132812,4457.29150390625,6289.3515625,157.7310333251953,1216.3470458984375,34.13999938964844,1201.657958984375,5239.98388671875,1297.0,4330.916015625,1140.0,2277.0,17723.466796875,3587.5,1704.0,2114.4619140625,2591.56787109375,6515.0,1691.60498046875,529.357666015625,279.0303649902344,4088.0
2025-09-12,31.200000762939453,664.0157470703125,4316.560546875,6071.826171875,157.9700164794922,1169.9215087890625,33.209999084472656,1183.7227783203125,5139.98388671875,1248.0,4223.181640625,1100.0,2240.0,16924.595703125,3512.5,1614.0,2080.582763671875,2499.1767578125,6295.0,1611.2939453125,519.2609252929688,267.8007507324219,4020.0
2025-09-15,29.899999618530273,665.0127563476562,4192.814453125,5986.7060546875,157.49205017089844,1153.2083740234375,32.400001525878906,1209.2095947265625,5029.984375,1235.0,4122.63037109375,1070.0,2243.0,16974.595703125,3545.0,1599.0,2106.490478515625,2385.997802734375,6310.0,1529.2921142578125,534.1656494140625,254.12997436523438,4004.0
2025-09-16,31.0,682.4606323242188,4270.4580078125,6076.5546875,161.3158416748047,1181.063720703125,32.869998931884766,1226.200927734375,5019.984375,1260.0,4251.91015625,1090.0,2253.0,17299.587890625,3637.5,1622.0,2135.387451171875,2450.671630859375,6540.0,1528.44677734375,549.5511474609375,255.59466552734375,4098.0
2025-09-17,31.5,686.947265625,4280.1630859375,6062.36767578125,162.0327911376953,1161.56494140625,33.06999969482422,1291.333984375,4974.984375,1244.0,4220.78759765625,1065.0,2220.0,17049.59375,3595.0,1672.0,2121.43701171875,2358.280517578125,6570.0,1477.7239990234375,548.5895385742188,258.52410888671875,4084.0
2025-09-18,30.100000381469727,657.53515625,4105.462890625,5821.197265625,143.391845703125,1117.925048828125,30.200000762939453,1287.55810546875,4374.986328125,1166.0,4017.289306640625,992.5,2211.0,15899.62109375,3507.5,1574.0,2013.82080078125,2009.50439453125,6285.0,1315.4110107421875,522.62646484375,237.52976989746094,3806.0
2025-09-19,30.100000381469727,651.0545043945312,3889.51416015625,5721.89208984375,142.4359130859375,1116.99658203125,29.34000015258789,1302.6614990234375,4094.9873046875,1176.0,3914.343505859375,952.5,2229.0,15999.6181640625,3572.5,1551.0,2079.58642578125,1906.0264892578125,6390.0,1246.935302734375,529.8384399414062,238.75038146972656,3708.0
2025-09-22,35.900001525878906,641.0842895507812,4593.16943359375,6435.9462890625,162.49237060546875,1163.4219970703125,35.18000030517578,1289.446044921875,4214.98681640625,1322.0,4412.3154296875,1100.0,2344.0,16874.59765625,3677.5,1797.0,2127.415771484375,2292.220947265625,6560.0,1511.5391845703125,523.1072998046875,271.21844482421875,3888.0
2025-09-23,39.29999923706055,637.5947265625,4639.2705078125,6431.216796875,175.49176025390625,1189.4202880859375,36.70000076293945,1254.5196533203125,4369.986328125,1335.0,4285.427734375,1165.0,2242.0,16949.595703125,3680.0,1742.0,2094.532958984375,2434.5029296875,6385.0,1616.3662109375,537.0504150390625,288.795166015625,3904.0
2025-09-24,46.099998474121094,660.5261840820312,4588.31689453125,6464.318359375,182.7414093017578,1272.986083984375,36.68000030517578,1254.5196533203125,4739.9853515625,1330.0,4378.79736328125,1230.0,2227.0,17399.5859375,3677.5,1778.0,2103.5009765625,2508.416015625,6435.0,1842.0826416015625,555.801513671875,297.2748718261719,3870.0
2025-09-25,38.900001525878906,643.0783081054688,4235.1240234375,6242.06396484375,176.74169921875,1221.9180908203125,33.150001525878906,1244.1361083984375,4539.98583984375,1243.0,4101.08251953125,1160.0,2192.0,16299.611328125,3572.5,1641.0,2077.593505859375,2295.91650390625,6325.0,1681.46044921875,533.2040405273438,294.0967102050781,3760.0
2025-09-26,35.099998474121094,660.5261840820312,4210.77099609375,6266.921875,182.7414093017578,1181.063720703125,31.170000076293945,1267.7349853515625,4529.98583984375,1211.0,4156.14697265625,1145.0,2243.0,16149.615234375,3637.5,1581.0,2151.33056640625,2224.775390625,6435.0,1571.5611572265625,545.2239379882812,302.6531677246094,3838.0
2025-09-29,33.70000076293945,686.947265625,4298.44384765625,6281.2294921875,183.99136352539062,1154.136962890625,31.450000762939453,1299.82958984375,4654.9853515625,1209.0,4211.2119140625,1120.0,2251.0,15574.62890625,3597.5,1591.0,2181.223876953125,2190.5908203125,6415.0,1570.7156982421875,560.6094970703125,300.4529113769531,3778.0
2025-09-30,31.799999237060547,693.9263916015625,4137.70947265625,6147.68798828125,178.4916229248047,1147.6373291015625,29.899999618530273,1333.81201171875,4474.986328125,1191.0,4069.959716796875,1080.0,2255.0,15049.6416015625,3682.5,1517.0,2227.060546875,2074.17822265625,6470.0,1520.8382568359375,554.359130859375,294.8302001953125,3738.0
2025-10-01,32.79999923706055,729.3206176757812,4069.518310546875,6009.37744140625,175.2417755126953,1133.709716796875,30.170000076293945,1350.80322265625,4499.98583984375,1172.0,4012.50146484375,1060.0,2227.0,15249.63671875,3660.0,1465.0,2260.939697265625,2070.482666015625,6375.0,1531.8282470703125,594.2652587890625,292.8743591308594,3700.0
2025-10-02,34.79999923706055,751.2550659179688,4145.015625,6171.53564453125,179.49156188964844,1157.8509521484375,31.31999969482422,1381.0098876953125,4579.98583984375,1216.0,4153.75244140625,1125.0,2307.0,15249.63671875,3750.0,1554.0,2297.808349609375,2246.949462890625,6460.0,1608.7578125,610.131591796875,293.6078186035156,3716.0
2025-10-03,36.400001525878906,756.7387084960938,4103.61376953125,6223.998046875,180.2415313720703,1127.2100830078125,32.4900016784668,1353.6351318359375,4519.98583984375,1191.0,4189.6640625,1135.0,2273.0,15649.626953125,3707.5,1531.0,2270.904296875,2276.514404296875,6425.0,1630.7376708984375,632.2482299804688,288.2294616699219,3682.0
2025-10-06,35.70000076293945,734.3057250976562,4115.791015625,6309.84619140625,180.2415313720703,1106.782958984375,32.040000915527344,1324.3724365234375,4394.986328125,1181.0,4184.87646484375,1170.0,2302.0,15474.630859375,3680.0,1550.0,2284.8544921875,2241.40576171875,6445.0,1620.5931396484375,613.4971313476562,281.8732604980469,3756.0
2025-10-07,34.70000076293945,696.4189453125,4032.98828125,6314.61474609375,175.7417449951172,1114.2110595703125,31.299999237060547,1364.0186767578125,4329.98681640625,1206.0,4177.47998046875,1140.0,2336.0,15424.6318359375,3730.0,1515.0,2247.986083984375,2179.50390625,6465.0,1624.820068359375,583.2069091796875,279.4285583496094,3752.0
2025-10-08,33.79999923706055,716.8578491210938,4149.88623046875,6462.4658203125,174.9917755126953,1142.9947509765625,30.979999542236328,1380.06591796875,4409.986328125,1264.0,4230.4208984375,1120.0,2403.0,15474.630859375,3772.5,1544.0,2230.0498046875,2181.351806640625,6530.0,1634.964599609375,598.1116333007812,283.3401184082031,3772.0
2025-10-09,36.20000076293945,718.3533935546875,4559.03076171875,7106.32763671875,191.99098205566406,1230.274658203125,33.900001525878906,1401.7769775390625,4544.98583984375,1337.0,4591.376953125,1200.0,2456.0,16299.611328125,3860.0,1730.0,2270.904296875,2374.448974609375,6810.0,1796.43212890625,600.9963989257812,292.8743591308594,3912.0
2025-10-13,38.599998474121094,690.4368286132812,4675.92724609375,7306.63916015625,197.24073791503906,1266.486572265625,34.41999816894531,1360.2427978515625,4604.98583984375,1452.0,4747.79248046875,1250.0,2398.0,16524.60546875,3890.0,1898.0,2250.975341796875,2485.318115234375,6905.0,1869.134765625,584.6493530273438,318.0547790527344,3976.0
2025-10-14,36.400001525878906,689.9382934570312,4510.32275390625,7087.25,188.2411651611328,1233.9886474609375,32.189998626708984,1329.09228515625,4594.98583984375,1404.0,4516.779296875,1130.0,2310.0,15774.6240234375,3770.0,1751.0,2187.20263671875,2306.07958984375,6640.0,1695.8319091796875,570.7062377929688,306.564697265625,3846.0
2025-10-15,36.70000076293945,702.8995361328125,4512.7578125,7282.79296875,180.9915008544922,1342.624267578125,32.18000030517578,1335.699951171875,4649.9853515625,1421.0,4617.84716796875,1155.0,2321.0,15774.6240234375,3857.5,1830.0,2204.142333984375,2284.82958984375,6630.0,1689.914306640625,561.0902709960938,302.4087219238281,3870.0
2025-10-16,35.400001525878906,735.80126953125,4590.68994140625,7416.3349609375,179.74156188964844,1346.3382568359375,31.610000610351562,1340.4197998046875,4569.98583984375,1391.0,4670.7880859375,1105.0,2332.0,15524.6298828125,3847.5,1843.0,2273.8935546875,2283.90576171875,6590.0,1642.572998046875,587.0532836914062,308.031494140625,3912.0
2025-10-17,36.400001525878906,794.126953125,4722.2001953125,7816.9599609375,181.74147033691406,1375.1220703125,31.790000915527344,1397.0572509765625,4849.98486328125,1434.0,4774.26318359375,1110.0,2402.0,15674.6259765625,3927.5,1953.0,2422.3642578125,2299.6123046875,6835.0,1657.789794921875,615.4203491210938,308.5203857421875,4026.0
2025-10-20,35.599998474121094,849.4616088867188,4768.47265625,7859.88427734375,178.74160766601562,1362.1229248046875,32.0099983215332,1407.440673828125,4779.9853515625,1398.0,4822.39013671875,1095.0,2387.0,15674.6259765625,3770.0,1929.0,2385.495849609375,2268.19921875,6840.0,1599.4586181640625,627.4402465820312,310.965087890625,3952.0
2025-10-21,36.0,881.3662719726562,4938.94921875,8141.275390625,182.24143981933594,1328.6966552734375,31.93000030517578,1413.1044921875,4739.9853515625,1379.0,4923.45849609375,1095.0,2460.0,15699.6259765625,3822.5,2001.0,2347.630859375,2226.623291015625,6885.0,1564.798095703125,620.7091064453125,309.98724365234375,3980.0
2025-10-22,35.79999923706055,829.022705078125,4958.43212890625,8484.6708984375,182.9914093017578,1335.1961669921875,32.150001525878906,1401.7769775390625,5069.984375,1412.0,5106.34375,1105.0,2479.0,15524.6298828125,3865.0,1942.0,2306.7763671875,2231.242919921875,7010.0,1554.653564453125,598.5924682617188,309.2538146972656,3982.0
2025-10-23,37.29999923706055,791.1359252929688,5109.42578125,8622.9794921875,183.99136352539062,1385.335693359375,32.56999969482422,1381.953857421875,5069.984375,1460.0,5217.03759765625,1155.0,2527.5,15699.6259765625,3892.5,2129.0,2352.613037109375,2271.894775390625,7045.0,1537.745849609375,577.9181518554688,312.6764221191406,4174.0
2025-10-24,37.0,800.1090698242188,5143.52099609375,8594.36328125,191.4910125732422,1391.835205078125,33.13999938964844,1381.0098876953125,4949.98486328125,1509.0,5342.16943359375,1195.0,2505.0,15599.6279296875,3920.0,2127.0,2454.250732421875,2365.209716796875,7050.0,1594.3863525390625,566.8598022460938,312.4319763183594,4228.0
2025-10-27,42.900001525878906,809.5807495117188,6736.26025390625,11055.3466796875,223.98947143554688,1788.3087158203125,41.290000915527344,1635.87841796875,5699.982421875,1929.0,6824.49951171875,1455.0,3015.0,18024.5703125,4522.5,2912.5,3158.7392578125,3199.03857421875,8960.0,2064.41748046875,566.8598022460938,356.5211486816406,4870.0
2025-10-28,46.099998474121094,880.3692626953125,7237.091796875,11770.748046875,239.48875427246094,1879.3026123046875,46.81999969482422,1660.4329833984375,5999.9814453125,2115.0,7373.15478515625,1620.0,3112.5,19174.54296875,4620.0,3170.0,3280.803955078125,3420.777099609375,9200.0,2223.348876953125,594.74609375,379.2934875488281,5062.5
2025-10-29,51.599998474121094,928.7247314453125,7515.44140625,12093.916015625,271.48724365234375,1986.0811767578125,55.70000076293945,1661.35302734375,6259.98046875,2366.0,7594.54296875,1770.0,3167.5,20399.513671875,4915.0,3440.0,3230.981689453125,3813.43896484375,9400.0,2278.298583984375,675.5199584960938,395.20965576171875,5197.5
2025-10-30,50.0,931.7158203125,7422.65869140625,12084.3310546875,278.9869079589844,1986.0811767578125,55.29999923706055,1609.838134765625,6279.98046875,2284.0,7705.236328125,1705.0,3095.0,21149.49609375,4847.5,3347.5,3156.248046875,3829.607177734375,9120.0,2284.638916015625,694.7518920898438,394.9647216796875,5165.0
2025-10-31,52.79999923706055,983.5609130859375,8125.85595703125,12946.814453125,304.9856872558594,2176.425537109375,57.5,1717.46728515625,6659.9794921875,2502.5,8513.7802734375,1930.0,3322.5,23074.44921875,5155.0,3770.0,3367.9931640625,4055.96533203125,9390.0,2432.58056640625,701.0022583007812,435.12237548828125,5460.0
2025-11-03,58.20000076293945,1005.9938354492188,8692.3232421875,13090.560546875,304.9856872558594,2265.5625,59.400001525878906,1749.6640625,7069.97802734375,2652.5,8841.0498046875,1995.0,3260.0,22699.458984375,5410.0,3930.0,3759.098876953125,4201.48095703125,9300.0,2512.8916015625,759.6594848632812,448.58984375,5605.0
2025-11-04,58.79999923706055,967.6085815429688,8384.6748046875,12946.814453125,317.7350769042969,2254.420166015625,60.0,1839.0,7019.97802734375,2645.0,8725.5419921875,1920.0,3255.0,22024.474609375,5350.0,3830.0,3639.525146484375,4245.36669921875,9075.0,2544.59326171875,780.333740234375,438.3055725097656,5537.5
2025-11-05,60.400001525878906,973.5906982421875,8409.0888671875,12735.986328125,322.7348327636719,2154.141357421875,62.70000076293945,1767.0,7269.9775390625,2552.5,8475.2783203125,1875.0,3415.0,21799.48046875,5270.0,3807.5,3679.383056640625,4229.1982421875,8985.0,2586.8623046875,768.7946166992188,434.38775634765625,5560.0
2025-11-06,58.400001525878906,963.1219482421875,8096.5576171875,12553.9052734375,312.2353210449219,2058.5048828125,59.900001525878906,1687.0,7129.97802734375,2425.0,8350.1455078125,1825.0,3282.5,21699.482421875,5170.0,3622.5,3646.99853515625,4065.204345703125,8715.0,2597.429443359375,752.447509765625,432.18402099609375,5462.5
2025-11-07,55.599998474121094,981.5668334960938,7637.52490234375,11911.8349609375,297.9859924316406,1982.3670654296875,58.0,1666.0,6879.978515625,2386.0,7793.078125,1760.0,3200.0,21524.486328125,5030.0,3470.0,3495.040283203125,3910.449462890625,8430.0,2646.038818359375,715.9069213867188,427.2867431640625,5430.0
2025-11-10,59.20000076293945,1094.7286376953125,7481.25830078125,11969.333984375,293.2362365722656,2072.432373046875,61.599998474121094,1720.0,7189.9775390625,2473.0,7933.015625,1955.0,3345.0,21749.48046875,5175.0,3450.0,3637.033935546875,4152.97607421875,8785.0,2787.639892578125,834.663818359375,429.24566650390625,5587.5
2025-11-11,60.79999923706055,1120.6512451171875,7456.84130859375,11931.001953125,284.48663330078125,2045.5057373046875,70.30000305175781,1773.0,7279.9775390625,2450.0,7860.63427734375,1905.0,3372.5,23049.451171875,5185.0,3390.0,3604.6494140625,4208.41064453125,9130.0,2941.921875,825.5286865234375,435.3672180175781,5605.0
2025-11-12,65.19999694824219,1074.788330078125,7622.87451171875,12266.4111328125,290.2363586425781,2047.36279296875,74.69999694824219,1758.0,7179.9775390625,2414.0,7918.5390625,1875.0,3492.5,23049.451171875,5285.0,3485.0,3724.22314453125,4183.0029296875,8995.0,2880.6318359375,818.3167114257812,442.4682922363281,5587.5
2025-11-13,64.19999694824219,985.554931640625,7266.39208984375,11701.0068359375,284.48663330078125,2033.43505859375,73.80000305175781,1724.0,7019.97802734375,2338.0,7542.15576171875,1840.0,3395.0,22599.4609375,5145.0,3260.0,3646.99853515625,3945.09619140625,8890.0,2717.896240234375,767.3522338867188,440.2644958496094,5497.5
2025-11-14,67.80000305175781,1117.66015625,7661.94091796875,11873.5029296875,292.48626708984375,2098.4306640625,79.9000015258789,1758.0,7309.9775390625,2432.0,7629.013671875,1910.0,3562.5,23299.4453125,5370.0,3467.5,3689.34765625,4044.41650390625,9210.0,2950.37548828125,793.7960815429688,442.9579772949219,5815.0
2025-11-17,68.4000015258789,1074.788330078125,7520.3251953125,11356.013671875,291.4862976074219,2058.5048828125,80.5999984741211,1759.0,7329.97705078125,2312.0,7373.2646484375,2015.0,3530.0,23575.0,5255.0,3275.0,3823.867919921875,4148.3564453125,8905.0,3020.119384765625,781.2953491210938,444.42718505859375,5685.0
2025-11-18,66.80000305175781,1060.8299560546875,7466.60791015625,11193.1005859375,293.2362365722656,2046.4342041015625,79.0999984741211,1775.0,7359.97705078125,2375.0,7296.05810546875,2005.0,3487.5,23425.0,5325.0,3272.5,3752.5,4233.81787109375,9105.0,3058.16162109375,799.0848388671875,443.93743896484375,5777.5
2025-11-19,63.79999923706055,1045.8746337890625,7320.1083984375,10972.6884765625,285.986572265625,1998.1517333984375,76.30000305175781,1752.0,7339.97705078125,2387.0,7049.96142578125,1915.0,3397.5,23700.0,5250.0,3135.0,3675.0,4215.33984375,9095.0,2998.98486328125,778.891357421875,442.9579772949219,5655.0
2025-11-20,61.0,1024.937255859375,7193.1416015625,11164.3515625,285.2366027832031,2013.9364013671875,66.5999984741211,1734.0,7349.97705078125,2371.0,7040.31005859375,1975.0,3385.0,23875.0,5275.0,3085.0,3555.0,4058.275146484375,9065.0,2952.489013671875,767.8330078125,451.31866455078125,5580.0
2025-11-21,58.400001525878906,1006.9908447265625,6865.958984375,10694.77734375,276.2370300292969,1954.5118408203125,65.5,1674.0,7169.9775390625,2255.0,6741.1337890625,1920.0,3347.5,23950.0,5155.0,2892.5,3427.5,3979.74267578125,8940.0,2859.497314453125,761.5827026367188,450.828369140625,5397.5
2025-11-25,59.79999923706055,1003.0028076171875,7275.4765625,11298.515625,285.986572265625,2026.935546875,69.80000305175781,1745.0,7209.9775390625,2383.0,7199.54931640625,1880.0,3480.0,24725.0,5300.0,3135.0,3557.5,4076.753173828125,8990.0,2897.539306640625,763.9866333007812,470.1950988769531,5457.5
2025-11-26,61.400001525878906,1010.9789428710938,7911.95849609375,12212.0771484375,292.7362365722656,2135.571044921875,74.4000015258789,1819.0,7389.97705078125,2602.5,7556.63232421875,1945.0,3670.0,25700.0,5445.0,3380.0,3660.0,4155.28564453125,9335.0,2899.65283203125,772.1602172851562,473.3820495605469,5572.5
2025-11-27,61.0,1031.9163818359375,8000.08642578125,12587.685546875,298.2359924316406,2182.925048828125,75.30000305175781,1849.0,7449.97705078125,2587.5,7580.7587890625,1940.0,3757.5,26250.0,5415.0,3415.0,3667.5,4157.595703125,9290.0,2914.447021484375,785.1417236328125,507.9480285644531,5617.5
2025-11-28,60.79999923706055,1046.8717041015625,8024.56689453125,12501.005859375,299.4859313964844,2259.991455078125,74.0,1815.0,7989.97509765625,2572.5,7643.48974609375,2065.0,3750.0,26200.0,5405.0,3402.5,3725.0,4169.14453125,9175.0,2920.787353515625,774.0833740234375,521.1859741210938,5610.0
2025-12-01,60.400001525878906,1085.7554931640625,8088.21435546875,12423.9599609375,299.98590087890625,2367.698486328125,74.0,1769.0,7899.9755859375,2670.0,7725.5224609375,2205.0,3780.0,26650.0,5470.0,3462.5,3812.5,4155.28564453125,9435.0,3068.728759765625,784.1801147460938,520.2053833007812,5570.0
2025-12-02,60.20000076293945,1072.794189453125,8088.21435546875,12212.0771484375,301.23583984375,2360.734619140625,73.80000305175781,1727.0,7799.9755859375,2605.0,7648.31494140625,2260.0,3810.0,26650.0,5430.0,3385.0,3855.0,4152.97607421875,9400.0,3041.25390625,784.6609497070312,519.7152099609375,5557.5
2025-12-03,59.400001525878906,1068.80615234375,8465.20703125,12712.888671875,303.7357482910156,2506.974853515625,74.19999694824219,1785.0,7829.9755859375,2717.5,7822.0302734375,2260.0,3852.5,26700.0,5610.0,3600.0,3875.0,4363.16552734375,9780.0,3102.5439453125,780.333740234375,510.8898010253906,5670.0
2025-12-04,57.400001525878906,1064.818115234375,8323.2236328125,13001.8173828125,299.7359313964844,2453.58544921875,72.30000305175781,1759.0,8059.97509765625,2617.5,7604.88623046875,2220.0,3800.0,26800.0,5570.0,3545.0,3862.5,4386.26318359375,9675.0,3227.237548828125,779.8529663085938,500.59356689453125,5595.0
2025-12-05,57.20000076293945,1061.8270263671875,8235.095703125,12751.412109375,301.48583984375,2430.372802734375,71.80000305175781,1738.0,8239.974609375,2505.0,7433.86181640625,2160.0,3720.0,27050.0,5455.0,3397.5,3817.5,4444.0078125,9505.0,3345.590576171875,756.2938842773438,501.08380126953125,5497.5
2025-12-09,58.0,1023.9402465820312,8122.48681640625,12578.0537109375,301.9858093261719,2367.698486328125,69.0999984741211,1707.0,8239.974609375,2460.0,7288.66943359375,2110.0,3710.0,26550.0,5400.0,3250.0,3635.0,4411.67041015625,9470.0,3275.846923828125,731.29248046875,487.35552978515625,5395.0
2025-12-10,62.0,990.04150390625,8235.095703125,12963.2939453125,304.2357177734375,2360.734619140625,66.30000305175781,1737.0,8189.974609375,2406.0,7259.630859375,2140.0,3840.0,26650.0,5475.0,3245.0,3647.5,4527.15966796875,9615.0,3339.250244140625,734.6580200195312,486.865234375,5440.0
2025-12-11,60.0,933.7098388671875,8313.4306640625,12828.458984375,302.98577880859375,2339.843017578125,62.79999923706055,1758.0,8039.97509765625,2323.0,7114.43798828125,2155.0,3877.5,26300.0,5445.0,3277.5,3565.0,4568.7353515625,9590.0,3398.427001953125,715.4261474609375,488.58123779296875,5335.0
2025-12-12,58.400001525878906,953.1517333984375,8308.5361328125,12664.7314453125,299.98590087890625,2293.417724609375,64.5999984741211,1800.0,7989.97509765625,2319.0,7124.1171875,2150.0,3870.0,26000.0,5395.0,3335.0,3557.5,4515.61083984375,9610.0,3421.6748046875,774.0833740234375,481.9622497558594,5285.0
2025-12-15,57.79999923706055,952.6532592773438,8426.0390625,12847.7216796875,295.23614501953125,2328.23681640625,64.19999694824219,1798.0,7909.9755859375,2357.0,7259.630859375,2145.0,3895.0,26550.0,5460.0,3447.5,3567.5,4471.72509765625,9675.0,3434.35546875,779.8529663085938,500.103271484375,5355.0
2025-12-16,60.400001525878906,1026.9312744140625,8543.544921875,13011.4482421875,294.73614501953125,2314.7734375,62.599998474121094,1757.0,7919.9755859375,2376.0,7467.740234375,2165.0,3822.5,27200.0,5470.0,3480.0,3507.5,4559.49658203125,9565.0,3588.637451171875,799.565673828125,500.103271484375,5320.0
2025-12-17,59.400001525878906,1063.821044921875,8636.5673828125,12963.2939453125,293.9862060546875,2390.9111328125,63.0,1800.0,7839.9755859375,2394.0,7559.69580078125,2120.0,3815.0,27450.0,5455.0,3462.5,3570.0,4619.55029296875,9465.0,3582.297119140625,707.7333984375,494.21966552734375,5320.0
2025-12-18,59.599998474121094,1096.7227783203125,9395.4501953125,13791.5556640625,296.486083984375,2548.757568359375,66.80000305175781,1831.0,7869.9755859375,2464.0,8053.3515625,2200.0,4040.0,27600.0,5485.0,3747.5,3610.0,4767.37646484375,9810.0,3633.019775390625,715.4261474609375,502.0644226074219,5475.0
2025-12-19,59.0,1077.779296875,9243.673828125,13435.2109375,298.9859619140625,2486.083251953125,65.5999984741211,1820.0,7799.9755859375,2440.0,8101.74755859375,2155.0,3940.0,27600.0,5495.0,3670.0,3545.0,4776.615234375,9695.0,3647.81396484375,713.0221557617188,510.8898010253906,5467.5
2025-12-22,58.0,1042.8836669921875,9273.048828125,13492.9970703125,295.4861145019531,2546.4365234375,67.80000305175781,1800.0,7699.97607421875,2453.0,8024.31201171875,2130.0,3935.0,27700.0,5465.0,3712.5,3522.5,4797.98486328125,9660.0,3573.84326171875,683.6935424804688,524.1278076171875,5512.5
2025-12-23,57.0,1002.0057373046875,9163.81640625,13213.69921875,292.48626708984375,2527.8662109375,66.80000305175781,1791.0,7719.97607421875,2403.0,7995.2734375,2265.0,3935.0,27650.0,5435.0,3720.0,3507.5,4731.2138671875,9555.0,3527.347412109375,694.2710571289062,529.4988403320312,5510.0
2025-12-24,57.20000076293945,998.0177001953125,9100.0419921875,13358.162109375,296.486083984375,2506.974853515625,67.19999694824219,1793.0,7769.97607421875,2409.0,8004.95263671875,2295.0,3945.0,27600.0,5480.0,3700.0,3472.5,4719.29052734375,9565.0,3673.17529296875,695.7134399414062,533.9153442382812,5490.0
2025-12-26,56.0,1003.9998168945312,9134.380859375,13425.5791015625,291.4862976074219,2518.5810546875,64.9000015258789,1810.0,7689.97607421875,2420.0,8111.42822265625,2370.0,3980.0,27500.0,5375.0,3685.0,3477.5,4642.98046875,9480.0,3533.687744140625,671.1928100585938,540.2948608398438,5460.0
2025-12-29,54.79999923706055,972.0951538085938,9183.439453125,13357.8857421875,284.48663330078125,2472.15576171875,61.900001525878906,1878.0,7629.9765625,2371.0,8101.74755859375,2435.0,3945.0,27350.0,5375.0,3670.0,3500.0,4471.283203125,9400.0,3193.42236328125,662.0576782226562,541.7670288085938,5585.0
2025-12-30,53.400001525878906,990.5400390625,8967.58984375,13125.7431640625,290.7363586425781,2425.730224609375,59.5,1918.0,7619.9765625,2336.0,7937.1962890625,2535.0,3885.0,27300.0,5260.0,3570.0,3527.5,4580.978515625,9325.0,3024.346435546875,646.1913452148438,540.2948608398438,5460.0
2026-01-02,54.400001525878906,1004.0,9242.3056640625,13425.5947265625,301.23583984375,2504.653564453125,61.099998474121094,1936.0,7719.97607421875,2320.0,8082.3876953125,2620.0,3997.5,27000.0,5440.0,3595.0,3595.0,4526.130859375,9515.0,2933.468017578125,673.1160278320312,540.7855834960938,5645.0
2026-01-05,53.599998474121094,1022.0,9222.68359375,13599.7021484375,317.7350769042969,2467.51318359375,59.5,1893.0,7699.97607421875,2305.0,8242.1005859375,2525.0,4017.5,26750.0,5365.0,3677.5,3580.0,4452.20556640625,9405.0,2865.837646484375,697.6366577148438,538.8226928710938,5527.5
2026-01-06,52.599998474121094,1031.0,9095.13671875,13628.720703125,331.9844055175781,2451.26416015625,59.599998474121094,1881.0,7589.9765625,2281.0,8198.5419921875,2415.0,3920.0,25950.0,5235.0,3705.0,3605.0,4456.97509765625,9185.0,2922.90087890625,705.3294067382812,544.2206420898438,5437.5
2026-01-07,51.79999923706055,1001.0,8908.720703125,13512.6484375,320.2349548339844,2323.59423828125,56.5,1819.0,7529.9765625,2149.0,8072.7099609375,2265.0,3735.0,24700.0,5020.0,3560.0,3492.5,4230.43017578125,8860.0,2950.37548828125,727.4461059570312,543.72998046875,5110.0
2026-01-08,52.400001525878906,975.0,9227.5908203125,13938.2431640625,316.4851379394531,2365.377197265625,56.79999923706055,1890.0,7489.9765625,2193.0,8256.6201171875,2300.0,3810.0,24525.0,5085.0,3632.5,3510.0,4292.43212890625,9255.0,3106.770751953125,762.0634765625,539.8041381835938,5192.5
2026-01-09,54.400001525878906,1005.0,9433.62890625,14054.3154296875,320.2349548339844,2381.6259765625,56.79999923706055,1905.0,7539.9765625,2219.0,8294.3681640625,2290.0,3805.0,24175.0,5065.0,3652.5,3460.0,4251.89208984375,9170.0,3208.216552734375,770.7178344726562,543.72998046875,5187.5
2026-01-12,58.400001525878906,995.0,9512.1201171875,14015.6240234375,322.48486328125,2363.055908203125,55.20000076293945,1951.0,7499.9765625,2214.0,8173.03515625,2295.0,3852.5,23650.0,5070.0,3595.0,3590.0,4101.6572265625,8975.0,3208.216552734375,758.2171020507812,552.0723876953125,5175.0
2026-01-13,56.0,969.0,9296.2685546875,13744.791015625,320.2349548339844,2358.413330078125,52.5,1930.0,7489.9765625,2157.0,7906.10107421875,2210.0,3710.0,23350.0,5050.0,3450.0,3452.5,4156.5048828125,8945.0,3168.060791015625,734.6580200195312,561.886962890625,5282.5
2026-01-14,53.79999923706055,960.0,8840.041015625,13367.55859375,316.4851379394531,2240.49267578125,49.16999816894531,1919.0,7309.9775390625,2027.0,7537.24658203125,2175.0,3595.0,22275.0,4935.0,3307.5,3315.0,3963.345458984375,8920.0,2783.4130859375,728.8884887695312,562.3777465820312,5282.5
2026-01-15,56.0,975.0,8634.0029296875,13174.1064453125,315.98516845703125,2185.710693359375,50.0,1877.0,7309.9775390625,2008.0,7619.7529296875,2265.0,3530.0,22300.0,4792.5,3250.0,3312.5,4113.58056640625,8690.0,2863.72412109375,754.8515014648438,586.9143676757812,5182.5
2026-01-16,58.20000076293945,990.0,8638.9091796875,13435.2666015625,316.4851379394531,2148.5703125,54.599998474121094,1885.0,7329.97705078125,2040.0,7537.24658203125,2295.0,3542.5,22675.0,4792.5,3240.0,3287.5,4120.734375,8725.0,2772.845947265625,770.2369995117188,591.330810546875,5215.0
2026-01-19,58.0,998.0,8423.05859375,13019.3447265625,317.4850769042969,2138.356689453125,60.29999923706055,1862.0,7309.9775390625,2038.0,7527.5400390625,2285.0,3477.5,22350.0,4795.0,3217.5,3270.0,4080.195068359375,8715.0,2817.228271484375,756.7747192382812,592.8031005859375,5162.5
2026-01-20,57.599998474121094,998.5,8614.37890625,13357.8857421875,316.4851379394531,2150.42724609375,60.0,1879.0,7149.97802734375,2058.0,7488.712890625,2265.0,3497.5,21650.0,4905.0,3225.0,3327.5,4094.503173828125,8910.0,2827.79541015625,740.9083862304688,588.877197265625,5267.5
2026-01-21,57.400001525878906,1028.0,8879.2861328125,14247.7685546875,322.7348327636719,2214.494384765625,59.099998474121094,1899.0,7339.97705078125,2294.0,7881.833984375,2245.0,3642.5,22300.0,5010.0,3400.0,3412.5,4194.65966796875,9330.0,2893.3125,759.6594848632812,590.3494262695312,5400.0
2026-01-22,57.0,1056.0,9173.626953125,14170.3857421875,323.9847717285156,2314.7734375,58.400001525878906,1926.0,7589.9765625,2337.0,7862.419921875,2240.0,3552.5,22325.0,5035.0,3407.5,3787.5,4073.041015625,9255.0,2838.36279296875,758.6978759765625,595.2567749023438,5382.5
2026-01-23,56.400001525878906,1076.0,9620.044921875,14228.4228515625,324.2347717285156,2299.917236328125,57.599998474121094,1912.0,7589.9765625,2242.0,7886.6875,2240.0,3592.5,22225.0,5080.0,3487.5,3802.5,4142.19677734375,9340.0,2931.3544921875,738.50439453125,600.65478515625,5515.0
2026-01-26,55.79999923706055,1080.0,9747.5927734375,14392.8564453125,326.9846496582031,2393.232421875,58.70000076293945,1930.0,7599.9765625,2311.0,7954.634765625,2275.0,3620.0,22575.0,5175.0,3522.5,3807.5,4416.435546875,9640.0,3083.52294921875,705.8101806640625,606.5331420898438,5527.5
2026-01-27,59.599998474121094,1036.0,10361.201171875,15186.0107421875,332.484375,2453.58544921875,61.900001525878906,2120.0,7699.97607421875,2463.0,8163.32763671875,2280.0,3692.5,22575.0,5365.0,3710.0,3975.0,4521.36181640625,10140.0,3237.8046875,691.8670654296875,611.4443359375,5772.5
2026-01-28,58.400001525878906,1031.0,10125.2724609375,15119.7080078125,340.2340087890625,2428.051513671875,63.79999923706055,2062.0,7709.97607421875,2398.0,8211.8623046875,2260.0,3592.5,22675.0,5380.0,3725.0,3922.5,4552.3623046875,9875.0,3096.20361328125,667.346435546875,610.462158203125,5805.0
2026-01-29,57.599998474121094,1046.0,10007.306640625,14847.8056640625,340.9839782714844,2390.9111328125,61.79999923706055,2056.0,7759.97607421875,2336.0,8066.2607421875,2220.0,3522.5,22825.0,5315.0,3717.5,4042.5,4423.58935546875,9830.0,3168.060791015625,670.231201171875,606.0420532226562,5907.5
2026-01-30,56.79999923706055,1045.0,9997.4775390625,14847.8056640625,335.7342224121094,2365.377197265625,60.79999923706055,2034.0,7939.9755859375,2352.0,8066.2607421875,2160.0,3487.5,22550.0,5215.0,3680.0,4047.5,4294.81640625,9655.0,3250.4853515625,677.9239501953125,608.4977416992188,5970.0
2026-02-02,55.400001525878906,1022.0,9786.125,14352.5546875,334.9842529296875,2266.490966796875,56.29999923706055,1996.0,7849.9755859375,2244.0,7838.15380859375,2005.0,3342.5,21650.0,5045.0,3490.0,3875.0,4192.275390625,9195.0,3256.82568359375,686.0975341796875,606.5331420898438,5797.5
2026-02-03,52.400001525878906,989.0,9569.8564453125,13925.279296875,334.9842529296875,2256.27734375,53.5,1950.0,7759.97607421875,2125.0,7576.0732421875,1845.0,3265.0,21150.0,4970.0,3377.5,3765.0,4006.269775390625,8980.0,3309.662109375,664.9424438476562,589.8351440429688,5712.5
2026-02-04,50.0,975.5,9137.3212890625,13595.11328125,333.73431396484375,2207.06640625,52.900001525878906,1952.0,7749.97607421875,2059.0,7551.80615234375,1770.0,3165.0,21275.0,4962.5,3317.5,3642.5,3937.114013671875,8920.0,3332.909912109375,673.1160278320312,581.9772338867188,5837.5
2026-02-05,47.70000076293945,979.0,8601.5654296875,12993.04296875,330.4844665527344,2155.998291015625,50.20000076293945,1910.0,7659.97607421875,2017.0,7284.8720703125,1790.0,3227.5,20575.0,4920.0,3147.5,3482.5,3791.648193359375,8755.0,3265.279541015625,657.2496948242188,573.136962890625,5642.5
2026-02-06,49.400001525878906,1017.0,8817.833984375,13439.740234375,329.9844970703125,2188.49609375,51.900001525878906,1935.0,7649.97607421875,2087.0,7274.71435546875,1835.0,3315.0,20900.0,4985.0,3272.5,3547.5,3939.49853515625,8865.0,3381.519287109375,662.5384521484375,578.0481567382812,5690.0
2026-02-09,52.20000076293945,983.5,8896.4765625,13332.921875,326.9846496582031,2174.568603515625,52.900001525878906,1873.0,7699.97607421875,2197.0,7240.62841796875,1830.0,3375.0,20875.0,4962.5,3435.0,3715.0,3968.11474609375,8860.0,3461.830322265625,666.8656616210938,575.5925903320312,5667.5
2026-02-10,51.79999923706055,981.5,9102.9150390625,13711.642578125,327.734619140625,2235.85009765625,53.400001525878906,1911.0,7719.97607421875,2196.0,7542.52490234375,1865.0,3487.5,21500.0,5175.0,3570.0,3750.0,4192.275390625,9260.0,3423.788330078125,682.73193359375,580.9949340820312,5812.5
2026-02-11,49.79999923706055,996.5,8822.7490234375,13517.4267578125,324.9847412109375,2225.636474609375,52.70000076293945,1883.0,7389.97705078125,2208.0,7372.10009765625,1830.0,3512.5,21300.0,5070.0,3460.0,3405.0,4321.04833984375,9205.0,3493.5322265625,670.7120361328125,579.0304565429688,5772.5
2026-02-12,48.70000076293945,963.0,8041.236328125,12662.8759765625,312.7353210449219,2120.71484375,49.63999938964844,1757.0,7479.97705078125,2117.0,6768.30810546875,1805.0,3365.0,20900.0,4852.5,3185.0,3397.5,4161.2744140625,8625.0,3286.4140625,653.4033203125,552.5099487304688,5525.0
2026-02-13,48.79999923706055,990.5,7820.05224609375,12332.7099609375,307.98553466796875,2121.6435546875,47.66999816894531,1743.0,7399.97705078125,2082.0,6519.974609375,1740.0,3320.0,20850.0,4840.0,3102.5,3330.0,4166.04345703125,8615.0,3364.61181640625,675.5199584960938,552.018798828125,5465.0
2026-02-18,46.29999923706055,945.0,7549.7177734375,11847.169921875,295.4861145019531,2108.644287109375,43.59000015258789,1650.0,7309.9775390625,1980.0,6266.77197265625,1685.0,3220.0,20575.0,4635.0,2970.0,3222.5,4011.0390625,8400.0,3201.876220703125,647.1529541015625,525.0072021484375,5405.0
2026-02-19,47.29999923706055,918.0,7874.119140625,12915.357421875,301.23583984375,2186.63916015625,46.09000015258789,1692.0,7259.9775390625,2037.0,6670.921875,1690.0,3287.5,20500.0,4815.0,3167.5,3285.0,4130.2734375,8795.0,3309.662109375,668.3080444335938,518.6227416992188,5595.0
2026-02-20,46.599998474121094,893.0,8095.30224609375,12944.4892578125,325.98468017578125,2195.92431640625,45.0099983215332,1765.0,7199.9775390625,2009.0,6982.55712890625,1670.0,3290.0,20675.0,4802.5,3200.0,3297.5,4111.19580078125,8775.0,3387.859619140625,660.1344604492188,521.5694580078125,5562.5
2026-02-23,42.599998474121094,834.0,7657.8515625,12342.419921875,312.2353210449219,2128.14306640625,42.43000030517578,1695.0,6809.97900390625,1938.0,6763.43896484375,1565.0,3092.5,19825.0,4602.5,3007.5,3185.0,3958.576171875,8565.0,3335.0234375,622.1514892578125,502.39642333984375,5432.5
2026-02-24,42.29999923706055,795.5,8081.384765625,12730.8515625,313.23529052734375,2191.28173828125,42.189998626708984,1715.0,6849.97900390625,2007.0,6870.5634765625,1570.0,3175.0,19550.0,4742.5,3100.0,3250.0,3922.805908203125,8605.0,3387.859619140625,611.573974609375,508.29534912109375,5490.0
2026-02-25,43.099998474121094,820.0,7948.337890625,12695.236328125,304.4856872558594,2168.997314453125,43.290000915527344,1702.0,6899.978515625,2006.0,6870.5634765625,1520.0,3187.5,19425.0,4745.0,3060.0,3285.0,3827.41845703125,8800.0,3248.3720703125,602.9196166992188,495.0226745605469,5465.0
2026-02-26,42.79999923706055,825.5,7706.8818359375,11924.349609375,314.4852294921875,2172.71142578125,43.70000076293945,1695.0,7019.97802734375,1962.0,6729.35400390625,1570.0,3105.0,19400.0,4680.0,2952.5,3300.0,3813.1103515625,8850.0,3237.8046875,596.6692504882812,500.9216613769531,5340.0
2026-02-27,43.099998474121094,811.5,7179.6201171875,10938.78515625,316.7351379394531,2154.141357421875,41.95000076293945,1643.0,7129.97802734375,1832.0,6373.89599609375,1575.0,2992.5,19325.0,4495.0,2725.0,3375.0,3646.182373046875,8555.0,3121.56494140625,595.7076416015625,496.9889831542969,5077.5
2026-03-02,41.599998474121094,755.0,6770.6240234375,10655.802734375,315.2351989746094,2087.28857421875,41.400001525878906,1653.0,6730.0,2002.0,6193.73193359375,1530.0,2945.0,18950.0,4537.5,2530.0,3307.5,3536.487060546875,8530.0,3184.968505859375,567.3406372070312,498.4637451171875,5125.0
2026-03-03,39.70000076293945,710.5,6795.26220703125,10704.5927734375,305.23565673828125,2042.72021484375,39.90999984741211,1624.0,6570.0,1930.0,6320.333984375,1490.0,2947.5,18300.0,4477.5,2605.0,3232.5,3634.259033203125,8670.0,3231.46435546875,561.571044921875,501.4131774902344,5150.0
2026-03-04,40.20000076293945,738.5,6716.41943359375,10558.2216796875,298.4859924316406,2026.935546875,40.16999816894531,1618.0,6760.0,1903.0,6247.29443359375,1530.0,2927.5,18550.0,4490.0,2592.5,3342.5,3641.4130859375,8390.0,3316.00244140625,587.5341186523438,491.5815734863281,5062.5
2026-03-05,42.599998474121094,798.5,6745.98583984375,10363.0595703125,294.73614501953125,1956.3687744140625,40.25,1567.0,6760.0,1867.0,6115.82373046875,1460.0,2902.5,18150.0,4567.5,2460.0,3207.5,3560.333740234375,8280.0,3370.9521484375,591.8612670898438,491.5815734863281,5210.0
2026-03-06,44.400001525878906,851.5,6770.6240234375,10128.8662109375,306.985595703125,2004.6513671875,39.68000030517578,1595.0,6940.0,1889.0,6023.2041015625,1485.0,2907.5,18250.0,4695.0,2469.0,3247.5,3741.56982421875,8630.0,3392.086669921875,636.0946044921875,491.3358154296875,5510.0
2026-03-09,50.400001525878906,868.5,6859.32177734375,10275.236328125,305.7356262207031,1977.7244873046875,40.88999938964844,1632.0,7110.0,1881.0,6120.98388671875,1590.0,2942.5,17850.0,4705.0,2552.5,3267.5,3929.9599609375,8595.0,3453.376708984375,626.95947265625,500.9216613769531,5385.0
2026-03-10,53.20000076293945,863.5,6972.65869140625,10489.9140625,318.23504638671875,2098.4306640625,43.22999954223633,1655.0,7370.0,1975.0,6331.20849609375,1625.0,3090.0,18450.0,4842.5,2657.5,3410.0,4189.890625,8870.0,3459.717041015625,626.95947265625,511.7364501953125,5360.0
2026-03-11,51.0,876.5,7184.548828125,10577.7373046875,315.73516845703125,2143.927734375,46.11000061035156,1714.0,7400.0,2026.0,6428.98828125,1660.0,3082.5,19225.0,4900.0,2712.5,3565.0,4204.19873046875,9120.0,3563.27587890625,640.902587890625,558.9282836914062,5695.0
2026-03-12,49.099998474121094,844.0,6888.88818359375,10060.5595703125,305.9856262207031,2108.644287109375,44.150001525878906,1733.0,7240.0,2001.0,6155.20556640625,1625.0,3000.0,19200.0,4802.5,2587.5,3400.0,4204.19873046875,8970.0,3565.389404296875,620.7091064453125,566.7935791015625,5595.0
2026-03-13,50.599998474121094,791.0,6455.2529296875,9587.2939453125,303.4857482910156,2072.432373046875,42.02000045776367,1722.0,7120.0,1929.0,5935.20263671875,1515.0,2930.0,18425.0,4752.5,2421.0,3350.0,4290.04736328125,9075.0,3567.5029296875,598.1116333007812,593.83056640625,5622.5
2026-03-16,49.20000076293945,798.5,6238.4345703125,9416.5283203125,304.4856872558594,2038.07763671875,39.810001373291016,1670.0,7010.0,1885.0,5896.0908203125,1465.0,2907.5,18450.0,4717.5,2371.0,3307.5,4297.201171875,8975.0,3554.822265625,587.0532836914062,593.83056640625,5500.0
2026-03-17,48.099998474121094,800.5,6317.27734375,9553.1416015625,314.2352294921875,2131.857177734375,41.119998931884766,1683.0,6900.0,1943.0,5964.537109375,1440.0,2945.0,18950.0,4940.0,2378.0,3365.0,4254.27685546875,9350.0,3370.9521484375,605.8043823242188,592.3558349609375,5587.5
2026-03-18,46.599998474121094,811.0,6297.56689453125,9528.7451171875,315.48516845703125,2132.78564453125,40.779998779296875,1704.0,6890.0,2003.0,6023.2041015625,1480.0,2997.5,18800.0,5010.0,2396.0,3327.5,4206.58349609375,9505.0,3132.13232421875,615.4203491210938,587.9315795898438,5815.0
2026-03-19,46.099998474121094,805.0,6662.21484375,9923.9462890625,312.4853210449219,2164.35498046875,44.9900016784668,1779.0,6890.0,2119.0,6257.8740234375,1590.0,2977.5,18575.0,5085.0,2507.5,3372.5,4182.736328125,9800.0,3130.018798828125,610.6123657226562,588.914794921875,6097.5
2026-03-20,46.29999923706055,793.0,6494.673828125,9640.9638671875,313.23529052734375,2078.00341796875,44.790000915527344,1751.0,6840.0,2049.0,6169.87255859375,1545.0,2960.0,18600.0,4950.0,2385.0,3302.5,4032.501220703125,9570.0,3123.678466796875,599.0732421875,586.4568481445312,6155.0
2026-03-23,46.900001525878906,797.0,6893.8154296875,10119.1083984375,313.7352600097656,2116.072509765625,45.790000915527344,1820.0,6980.0,2157.0,6502.32177734375,1585.0,3152.5,18625.0,4895.0,2595.0,3380.0,4185.12109375,9605.0,3182.85498046875,606.7659912109375,599.2379150390625,6010.0
2026-03-25,46.400001525878906,787.5,7150.0546875,10158.1416015625,311.9853515625,2129.071533203125,46.209999084472656,1827.0,6970.0,2089.0,6443.6552734375,1575.0,3110.0,18450.0,4942.5,2665.0,3460.0,4237.583984375,9845.0,3227.237548828125,611.0931396484375,595.3148803710938,6245.0
2026-03-26,44.900001525878906,795.5,7002.12744140625,10206.931640625,310.2354431152344,2020.4359130859375,44.93000030517578,1763.0,7140.0,2042.0,6306.76416015625,1560.0,2982.5,18275.0,4910.0,2547.5,3350.0,4220.8916015625,9775.0,3227.237548828125,603.8812255859375,590.3948974609375,6310.0
2026-03-27,44.400001525878906,809.0,6868.7060546875,10084.5224609375,306.735595703125,2048.291259765625,46.779998779296875,1781.0,7110.0,2040.0,6150.31689453125,1490.0,2962.5,18150.0,4955.0,2430.0,3270.0,4278.1240234375,10130.0,3294.867919921875,636.0946044921875,579.5709838867188,6650.0
2026-03-30,48.79999923706055,881.0,7036.7177734375,10192.5361328125,308.7355041503906,2126.2861328125,50.29999923706055,1820.0,7070.0,2074.0,6233.4296875,1540.0,3080.0,18350.0,5145.0,2502.5,3257.5,4342.51025390625,10310.0,3389.97314453125,647.1529541015625,584.9829711914062,6845.0
2026-03-31,48.20000076293945,937.0,7847.12646484375,11203.9345703125,326.7346496582031,2314.7734375,52.5,1872.0,7100.0,2249.0,6736.99267578125,1595.0,3252.5,18375.0,5200.0,2795.0,3430.0,4390.2041015625,10150.0,3542.1416015625,648.5953369140625,642.0545043945312,6750.0
2026-04-01,48.70000076293945,992.5,7965.72314453125,11380.68359375,329.2345275878906,2298.060302734375,54.29999923706055,1866.0,7180.0,2303.0,6736.99267578125,1695.0,3325.0,18650.0,5170.0,2847.5,3507.5,4278.1240234375,10200.0,3580.18359375,668.788818359375,644.5145263671875,6545.0
2026-04-06,49.29999923706055,1028.0,7812.5361328125,11223.5732421875,330.9844665527344,2318.4873046875,54.29999923706055,1851.0,7290.0,2326.0,6702.7705078125,1705.0,3430.0,18675.0,5240.0,2805.0,3425.0,4344.89501953125,10240.0,3601.318115234375,687.0591430664062,661.734375,6487.5
2026-04-07,47.5,969.5,7659.349609375,10909.3525390625,325.98468017578125,2290.632080078125,52.20000076293945,1817.0,7310.0,2254.0,6570.7685546875,1680.0,3435.0,18675.0,5200.0,2735.0,3385.0,4607.21044921875,10320.0,3597.091064453125,668.5,662.226318359375,6545.0
2026-04-08,47.5,941.0,8034.904296875,11704.7236328125,336.23419189453125,2299.917236328125,51.599998474121094,1846.0,7320.0,2302.0,6839.66064453125,1765.0,3535.0,18775.0,5160.0,2910.0,3447.5,4480.82177734375,9940.0,3525.23388671875,676.0,678.9541625976562,6410.0
2026-04-09,46.79999923706055,975.5,7822.4189453125,11685.0849609375,340.9839782714844,2295.274658203125,49.75,1786.0,7290.0,2190.0,6912.99560546875,1815.0,3650.0,18675.0,5120.0,2865.0,3400.0,4301.970703125,9605.0,3423.788330078125,705.0,694.2060546875,6295.0
2026-04-10,47.29999923706055,997.0,7896.5419921875,11586.890625,337.984130859375,2284.132568359375,48.59000015258789,1777.0,7320.0,2126.0,6943.42822265625,1840.0,3585.0,18600.0,5145.0,2867.5,3385.0,4228.04541015625,9635.0,3301.208251953125,715.0,692.238037109375,6327.5
2026-04-13,47.099998474121094,1010.0,7832.3017578125,11537.7939453125,336.48419189453125,2207.06640625,49.22999954223633,1773.0,7280.0,2069.0,7002.31201171875,1775.0,3470.0,18300.0,5090.0,2770.0,3382.5,4206.58349609375,9710.0,3444.9228515625,732.5,696.1740112304688,6367.5
2026-04-14,46.599998474121094,980.5,7728.5302734375,11685.0849609375,346.4837341308594,2111.429931640625,48.619998931884766,1718.0,7290.0,1985.0,7036.66162109375,1775.0,3472.5,18275.0,4900.0,2802.5,3435.0,4056.34814453125,9305.0,3389.97314453125,721.5,721.2658081054688,6192.5
2026-04-15,46.400001525878906,966.0,7748.29638671875,11783.2783203125,317.75,2085.431640625,49.16999816894531,1672.0,7310.0,2010.0,7041.56787109375,1800.0,3380.0,18450.0,4770.0,2812.5,3412.5,4053.96337890625,9005.0,3258.939208984375,731.0,726.1857299804688,6037.5
2026-04-16,46.599998474121094,949.0,7950.89794921875,11694.9033203125,314.0,2099.359130859375,49.93000030517578,1690.0,7320.0,2018.0,6997.40576171875,1750.0,3362.5,18250.0,4795.0,2870.0,3445.0,4092.118408203125,9125.0,3360.384765625,719.5,724.7097778320312,6080.0
2026-04-17,47.599998474121094,948.5,7906.4248046875,11753.8203125,317.5,2077.074951171875,48.619998931884766,1694.0,7330.0,1978.0,6874.73046875,1745.0,3395.0,18125.0,4697.5,2860.0,3487.5,4049.194091796875,8885.0,3320.229248046875,717.0,721.2658081054688,5920.0
2026-04-20,46.70000076293945,951.0,8173.26708984375,11901.111328125,316.75,2103.0732421875,48.439998626708984,1706.0,7300.0,2084.0,6923.80029296875,1775.0,3502.5,18325.0,4797.5,2902.5,3605.0,4132.658203125,9105.0,3326.569580078125,731.5,701.5859985351562,6037.5
2026-04-21,45.900001525878906,950.5,8015.13818359375,11655.6259765625,319.5,2083.57470703125,48.84000015258789,1695.0,7330.0,2018.0,6894.35791015625,1735.0,3467.5,18150.0,4880.0,2887.5,3552.5,4173.19775390625,9145.0,3218.78369140625,718.0,682.3981323242188,6337.5
2026-04-22,46.5,962.5,7595.109375,11292.30859375,320.25,2042.72021484375,49.15999984741211,1655.0,7350.0,1950.0,6683.35595703125,1730.0,3465.0,18500.0,4862.5,2810.0,3560.0,4146.96630859375,9095.0,3216.670166015625,713.0,672.5582275390625,6357.5
2026-04-23,45.099998474121094,980.5,7071.30908203125,10860.2548828125,315.5,1997.2232666015625,47.20000076293945,1619.0,7320.0,1871.0,6295.7021484375,1680.0,3312.5,18275.0,4905.0,2640.0,3425.0,4065.886962890625,9055.0,3216.670166015625,701.0,655.8303833007812,6395.0
2026-04-24,45.70000076293945,994.0,7120.72412109375,10919.171875,312.25,2022.29296875,47.83000183105469,1661.0,7300.0,1905.0,6344.77197265625,1735.0,3337.5,18800.0,4837.5,2682.5,3385.0,4027.73193359375,9050.0,3225.1240234375,697.0,657.8298950195312,6425.0
2026-04-27,46.0,999.5,7268.96923828125,11086.1005859375,318.0,2021.364501953125,47.54999923706055,1711.0,7260.0,1894.0,6398.74951171875,1805.0,3302.5,19175.0,4902.5,2685.0,3422.5,4025.34716796875,9245.0,3072.95556640625,695.0,655.8602905273438,6510.0
2026-04-28,44.29999923706055,977.5,7367.7998046875,11164.65625,310.0,2059.433349609375,47.02000045776367,1702.0,7240.0,1900.0,6398.74951171875,1815.0,3365.0,19175.0,4935.0,2682.5,3350.0,3856.03466796875,9160.0,3091.976806640625,693.0,649.95166015625,6532.5
2026-04-29,44.099998474121094,986.0,7036.7177734375,10752.2421875,302.25,1997.2232666015625,46.189998626708984,1679.0,7340.0,1890.0,6261.3525390625,1805.0,3265.0,19075.0,4957.5,2547.5,3622.5,3846.495849609375,9205.0,3284.300537109375,672.0,628.7789916992188,6702.5
2026-04-30,43.599998474121094,970.0,7096.01611328125,10693.3251953125,307.5,1986.0811767578125,45.349998474121094,1694.0,7350.0,1884.0,6104.32861328125,1740.0,3325.0,19150.0,4972.5,2476.0,3595.0,3803.571533203125,9165.0,3280.07373046875,673.5,624.8399047851562,6765.0
2026-05-01,43.599998474121094,970.0,7096.01611328125,10693.3251953125,307.5,1986.0811767578125,45.349998474121094,1694.0,7350.0,1884.0,6104.32861328125,1740.0,3325.0,19150.0,4972.5,2476.0,3595.0,3803.571533203125,9165.0,3280.07373046875,673.5,624.8399047851562,6765.0
2026-05-04,42.900001525878906,935.0,6853.8818359375,10163.078125,307.0,1995.3662109375,44.119998931884766,1655.0,7290.0,1826.0,5962.0244140625,1705.0,3130.0,18500.0,4815.0,2384.0,3510.0,3648.567138671875,9020.0,3284.300537109375,669.5,613.0225830078125,6647.5
2026-05-05,44.70000076293945,910.0,7115.78173828125,10182.716796875,303.25,1966.5823974609375,43.63999938964844,1657.0,7270.0,1820.0,5995.30078125,1720.0,3335.0,18225.0,4702.5,2419.0,3447.5,3808.341064453125,8825.0,3430.128662109375,668.5,619.4236450195312,6522.5
2026-05-06,45.599998474121094,918.0,7619.81689453125,11233.392578125,308.75,2108.644287109375,46.369998931884766,1708.0,7350.0,1891.0,6359.10546875,1765.0,3475.0,18600.0,4925.0,2592.5,3667.5,4139.81201171875,9360.0,3575.956787109375,700.5,646.5049438476562,6420.0
2026-05-07,44.400001525878906,908.5,7540.75244140625,10899.533203125,307.0,2013.0079345703125,44.68000030517578,1664.0,7320.0,1831.0,6319.236328125,1765.0,3322.5,18450.0,4867.5,2547.5,3555.0,4082.57958984375,9095.0,3573.84326171875,676.5,678.5101928710938,6357.5
2026-05-08,43.20000076293945,910.5,7288.7353515625,10673.6865234375,302.25,1955.4403076171875,43.09000015258789,1654.0,7450.0,1754.0,6164.744140625,1685.0,3270.0,18200.0,4702.5,2399.0,3507.5,3887.03564453125,8795.0,3428.01513671875,667.0,684.4187622070312,6282.5
2026-05-11,42.0,920.0,7585.22607421875,10948.62890625,297.5,2003.7227783203125,42.349998474121094,1656.0,7330.0,1813.0,6408.94189453125,1640.0,3265.0,18225.0,4832.5,2443.0,3427.5,3858.41943359375,9010.0,3284.300537109375,652.0,661.2765502929688,6642.5
2026-05-12,40.400001525878906,926.5,7278.85205078125,10644.228515625,296.0,1977.7244873046875,44.630001068115234,1600.0,7370.0,1789.0,6214.580078125,1580.0,3145.0,18475.0,4875.0,2322.0,3440.0,3774.955322265625,8875.0,3265.279541015625,636.5,658.8146362304688,6647.5
2026-05-13,40.0,945.0,7031.7763671875,10379.103515625,287.75,1955.4403076171875,43.09000015258789,1575.0,7400.0,1720.0,6174.7109375,1530.0,3115.0,17850.0,4732.5,2276.0,3517.5,3667.64453125,8755.0,3165.947509765625,625.5,672.109130859375,6452.5
2026-05-14,38.29999923706055,944.5,7194.84619140625,10447.8408203125,280.0,1964.7254638671875,43.16999816894531,1584.0,7580.0,1735.0,6164.744140625,1490.0,3162.5,17800.0,4732.5,2319.0,3660.0,3653.33642578125,8805.0,3123.678466796875,612.0,682.4492797851562,6530.0
2026-05-15,37.5,940.5,6982.361328125,10359.46484375,272.25,1902.5152587890625,42.52000045776367,1567.0,7580.0,1667.0,6040.15380859375,1550.0,3105.0,17225.0,4720.0,2244.0,3505.0,3476.869873046875,8750.0,3083.52294921875,615.0,675.0634765625,6500.0
2026-05-18,38.0,910.5,7199.78759765625,10623.2548828125,276.5,1972.1534423828125,44.5,1623.0,7500.0,1772.0,6264.41650390625,1545.0,3242.5,17025.0,4890.0,2330.0,3550.0,3715.33837890625,9100.0,3220.897216796875,621.0,672.6015014648438,7040.0
2026-05-19,41.400001525878906,909.5,6883.53125,10178.146484375,279.5,1935.941650390625,43.25,1564.0,7590.0,1737.0,5945.46435546875,1560.0,3130.0,16475.0,4902.5,2211.0,3462.5,3815.4951171875,9015.0,3309.662109375,612.0,674.0786743164062,7127.5
2026-05-20,40.79999923706055,915.0,7278.85205078125,10593.5810546875,278.0,1925.72802734375,44.099998474121094,1611.0,7590.0,1805.0,6214.580078125,1515.0,3207.5,16225.0,4752.5,2305.0,3490.0,3801.18701171875,8515.0,3273.7333984375,618.5,679.4949340820312,6980.0
2026-05-21,40.5,928.0,7896.5419921875,11483.7978515625,276.5,1988.86669921875,44.75,1642.0,7590.0,1840.0,6468.74462890625,1575.0,3350.0,16275.0,4837.5,2443.0,3530.0,3834.572509765625,8845.0,3229.350830078125,637.5,676.0482177734375,7085.0
2026-05-22,43.79999923706055,938.5,7506.16162109375,11157.3857421875,285.25,1928.5135498046875,43.70000076293945,1646.0,7550.0,1802.0,6433.85986328125,1565.0,3277.5,16350.0,4782.5,2356.0,3492.5,3767.80126953125,8685.0,3288.527587890625,634.0,666.200439453125,7102.5
2026-05-25,43.79999923706055,938.5,7506.16162109375,11157.3857421875,285.25,1928.5135498046875,43.70000076293945,1646.0,7550.0,1802.0,6433.85986328125,1565.0,3277.5,16350.0,4782.5,2356.0,3492.5,3767.80126953125,8685.0,3288.527587890625,634.0,666.200439453125,7102.5
2026-05-26,46.29999923706055,967.0,8123.8515625,11691.515625,287.25,2000.937255859375,44.310001373291016,1681.0,7990.0,1818.0,6772.74609375,1630.0,3417.5,16375.0,4790.0,2499.0,3790.0,3736.800537109375,8685.0,3237.8046875,648.0,668.1700439453125,7210.0
2026-05-27,46.29999923706055,994.5,8524.11328125,12552.05859375,291.5,2137.42822265625,48.040000915527344,1752.0,8300.0,1965.0,7121.599609375,1700.0,3570.0,17075.0,4957.5,2740.0,4155.0,3832.187744140625,9035.0,3284.300537109375,677.0,668.6624145507812,7662.5
2026-05-28,44.900001525878906,1005.0,8637.76953125,12908.1455078125,292.75,2094.716796875,47.09000015258789,1769.0,8350.0,1977.0,7211.30517578125,1695.0,3505.0,16775.0,4987.5,2762.5,4100.0,3891.804931640625,9130.0,3351.930908203125,670.5,649.95166015625,7707.5
2026-05-29,46.099998474121094,1019.0,8958.9677734375,13343.3623046875,297.0,2187.567626953125,49.36000061035156,1770.0,9010.0,2062.0,7470.45361328125,1770.0,3592.5,16950.0,5080.0,2880.0,4327.5,4022.962646484375,9135.0,3381.519287109375,692.5,646.0125732421875,7835.0
2026-06-01,47.0,1030.0,9245.5751953125,13501.623046875,301.25,2223.779541015625,50.20000076293945,1809.0,9220.0,2110.0,7614.978515625,1800.0,3662.5,17200.0,5240.0,2957.5,4335.0,4120.734375,9425.0,3461.830322265625,688.5,665.7080688476562,8155.0
2026-06-02,43.5,1000.0,9339.4638671875,13319.2802734375,293.0,2198.709716796875,49.47999954223633,1748.0,8890.0,2072.0,7560.15869140625,1805.0,3505.0,17075.0,5185.0,3012.5,4172.5,4025.34716796875,9470.0,3244.14501953125,691.0,651.4288330078125,8327.5
2026-06-03,43.70000076293945,1015.0,8924.376953125,12981.0751953125,293.0,2143.927734375,47.90999984741211,1701.0,8710.0,2027.0,7325.92822265625,1760.0,3452.5,16925.0,5115.0,2902.5,4052.5,3932.344482421875,9205.0,3256.82568359375,677.5,646.997314453125,8305.0
2026-06-04,43.400001525878906,1009.0,8884.84375,13130.283203125,293.5,2114.21533203125,47.310001373291016,1713.0,8840.0,2025.0,7315.9609375,1760.0,3457.5,17000.0,5135.0,2902.5,4015.0,3867.9580078125,9245.0,3347.7041015625,699.5,639.6115112304688,8385.0
2026-06-05,41.79999923706055,976.0,8662.4765625,12752.2900390625,286.25,2066.861328125,44.5099983215332,1656.0,8890.0,1976.0,7181.40380859375,1715.0,3347.5,16425.0,4940.0,2845.0,3990.0,3710.56884765625,8935.0,3311.775390625,684.0,622.870361328125,8107.5
2026-06-08,42.20000076293945,997.5,8754.33203125,12712.501953125,283.25,2070.575439453125,44.13999938964844,1703.0,8960.0,1975.0,7315.9609375,1730.0,3337.5,16875.0,5020.0,2850.0,4042.5,3839.341796875,9010.0,3311.775390625,688.0,615.9769287109375,8195.0
2026-06-09,42.099998474121094,1008.0,9037.2099609375,13279.4912109375,285.0,2091.002685546875,43.88999938964844,1729.0,9100.0,1979.0,7520.28955078125,1780.0,3522.5,16725.0,5030.0,2965.0,4285.0,3844.111328125,9035.0,3265.279541015625,682.0,615.4845581054688,8132.5
2026-06-10,41.5,1016.0,8868.4755859375,13090.494140625,286.25,2121.6435546875,43.95000076293945,1761.0,9080.0,1969.0,7460.486328125,1745.0,3422.5,16725.0,5035.0,2922.5,4280.0,3965.730224609375,9290.0,3275.846923828125,684.0,616.961669921875,8212.5
2026-06-11,43.400001525878906,1027.0,9955.3232421875,14493.0478515625,303.25,2223.779541015625,46.060001373291016,1890.0,9610.0,2137.0,8242.9150390625,1820.0,3750.0,17275.0,5305.0,3242.5,4755.0,4073.041015625,9900.0,3299.0947265625,700.5,625.3323364257812,8370.0
2026-06-12,44.099998474121094,1029.0,10243.1640625,14731.7802734375,304.75,2201.495361328125,44.97999954223633,1844.0,9570.0,2076.0,8183.11181640625,1820.0,3737.5,17150.0,5290.0,3267.5,4555.0,4087.34912109375,9890.0,3377.29248046875,699.5,622.870361328125,8340.0
2026-06-15,44.099998474121094,1029.0,10243.1640625,14731.7802734375,304.75,2201.495361328125,44.97999954223633,1844.0,9570.0,2076.0,8183.11181640625,1820.0,3737.5,17150.0,5290.0,3267.5,4555.0,4087.34912109375,9890.0,3377.29248046875,699.5,622.870361328125,8340.0
2026-06-16,42.900001525878906,985.0,10153.833984375,14423.4169921875,304.25,2202.423828125,43.880001068115234,1804.0,9460.0,2048.0,8133.275390625,1820.0,3607.5,16950.0,5110.0,3267.5,4397.5,3906.113037109375,9405.0,3316.00244140625,684.0,625.0958251953125,7675.0
2026-06-17,43.099998474121094,1001.0,10491.302734375,14711.8857421875,313.75,2203.352294921875,45.02000045776367,1755.0,9690.0,2061.0,8337.603515625,1825.0,3575.0,16850.0,5155.0,3355.0,4375.0,3851.265380859375,9550.0,3290.640869140625,679.0,624.1060180664062,7667.5
2026-06-18,43.0,1010.0,10967.728515625,15278.875,324.5,2192.210205078125,45.79999923706055,1747.0,9510.0,2103.0,8472.1630859375,1780.0,3582.5,16825.0,5220.0,3457.5,4197.5,3910.88232421875,9520.0,3261.052734375,680.5,630.5400390625,7612.5
2026-06-19,42.599998474121094,1000.0,10511.1533203125,14572.625,317.75,2221.92236328125,45.459999084472656,1804.0,9450.0,2072.0,8232.9482421875,1755.0,3552.5,16850.0,5190.0,3332.5,4165.0,3941.88330078125,9730.0,3265.279541015625,674.5,629.0552978515625,7642.5
2026-06-22,42.099998474121094,1006.0,10610.4091796875,14841.19921875,317.5,2207.994873046875,44.599998474121094,1761.0,9340.0,2038.0,8138.25927734375,1725.0,3627.5,16400.0,5170.0,3177.5,4057.5,3918.036376953125,9665.0,3261.052734375,662.5,641.4285278320312,7550.0
2026-06-23,41.20000076293945,1033.0,10451.6005859375,14552.73046875,318.5,2177.35400390625,44.2400016784668,1776.0,9240.0,1975.0,7933.9306640625,1660.0,3790.0,16425.0,5120.0,3142.5,4025.0,3891.804931640625,9460.0,3203.989501953125,681.0,644.8930053710938,7470.0
2026-06-24,41.0,1027.0,9751.849609375,13906.1640625,308.0,2048.291259765625,42.02000045776367,1746.0,9190.0,1877.0,7600.0283203125,1595.0,3577.5,16075.0,4967.5,2932.5,3952.5,3810.7255859375,9130.0,3083.52294921875,666.5,630.5400390625,7080.0
2026-06-25,39.900001525878906,990.0,9672.4443359375,13866.375,301.25,2064.075927734375,41.02000045776367,1704.0,9210.0,1894.0,7580.09326171875,1600.0,3547.5,16050.0,4960.0,2917.5,3950.0,3739.18505859375,9120.0,3108.88427734375,672.5,633.5096435546875,7075.0
2026-06-26,40.599998474121094,991.0,9791.5517578125,14035.4775390625,305.5,2111.429931640625,41.380001068115234,1728.0,9200.0,1891.0,7689.73291015625,1585.0,3555.0,16075.0,4972.5,2957.5,3957.5,3801.18701171875,9220.0,3165.947509765625,683.5,640.9335327148438,7005.0
2026-06-29,40.70000076293945,982.5,10114.1318359375,14333.892578125,306.0,2172.71142578125,42.31999969482422,1739.0,9350.0,1998.0,7859.17578125,1600.0,3610.0,16075.0,5085.0,3045.0,4052.5,3870.3427734375,9305.0,3187.08203125,677.0,646.8727416992188,7057.5
2026-06-30,40.5,981.0,10094.2802734375,14333.892578125,310.0,2142.070556640625,41.91999816894531,1756.0,9380.0,1953.0,7764.4873046875,1575.0,3607.5,16225.0,5120.0,3010.0,4045.0,3813.1103515625,9250.0,3142.699462890625,662.5,648.3575439453125,7112.5
2026-07-01,41.29999923706055,983.0,10101.796875,13936.0048828125,304.25,2109.57275390625,41.40999984741211,1711.0,9480.0,1908.0,7659.8310546875,1540.0,3537.5,16350.0,5040.0,2930.0,3967.5,3729.646484375,9015.0,3113.111328125,664.5,643.631103515625,7030.0
2026-07-02,41.70000076293945,991.0,10201.419921875,14144.896484375,302.25,2142.070556640625,41.7599983215332,1736.0,9470.0,1928.0,7884.0947265625,1540.0,3685.0,16825.0,5090.0,3027.5,3970.0,3732.031005859375,8970.0,3068.728759765625,663.5,648.107666015625,7007.5
2026-07-03,41.20000076293945,993.0,10330.9296875,14443.3115234375,309.25,2156.9267578125,42.279998779296875,1765.0,9470.0,1956.0,7943.89794921875,1510.0,3672.5,17300.0,5135.0,3050.0,3990.0,3791.648193359375,9195.0,3077.1826171875,664.0,651.092041015625,7157.5
2026-07-06,41.400001525878906,993.0,10839.0087890625,14920.0,315.75,2167.140380859375,44.04999923706055,1751.0,9410.0,2001.0,8301.3984375,1565.0,3687.5,17375.0,5150.0,3170.0,4097.5,3789.263427734375,9365.0,3142.699462890625,681.5,651.5894775390625,7265.0
2026-07-07,40.70000076293945,990.0,10530.1767578125,14430.0,306.25,2162.497802734375,44.20000076293945,1686.0,9390.0,1933.0,8027.0126953125,1560.0,3540.0,17300.0,5180.0,3085.0,4080.0,3796.41748046875,9330.0,3144.81298828125,674.5,650.5946655273438,7442.5
2026-07-08,40.20000076293945,968.5,10161.5703125,14250.0,309.75,2149.498779296875,45.41999816894531,1668.0,9440.0,1934.0,7862.38134765625,1555.0,3497.5,17200.0,5205.0,3007.5,4120.0,3796.41748046875,9310.0,3113.111328125,664.5,650.0972900390625,7577.5
2026-07-09,40.20000076293945,968.5,10161.5703125,14250.0,309.75,2149.498779296875,45.41999816894531,1668.0,9440.0,1934.0,7862.38134765625,1555.0,3497.5,17200.0,5205.0,3007.5,4120.0,3796.41748046875,9310.0,3113.111328125,664.5,650.0972900390625,7577.5
2026-07-10,40.400001525878906,975.5,10958.556640625,14800.0,314.0,2224.7080078125,45.90999984741211,1704.0,9480.0,1986.0,8316.3642578125,1580.0,3582.5,17250.0,5180.0,3085.0,4245.0,3839.341796875,9595.0,3123.678466796875,671.0,667.5061645507812,7440.0
2026-07-13,40.0,964.5,10410.62890625,14280.0,308.25,2153.212890625,44.779998779296875,1682.0,9480.0,1946.0,8061.93408203125,1545.0,3497.5,17000.0,5225.0,3002.5,4250.0,3794.032958984375,9570.0,3091.976806640625,664.5,655.568603515625,7717.5
2026-07-14,39.900001525878906,949.0,10340.892578125,14300.0,301.0,2160.640869140625,45.75,1698.0,9450.0,1969.0,7892.31494140625,1520.0,3532.5,16750.0,5230.0,3017.5,4332.5,3851.265380859375,9710.0,3100.430419921875,662.0,649.599853515625,7777.5
2026-07-15,39.70000076293945,959.5,10639.76171875,14930.0,304.0,2176.425537109375,45.630001068115234,1723.0,9400.0,2007.0,8186.654296875,1515.0,3612.5,16975.0,5240.0,3202.5,4315.0,3817.879638671875,9750.0,3098.317138671875,671.0,649.1024780273438,7855.0
2026-07-16,39.29999923706055,940.0,10161.5703125,14200.0,301.5,2098.4306640625,44.459999084472656,1710.0,9390.0,1930.0,7847.41552734375,1500.0,3557.5,16750.0,5110.0,3032.5,4180.0,3734.415771484375,9385.0,3032.800048828125,662.0,639.6519165039062,7607.5
2026-07-17,39.900001525878906,949.5,10201.419921875,14190.0,297.75,2102.144775390625,43.84000015258789,1701.0,9290.0,1944.0,7842.42626953125,1550.0,3522.5,16875.0,5170.0,3040.0,4150.0,3751.108642578125,9370.0,3079.296142578125,664.0,637.662353515625,7790.0
2026-07-20,39.599998474121094,959.5,10211.3818359375,14310.0,293.75,2125.357421875,42.95000076293945,1698.0,9280.0,1978.0,7827.4599609375,1545.0,3572.5,17125.0,5270.0,3025.0,4145.0,3801.18701171875,9500.0,3083.52294921875,670.5,636.6675415039062,7920.0
2026-07-21,40.29999923706055,973.0,10370.779296875,14500.0,292.25,2172.71142578125,42.869998931884766,1759.0,9280.0,2089.0,7947.19140625,1585.0,3605.0,16775.0,5475.0,3042.5,4255.0,3889.420166015625,9710.0,3072.95556640625,679.0,636.170166015625,8062.5
2026-07-22,39.79999923706055,974.0,10789.197265625,15280.0,295.5,2238.6357421875,43.13999938964844,1835.0,9260.0,2140.0,8256.498046875,1675.0,3810.0,16925.0,5625.0,3185.0,4420.0,4003.885009765625,9905.0,3085.636474609375,668.0,636.6675415039062,8250.0
2026-07-23,39.400001525878906,982.5,10012.1357421875,14550.0,292.5,2246.9921875,42.529998779296875,1779.0,9260.0,2113.0,7927.236328125,1660.0,3765.0,16725.0,5630.0,3077.5,4325.0,4034.885986328125,9995.0,3064.501953125,680.0,634.1806030273438,8247.5
2026-07-24,39.599998474121094,972.0,9992.2109375,14310.0,300.5,2195.92431640625,42.40999984741211,1776.0,9250.0,2071.0,7872.359375,1640.0,3610.0,16525.0,5515.0,3072.5,4380.0,3977.653564453125,9765.0,3083.52294921875,674.0,631.693603515625,8200.0
2026-07-27,39.29999923706055,984.5,10141.6455078125,14740.0,302.75,2212.637451171875,42.459999084472656,1844.0,9340.0,2090.0,7942.20263671875,1620.0,3707.5,16825.0,5475.0,3135.0,4490.0,3932.344482421875,9710.0,3098.317138671875,674.0,629.2066040039062,8122.5
2026-07-28,38.900001525878906,988.0,9992.2109375,14500.0,300.25,2168.06884765625,42.52000045776367,1818.0,9340.0,2023.0,7837.4375,1575.0,3645.0,16525.0,5450.0,3060.0,4335.0,3827.41845703125,9465.0,3058.16162109375,669.0,620.7508544921875,7952.5
2026-07-29,38.599998474121094,973.0,9922.474609375,14370.0,298.0,2127.214599609375,42.63999938964844,1804.0,9360.0,2033.0,7777.5712890625,1590.0,3672.5,16550.0,5370.0,2982.5,4290.0,3767.80126953125,9510.0,3039.140380859375,658.0,618.7612915039062,7977.5
2026-07-30,38.400001525878906,979.5,10221.3447265625,14700.0,297.0,2232.135986328125,44.900001525878906,1806.0,9340.0,2113.0,7997.07958984375,1635.0,3685.0,16675.0,5535.0,3117.5,4315.0,3772.57080078125,9810.0,2979.9638671875,648.0,619.2586669921875,8132.5
2026-07-31,38.099998474121094,977.5,9927.4560546875,14470.0,295.5,2224.7080078125,44.029998779296875,1766.0,9430.0,2121.0,7872.359375,1630.0,3620.0,16350.0,5555.0,2995.0,4407.5,3805.956298828125,10050.0,2963.056396484375,659.5,620.7508544921875,8290.0
2026-08-03,37.79999923706055,966.5,9975.0,14610.0,292.5,2200.566650390625,43.189998626708984,1770.0,9430.0,2082.0,7960.5556640625,1590.0,3587.5,1640.0,5500.0,2967.5,4385.0,3794.032958984375,9890.0,2998.98486328125,654.5,621.0,8105.0
2026-08-04,37.70000076293945,933.0,9600.0,14460.0,291.5,2133.714111328125,41.900001525878906,1727.0,9390.0,2000.0,7730.828125,1570.0,3477.5,1640.0,5360.0,2860.0,4335.0,3689.106689453125,9430.0,3032.800048828125,644.5,615.5,7840.0
2026-08-05,37.099998474121094,940.0,9360.0,14130.0,288.5,2101.21630859375,41.45000076293945,1740.0,9440.0,2026.0,7630.94677734375,1560.0,3497.5,1620.0,5310.0,2825.0,4335.0,3605.642822265625,9245.0,3077.1826171875,681.0,614.5,7685.0
2026-08-06,37.20000076293945,936.0,9130.0,13620.0,289.5,2021.364501953125,41.18000030517578,1698.0,9430.0,1954.0,7366.2607421875,1540.0,3380.0,1625.0,5185.0,2737.5,4342.5,3636.643798828125,9205.0,3094.090087890625,679.5,606.0,7835.0
2026-08-07,36.900001525878906,934.5,8950.0,13270.0,291.0,2050.148193359375,41.310001373291016,1718.0,9480.0,1923.0,7306.33154296875,1550.0,3265.0,1630.0,5205.0,2692.5,4380.0,3648.567138671875,9135.0,3089.86328125,715.5,600.5,7775.0
2026-08-10,36.5,951.5,9085.0,13390.0,286.75,2031.578125,42.88999938964844,1704.0,9470.0,1910.0,7351.2783203125,1540.0,3260.0,1690.0,5240.0,2690.0,4520.0,3729.646484375,9330.0,3049.707763671875,754.5,597.0,8065.0
2026-08-11,36.0,949.5,8690.0,12740.0,279.75,1965.6539306640625,41.22999954223633,1667.0,9480.0,1836.0,7026.66357421875,1535.0,3127.5,1670.0,5080.0,2660.0,4262.5,3577.026611328125,8885.0,2963.056396484375,765.5,588.5,7790.0
2026-08-12,36.79999923706055,931.0,8430.0,12620.0,276.25,1948.9407958984375,40.880001068115234,1694.0,9450.0,1806.0,7011.68115234375,1495.0,3062.5,1630.0,5050.0,2632.5,4270.0,3515.0,8920.0,2963.056396484375,750.0,582.0,7770.0
2026-08-13,36.29999923706055,910.0,8465.0,12730.0,273.75,1949.8692626953125,40.97999954223633,1676.0,9390.0,1893.0,7086.59228515625,1510.0,2980.0,1625.0,5000.0,2677.5,4255.0,3495.0,8880.0,2933.468017578125,740.0,583.0,7815.0
2026-08-14,37.0,898.0,8100.0,12240.0,265.75,1923.8709716796875,40.04999923706055,1666.0,9390.0,1829.0,6841.8828125,1495.0,2957.5,1625.0,4990.0,2562.5,4187.5,3345.0,8870.0,2886.97216796875,728.0,580.5,7860.0
2026-08-17,37.0,898.0,8100.0,12240.0,265.75,1923.8709716796875,40.04999923706055,1666.0,9390.0,1829.0,6841.8828125,1495.0,2957.5,1625.0,4990.0,2562.5,4187.5,3345.0,8870.0,2886.97216796875,728.0,580.5,7860.0
2026-08-18,35.79999923706055,869.5,7835.0,11950.0,259.0,1886.7305908203125,39.2599983215332,1629.0,9300.0,1762.0,6642.11962890625,1420.0,2902.5,1635.0,4955.0,2451.0,4100.0,3187.5,8725.0,2728.46337890625,695.0,557.5,7990.0
2026-08-19,35.099998474121094,864.5,7630.0,11800.0,253.75,1878.3740234375,40.7599983215332,1714.0,9380.0,1747.0,6542.23828125,1460.0,2955.0,1625.0,5005.0,2409.0,4185.0,3147.5,8765.0,2753.82470703125,681.0,555.5,7905.0
2026-08-20,34.900001525878906,857.0,7440.0,11530.0,249.5,1885.8021240234375,39.84000015258789,1734.0,9400.0,1757.0,6507.27978515625,1435.0,2947.5,1610.0,5030.0,2429.0,4160.0,3267.5,8970.0,2789.75341796875,672.5,564.5,8045.0
2026-08-21,34.70000076293945,870.5,7490.0,11650.0,254.75,1922.9425048828125,40.84000015258789,1769.0,9340.0,1775.0,6612.1552734375,1445.0,2965.0,1640.0,5055.0,2507.5,4185.0,3327.5,8935.0,2745.37109375,697.0,569.0,8150.0
2026-08-24,34.79999923706055,874.5,7875.0,12280.0,263.25,1980.5101318359375,41.04999923706055,1791.0,9290.0,1864.0,6941.76416015625,1505.0,3087.5,1730.0,5150.0,2715.0,4327.5,3427.5,9095.0,2815.11474609375,691.5,575.5,8175.0
2026-08-25,35.29999923706055,873.0,7880.0,12430.0,270.5,2009.2938232421875,40.83000183105469,1800.0,9400.0,1893.0,7066.6162109375,1465.0,3120.0,1730.0,5085.0,2800.0,4307.5,3520.0,9100.0,2958.829345703125,695.0,580.5,8010.0
2026-08-26,35.099998474121094,854.5,7985.0,12510.0,270.5,2034.3636474609375,41.959999084472656,1791.0,9470.0,1894.0,7036.65185546875,1455.0,3125.0,1760.0,5170.0,2827.5,4285.0,3502.5,9055.0,3102.5439453125,692.0,576.0,8065.0
2026-08-27,34.79999923706055,849.0,7795.0,12250.0,267.25,2011.15087890625,41.540000915527344,1791.0,9370.0,1886.0,6871.84716796875,1475.0,3102.5,1805.0,5215.0,2715.0,4170.0,3427.5,9105.0,3165.947509765625,690.0,573.0,8120.0
2026-08-28,38.5,835.5,7805.0,12260.0,262.0,1987.9381103515625,40.95000076293945,1768.0,9440.0,1866.0,6801.93017578125,1445.0,3140.0,1795.0,5175.0,2692.5,4197.5,3290.0,9010.0,3170.17431640625,687.5,572.5,8070.0
2026-08-31,39.79999923706055,840.0,8125.0,12610.0,261.5,2006.50830078125,41.209999084472656,1841.0,9420.0,1888.0,7006.68701171875,1455.0,3235.0,1790.0,5240.0,2780.0,4270.0,3285.0,9210.0,3149.039794921875,674.0,564.0,8255.0
2026-09-01,40.20000076293945,848.5,8045.0,12500.0,263.5,2056.647705078125,40.900001525878906,1854.0,9390.0,1887.0,7051.6337890625,1460.0,3235.0,1770.0,5360.0,2802.5,4170.0,3130.0,9260.0,2998.98486328125,668.0,547.0,8355.0
2026-09-02,40.79999923706055,849.5,8065.0,12580.0,265.5,2107.7158203125,41.7400016784668,1933.0,9450.0,1968.0,7161.50341796875,1475.0,3305.0,1810.0,5485.0,2842.5,4227.5,3255.0,9450.0,3117.338134765625,671.0,555.5,8590.0
2026-09-03,39.599998474121094,847.5,7955.0,12600.0,264.5,2069.64697265625,40.97999954223633,1876.0,9360.0,1946.0,7066.6162109375,1460.0,3230.0,1845.0,5385.0,2790.0,4130.0,3185.0,9165.0,3102.5,674.0,557.5,8325.0
2026-09-04,39.099998474121094,845.0,7835.0,12480.0,263.75,2061.290283203125,41.15999984741211,1905.0,9450.0,1938.0,6996.69921875,1450.0,3255.0,1920.0,5365.0,2762.5,4112.5,3202.5,9160.0,3067.5,690.5,544.0,8355.0
2026-09-07,38.400001525878906,845.0,7740.0,12200.0,261.0,2051.07666015625,40.63999938964844,1881.0,9440.0,1930.0,6935.0,1475.0,3295.0,1895.0,5380.0,2725.0,4177.5,3217.5,9070.0,3112.5,699.5,542.0,8375.0
2026-09-08,38.29999923706055,856.0,7925.0,12480.0,262.0,2076.146484375,41.52000045776367,1918.0,9390.0,1958.0,7015.0,1490.0,3217.5,1875.0,5485.0,2777.5,4170.0,3260.0,9410.0,3115.0,700.5,540.5,8465.0
2026-09-09,38.70000076293945,888.5,8065.0,12600.0,264.0,2083.57470703125,41.13999938964844,1892.0,9330.0,1972.0,7085.0,1485.0,3235.0,1920.0,5485.0,2785.0,4145.0,3235.0,9500.0,3115.0,700.0,547.5,8770.0
2026-09-10,38.20000076293945,880.0,8195.0,12640.0,267.0,2141.14208984375,40.790000915527344,2011.0,9400.0,1996.0,7145.0,1460.0,3212.5,1940.0,5655.0,2797.5,4325.0,3250.0,9845.0,3140.0,676.0,540.5,9000.0
2026-09-11,38.099998474121094,871.5,7935.0,12420.0,270.0,2091.93115234375,40.880001068115234,1946.0,9360.0,1954.0,7000.0,1470.0,3120.0,1955.0,5525.0,2712.5,4237.5,3262.5,9515.0,3215.0,668.0,535.5,8835.0
2026-09-14,38.599998474121094,883.0,7875.0,12310.0,269.75,2063.1474609375,41.529998779296875,1929.0,9440.0,1935.0,6840.0,1485.0,3050.0,1895.0,5535.0,2677.5,4402.5,3230.0,9450.0,3180.0,664.5,523.0,8965.0
2026-09-15,38.29999923706055,872.0,7755.0,12140.0,268.75,2052.933837890625,41.34000015258789,1890.0,9460.0,1908.0,6725.0,1460.0,3080.0,1850.0,5540.0,2640.0,4465.0,3295.0,9440.0,3162.5,670.0,529.0,9180.0
2026-09-16,38.70000076293945,850.0,7710.0,12100.0,261.25,2025.0784912109375,40.5099983215332,1914.0,9450.0,1890.0,6760.0,1445.0,3050.0,1845.0,5375.0,2655.0,4390.0,3337.5,9300.0,3065.0,667.5,528.5,8730.0
2026-09-17,38.5,861.0,7815.0,12280.0,267.5,2130.0,40.7599983215332,2034.0,9550.0,1916.0,6800.0,1440.0,3062.5,1830.0,5335.0,2667.5,4497.5,3525.0,9305.0,3112.5,669.5,547.5,8690.0
2026-09-18,38.0,856.5,7610.0,12060.0,262.0,2078.0,40.470001220703125,2033.0,9570.0,1881.0,6685.0,1430.0,3045.0,1775.0,5215.0,2585.0,4392.5,3532.5,9055.0,3162.5,662.0,547.0,8760.0
2026-09-21,37.0,856.0,7595.0,12040.0,260.0,2028.0,40.09000015258789,2020.0,9530.0,1880.0,6665.0,1405.0,3080.0,1775.0,5185.0,2567.5,4510.0,3637.5,8890.0,3140.0,663.5,548.5,8495.0
2026-09-22,36.29999923706055,850.0,7585.0,11980.0,261.0,2038.0,40.08000183105469,1999.0,9540.0,1875.0,6640.0,1385.0,3065.0,1795.0,5180.0,2552.5,4555.0,3740.0,8900.0,3115.0,661.0,544.5,8530.0
